/*
 Navicat Premium Data Transfer

 Source Server         : localhost_3306_1
 Source Server Type    : MySQL
 Source Server Version : 50744 (5.7.44-log)
 Source Host           : localhost:3306
 Source Schema         : ry-vue

 Target Server Type    : MySQL
 Target Server Version : 50744 (5.7.44-log)
 File Encoding         : 65001

 Date: 16/11/2025 10:17:26
*/

SET NAMES utf8mb4;
SET FOREIGN_KEY_CHECKS = 0;

-- ----------------------------
-- Table structure for daming_content_info
-- ----------------------------
DROP TABLE IF EXISTS `daming_content_info`;
CREATE TABLE `daming_content_info`  (
  `id` int(11) NOT NULL AUTO_INCREMENT,
  `content` text CHARACTER SET utf8mb4 COLLATE utf8mb4_general_ci NOT NULL,
  `create_time` datetime NULL DEFAULT CURRENT_TIMESTAMP,
  PRIMARY KEY (`id`) USING BTREE
) ENGINE = InnoDB AUTO_INCREMENT = 169 CHARACTER SET = utf8mb4 COLLATE = utf8mb4_general_ci ROW_FORMAT = Dynamic;

-- ----------------------------
-- Records of daming_content_info
-- ----------------------------
INSERT INTO `daming_content_info` VALUES (121, '[{\"name\":\"1\",\"paperQuestionVMS\":[{\"id\":50,\"itemOrder\":0}]}]', '2024-10-16 12:04:16');
INSERT INTO `daming_content_info` VALUES (122, '[{\"name\":\"1\",\"paperQuestionVMS\":[{\"id\":50,\"itemOrder\":0}]},{\"name\":\"2\",\"paperQuestionVMS\":[{\"id\":51,\"itemOrder\":1}]}]', '2024-10-16 16:28:33');
INSERT INTO `daming_content_info` VALUES (123, '[{\"name\":\"\",\"paperQuestionVMS\":[{\"id\":50,\"itemOrder\":0},{\"id\":50,\"itemOrder\":1},{\"id\":50,\"itemOrder\":2},{\"id\":51,\"itemOrder\":3},{\"id\":50,\"itemOrder\":4},{\"id\":51,\"itemOrder\":5},{\"id\":50,\"itemOrder\":6},{\"id\":51,\"itemOrder\":7},{\"id\":50,\"itemOrder\":8},{\"id\":51,\"itemOrder\":9}]}]', '2024-10-16 16:30:28');
INSERT INTO `daming_content_info` VALUES (124, '{\"analysis\":\"1\",\"correct\":\"A\",\"questionOptionList\":[{\"content\":\"1\",\"prefix\":\"A\"},{\"content\":\"1\",\"prefix\":\"B\"},{\"content\":\"1\",\"prefix\":\"C\"},{\"content\":\"1\",\"prefix\":\"D\"}],\"questionTitle\":\"111\"}', '2024-10-16 18:46:43');
INSERT INTO `daming_content_info` VALUES (125, '{\"analysis\":\"1111\",\"correct\":\"A,B\",\"questionOptionList\":[{\"content\":\"1\",\"prefix\":\"A\"},{\"content\":\"1\",\"prefix\":\"B\"},{\"content\":\"1\",\"prefix\":\"C\"},{\"content\":\"1\",\"prefix\":\"D\"},{\"content\":\"1\",\"prefix\":\"E\"}],\"questionTitle\":\"123\"}', '2024-10-16 18:47:00');
INSERT INTO `daming_content_info` VALUES (126, '[{\"name\":\"11\",\"paperQuestionVMS\":[{\"id\":52,\"itemOrder\":0},{\"id\":53,\"itemOrder\":1}]}]', '2024-10-16 18:47:14');
INSERT INTO `daming_content_info` VALUES (127, '{\"analysis\":\"测试\",\"correct\":\"A\",\"questionOptionList\":[{\"content\":\"2\",\"prefix\":\"A\"},{\"content\":\"1\",\"prefix\":\"B\"},{\"content\":\"3\",\"prefix\":\"C\"},{\"content\":\"4\",\"prefix\":\"D\"}],\"questionTitle\":\"1+1=?\"}', '2024-10-16 23:30:52');
INSERT INTO `daming_content_info` VALUES (128, '{\"analysis\":\"1234\",\"correct\":\"A,B,C\",\"questionOptionList\":[{\"content\":\"1\",\"prefix\":\"A\"},{\"content\":\"2\",\"prefix\":\"B\"},{\"content\":\"3\",\"prefix\":\"C\"},{\"content\":\"4\",\"prefix\":\"D\"},{\"content\":\"5\",\"prefix\":\"E\"}],\"questionTitle\":\"多选题\"}', '2024-10-16 23:31:16');
INSERT INTO `daming_content_info` VALUES (129, '[{\"name\":\"单选题\",\"paperQuestionVMS\":[{\"id\":54,\"itemOrder\":0}]},{\"name\":\"多选题\",\"paperQuestionVMS\":[{\"id\":53,\"itemOrder\":1}]}]', '2024-10-16 23:31:45');
INSERT INTO `daming_content_info` VALUES (130, '{\"analysis\":\"23423\",\"correct\":\"C\",\"questionOptionList\":[{\"content\":\"2\",\"prefix\":\"A\"},{\"content\":\"2\",\"prefix\":\"B\"},{\"content\":\"2\",\"prefix\":\"C\"},{\"content\":\"32\",\"prefix\":\"D\"},{\"content\":\"45345\",\"prefix\":\"F\"}],\"questionTitle\":\"234234\"}', '2024-10-18 16:17:24');
INSERT INTO `daming_content_info` VALUES (131, '[]', '2024-10-18 17:00:49');
INSERT INTO `daming_content_info` VALUES (132, '[]', '2024-10-18 17:02:23');
INSERT INTO `daming_content_info` VALUES (133, '[{\"name\":\"213\",\"paperQuestionVMS\":[{\"id\":52,\"itemOrder\":0},{\"id\":56,\"itemOrder\":1},{\"id\":55,\"itemOrder\":2},{\"id\":54,\"itemOrder\":3},{\"id\":53,\"itemOrder\":4}]}]', '2024-10-18 17:23:41');
INSERT INTO `daming_content_info` VALUES (134, '{\"analysis\":\"无\",\"correct\":\"A\",\"questionOptionList\":[{\"content\":\"2\",\"prefix\":\"A\"},{\"content\":\"1\",\"prefix\":\"B\"},{\"content\":\"4\",\"prefix\":\"C\"},{\"content\":\"3\",\"prefix\":\"D\"},{\"content\":\"5\",\"prefix\":\"E\"}],\"questionTitle\":\"1+1=？\"}', '2024-10-18 23:14:25');
INSERT INTO `daming_content_info` VALUES (135, '{\"analysis\":\"无\",\"correct\":\"A,B,C\",\"questionOptionList\":[{\"content\":\"1\",\"prefix\":\"A\"},{\"content\":\"1\",\"prefix\":\"B\"},{\"content\":\"1\",\"prefix\":\"C\"},{\"content\":\"1\",\"prefix\":\"D\"},{\"content\":\"1\",\"prefix\":\"E\"},{\"content\":\"1\",\"prefix\":\"F\"}],\"questionTitle\":\"选ABC\"}', '2024-10-18 23:14:54');
INSERT INTO `daming_content_info` VALUES (136, '[{\"name\":\"单选题\",\"paperQuestionVMS\":[{\"id\":57,\"itemOrder\":0},{\"id\":54,\"itemOrder\":1},{\"id\":56,\"itemOrder\":2},{\"id\":52,\"itemOrder\":3}]},{\"name\":\"多选题\",\"paperQuestionVMS\":[{\"id\":55,\"itemOrder\":4},{\"id\":53,\"itemOrder\":5},{\"id\":58,\"itemOrder\":6},{\"id\":53,\"itemOrder\":7},{\"id\":55,\"itemOrder\":8},{\"id\":58,\"itemOrder\":9}]}]', '2024-10-18 23:15:41');
INSERT INTO `daming_content_info` VALUES (137, '{\"analysis\":\"测试\",\"correct\":\"A\",\"questionOptionList\":[{\"content\":\"2\",\"prefix\":\"A\"},{\"content\":\"3\",\"prefix\":\"B\"},{\"content\":\"4\",\"prefix\":\"C\"},{\"content\":\"5\",\"prefix\":\"D\"},{\"content\":\"6\",\"prefix\":\"E\"},{\"content\":\"7\",\"prefix\":\"F\"}],\"questionTitle\":\"1+1\"}', '2024-10-18 23:23:57');
INSERT INTO `daming_content_info` VALUES (138, '{\"analysis\":\"测试\",\"correct\":\"A\",\"questionOptionList\":[{\"content\":\"2\",\"prefix\":\"A\"},{\"content\":\"1\",\"prefix\":\"B\"},{\"content\":\"1\",\"prefix\":\"C\"},{\"content\":\"1\",\"prefix\":\"D\"},{\"content\":\"1\",\"prefix\":\"E\"}],\"questionTitle\":\"1+1=？\"}', '2024-10-18 23:24:55');
INSERT INTO `daming_content_info` VALUES (139, '{\"analysis\":\"测试\",\"correct\":\"A,B\",\"questionOptionList\":[{\"content\":\"1\",\"prefix\":\"A\"},{\"content\":\"1\",\"prefix\":\"B\"},{\"content\":\"1\",\"prefix\":\"C\"},{\"content\":\"1\",\"prefix\":\"D\"},{\"content\":\"2341234\",\"prefix\":\"E\"}],\"questionTitle\":\"选ab\"}', '2024-10-18 23:25:12');
INSERT INTO `daming_content_info` VALUES (140, '[{\"name\":\"单选题\",\"paperQuestionVMS\":[{\"id\":52,\"itemOrder\":0},{\"id\":54,\"itemOrder\":1},{\"id\":57,\"itemOrder\":2},{\"id\":56,\"itemOrder\":3},{\"id\":59,\"itemOrder\":4}]},{\"name\":\"多选题\",\"paperQuestionVMS\":[{\"id\":61,\"itemOrder\":5},{\"id\":55,\"itemOrder\":6},{\"id\":53,\"itemOrder\":7},{\"id\":58,\"itemOrder\":8},{\"id\":55,\"itemOrder\":9},{\"id\":53,\"itemOrder\":10},{\"id\":58,\"itemOrder\":11},{\"id\":61,\"itemOrder\":12}]}]', '2024-10-18 23:26:10');
INSERT INTO `daming_content_info` VALUES (141, '{\"analysis\":\"测试解析\",\"correct\":\"A\",\"questionOptionList\":[{\"content\":\"2\",\"prefix\":\"A\"},{\"content\":\"3\",\"prefix\":\"B\"},{\"content\":\"4\",\"prefix\":\"C\"},{\"content\":\"5\",\"prefix\":\"D\"}],\"questionTitle\":\"1+1=？\"}', '2024-10-18 23:31:11');
INSERT INTO `daming_content_info` VALUES (142, '{\"analysis\":\"12342134\",\"correct\":\"A,C,B,F,H\",\"questionOptionList\":[{\"content\":\"12\",\"prefix\":\"A\"},{\"content\":\"2\",\"prefix\":\"B\"},{\"content\":\"341\",\"prefix\":\"C\"},{\"content\":\"234\",\"prefix\":\"D\"},{\"content\":\"1\",\"prefix\":\"E\"},{\"content\":\"234\",\"prefix\":\"F\"},{\"content\":\"2314\",\"prefix\":\"G\"},{\"content\":\"1234\",\"prefix\":\"H\"}],\"questionTitle\":\"选ABC\"}', '2024-10-18 23:31:37');
INSERT INTO `daming_content_info` VALUES (143, '[{\"name\":\"单选题\",\"paperQuestionVMS\":[{\"id\":56,\"itemOrder\":0},{\"id\":57,\"itemOrder\":1},{\"id\":59,\"itemOrder\":2},{\"id\":54,\"itemOrder\":3},{\"id\":52,\"itemOrder\":4},{\"id\":57,\"itemOrder\":5},{\"id\":56,\"itemOrder\":6},{\"id\":59,\"itemOrder\":7},{\"id\":52,\"itemOrder\":8},{\"id\":54,\"itemOrder\":9}]},{\"name\":\"多选题\",\"paperQuestionVMS\":[{\"id\":63,\"itemOrder\":10},{\"id\":53,\"itemOrder\":11},{\"id\":61,\"itemOrder\":12},{\"id\":58,\"itemOrder\":13},{\"id\":55,\"itemOrder\":14}]}]', '2024-10-18 23:32:35');
INSERT INTO `daming_content_info` VALUES (144, '[]', '2024-10-25 15:14:41');
INSERT INTO `daming_content_info` VALUES (145, '[{\"name\":\"\",\"paperQuestionVMS\":[]}]', '2024-10-25 15:35:40');
INSERT INTO `daming_content_info` VALUES (146, '[{\"name\":\"324\",\"paperQuestionVMS\":[{\"id\":52,\"itemOrder\":0}]}]', '2024-10-25 15:36:15');
INSERT INTO `daming_content_info` VALUES (147, '[{\"name\":\"\",\"paperQuestionVMS\":[]}]', '2024-10-25 15:52:17');
INSERT INTO `daming_content_info` VALUES (148, '[{\"name\":\"\",\"paperQuestionVMS\":[]}]', '2024-10-25 15:53:55');
INSERT INTO `daming_content_info` VALUES (149, '[{\"name\":\"234\",\"paperQuestionVMS\":[]}]', '2024-10-25 15:54:36');
INSERT INTO `daming_content_info` VALUES (150, '[{\"name\":\"32\",\"paperQuestionVMS\":[]}]', '2024-10-25 15:55:01');
INSERT INTO `daming_content_info` VALUES (151, '[{\"name\":\"234\",\"paperQuestionVMS\":[]}]', '2024-10-25 15:56:39');
INSERT INTO `daming_content_info` VALUES (152, '[{\"name\":\"23\",\"paperQuestionVMS\":[{\"id\":52,\"itemOrder\":0}]}]', '2024-10-25 15:57:15');
INSERT INTO `daming_content_info` VALUES (153, '{\"analysis\":\"23423\",\"correct\":\"B\",\"questionOptionList\":[{\"content\":\"\",\"prefix\":\"A\"},{\"content\":\"\",\"prefix\":\"B\"},{\"content\":\"\",\"prefix\":\"C\"},{\"content\":\"\",\"prefix\":\"D\"}],\"questionTitle\":\"324234\"}', '2024-10-25 15:58:48');
INSERT INTO `daming_content_info` VALUES (154, '{\"analysis\":\"23443\",\"correct\":\"C\",\"questionOptionList\":[{\"content\":\"23\",\"prefix\":\"A\"},{\"content\":\"4123\",\"prefix\":\"B\"},{\"content\":\"41234\",\"prefix\":\"C\"},{\"content\":\"2134\",\"prefix\":\"D\"}],\"questionTitle\":\"234234\"}', '2024-10-25 18:52:59');
INSERT INTO `daming_content_info` VALUES (155, '[{\"name\":\"3245\",\"paperQuestionVMS\":[{\"id\":65,\"itemOrder\":0},{\"id\":61,\"itemOrder\":1},{\"id\":63,\"itemOrder\":2},{\"id\":64,\"itemOrder\":3},{\"id\":62,\"itemOrder\":4}]}]', '2024-10-25 21:44:40');
INSERT INTO `daming_content_info` VALUES (156, '[{\"name\":\"234\",\"paperQuestionVMS\":[{\"id\":65,\"itemOrder\":0},{\"id\":64,\"itemOrder\":1},{\"id\":60,\"itemOrder\":2},{\"id\":61,\"itemOrder\":3},{\"id\":63,\"itemOrder\":4}]}]', '2024-10-26 00:46:01');
INSERT INTO `daming_content_info` VALUES (157, '{\"analysis\":\"无\",\"correct\":\"C\",\"questionOptionList\":[{\"content\":\"1001\",\"prefix\":\"A\"},{\"content\":\"1100\",\"prefix\":\"B\"},{\"content\":\"1000\",\"prefix\":\"C\"},{\"content\":\"1011\",\"prefix\":\"D\"}],\"questionTitle\":\"十进制数8转换为二进制数为\"}', '2024-10-26 13:35:59');
INSERT INTO `daming_content_info` VALUES (158, '{\"analysis\":\"1\",\"correct\":\"D\",\"questionOptionList\":[{\"content\":\"+\",\"prefix\":\"A\"},{\"content\":\"/\",\"prefix\":\"B\"},{\"content\":\"*\",\"prefix\":\"C\"},{\"content\":\"%\",\"prefix\":\"D\"}],\"questionTitle\":\"在C语言中，运算对象必须是整形的运算符是\"}', '2024-10-26 13:51:43');
INSERT INTO `daming_content_info` VALUES (159, '{\"analysis\":\"无\",\"correct\":\"A\",\"questionOptionList\":[{\"content\":\"x=y==1\",\"prefix\":\"A\"},{\"content\":\"x=5=y\",\"prefix\":\"B\"},{\"content\":\"x+y=5\",\"prefix\":\"C\"},{\"content\":\"x==y=1\",\"prefix\":\"D\"}],\"questionTitle\":\"若变量已定义且已赋值，以下合法的C语言赋值表达式是\"}', '2024-10-26 13:56:19');
INSERT INTO `daming_content_info` VALUES (160, '{\"analysis\":\"无\",\"correct\":\"B\",\"questionOptionList\":[{\"content\":\"11 \",\"prefix\":\"A\"},{\"content\":\"12 \",\"prefix\":\"B\"},{\"content\":\"不确定\",\"prefix\":\"C\"},{\"content\":\"需要分配的内存容量取决于编译器实现 答案：B\",\"prefix\":\"D\"}],\"questionTitle\":\"C语言中，字符串\\\"Hello World!\\\"所占的内存字节数为\"}', '2024-10-26 14:00:12');
INSERT INTO `daming_content_info` VALUES (161, '{\"analysis\":\"无\",\"correct\":\"B\",\"questionOptionList\":[{\"content\":\"print$\",\"prefix\":\"A\"},{\"content\":\"print_var\",\"prefix\":\"B\"},{\"content\":\"3print\",\"prefix\":\"C\"},{\"content\":\"print-\",\"prefix\":\"D\"}],\"questionTitle\":\"以下哪个是合法的C语言标识符?\"}', '2024-10-26 14:30:57');
INSERT INTO `daming_content_info` VALUES (162, '{\"analysis\":\"无\",\"correct\":\"C\",\"questionOptionList\":[{\"content\":\"1st_variable\",\"prefix\":\"A\"},{\"content\":\"first-variable\",\"prefix\":\"B\"},{\"content\":\"first_variable\",\"prefix\":\"C\"},{\"content\":\"first variable\",\"prefix\":\"D\"}],\"questionTitle\":\"C语言中，以下哪个选项是合法的变量名？\"}', '2024-10-26 14:40:22');
INSERT INTO `daming_content_info` VALUES (163, '{\"analysis\":\"无\",\"correct\":\"B\",\"questionOptionList\":[{\"content\":\"计算变量的值\",\"prefix\":\"A\"},{\"content\":\"获取变量所占的字节数\",\"prefix\":\"B\"},{\"content\":\"计算数组的长度\",\"prefix\":\"C\"},{\"content\":\"返回数据类型的最大值\",\"prefix\":\"D\"}],\"questionTitle\":\"C语言中的sizeof运算符用于：\"}', '2024-10-26 14:41:39');
INSERT INTO `daming_content_info` VALUES (164, '{\"analysis\":\"无\",\"correct\":\"A\",\"questionOptionList\":[{\"content\":\"const\",\"prefix\":\"A\"},{\"content\":\"static\",\"prefix\":\"B\"},{\"content\":\"define\",\"prefix\":\"C\"},{\"content\":\"final\",\"prefix\":\"D\"}],\"questionTitle\":\"在C语言中，哪个关键字用于定义常量？\"}', '2024-10-26 14:42:07');
INSERT INTO `daming_content_info` VALUES (165, '{\"analysis\":\"无\",\"correct\":\"A\",\"questionOptionList\":[{\"content\":\"打印的字符数\",\"prefix\":\"A\"},{\"content\":\"返回0表示成功\",\"prefix\":\"B\"},{\"content\":\"返回1表示失败\",\"prefix\":\"C\"},{\"content\":\"没有返回值\",\"prefix\":\"D\"}],\"questionTitle\":\"在C语言中，printf函数的返回值是：\"}', '2024-10-26 14:44:06');
INSERT INTO `daming_content_info` VALUES (166, '{\"analysis\":\"无\",\"correct\":\"A\",\"questionOptionList\":[{\"content\":\"int arr[5];\",\"prefix\":\"A\"},{\"content\":\"int arr(5);\",\"prefix\":\"B\"},{\"content\":\"int arr{5};\",\"prefix\":\"C\"},{\"content\":\"int arr = new int[5];\",\"prefix\":\"D\"}],\"questionTitle\":\"在 C 语言中，以下哪个选项是正确的数组声明？\"}', '2024-10-26 14:48:04');
INSERT INTO `daming_content_info` VALUES (167, '[{\"name\":\"单选题\",\"paperQuestionVMS\":[{\"id\":75,\"itemOrder\":0},{\"id\":72,\"itemOrder\":1},{\"id\":73,\"itemOrder\":2},{\"id\":74,\"itemOrder\":3},{\"id\":71,\"itemOrder\":4}]}]', '2024-10-26 14:48:46');
INSERT INTO `daming_content_info` VALUES (168, '[{\"name\":\"单选题\",\"paperQuestionVMS\":[{\"id\":74,\"itemOrder\":0},{\"id\":71,\"itemOrder\":1},{\"id\":70,\"itemOrder\":2},{\"id\":67,\"itemOrder\":3},{\"id\":69,\"itemOrder\":4},{\"id\":68,\"itemOrder\":5},{\"id\":72,\"itemOrder\":6},{\"id\":73,\"itemOrder\":7},{\"id\":75,\"itemOrder\":8},{\"id\":66,\"itemOrder\":9}]}]', '2025-11-11 21:20:42');

-- ----------------------------
-- Table structure for daming_paper
-- ----------------------------
DROP TABLE IF EXISTS `daming_paper`;
CREATE TABLE `daming_paper`  (
  `paper_id` int(11) NOT NULL AUTO_INCREMENT,
  `paper_name` varchar(255) CHARACTER SET utf8mb4 COLLATE utf8mb4_general_ci NOT NULL,
  `subject_id` int(11) NOT NULL,
  `score` int(11) NOT NULL,
  `paper_info_id` int(11) NOT NULL,
  `question_count` int(11) NOT NULL,
  `suggest_time` int(11) NULL DEFAULT NULL,
  `del_flag` tinyint(4) NULL DEFAULT 0,
  `create_time` datetime NULL DEFAULT CURRENT_TIMESTAMP,
  `update_time` datetime NULL DEFAULT CURRENT_TIMESTAMP ON UPDATE CURRENT_TIMESTAMP,
  `paper_type` varchar(255) CHARACTER SET utf8mb4 COLLATE utf8mb4_general_ci NULL DEFAULT NULL,
  `enable_anti_cheat` tinyint(1) NOT NULL DEFAULT 0 COMMENT '是否开启防作弊',
  PRIMARY KEY (`paper_id`) USING BTREE
) ENGINE = InnoDB AUTO_INCREMENT = 90 CHARACTER SET = utf8mb4 COLLATE = utf8mb4_general_ci ROW_FORMAT = Dynamic;

-- ----------------------------
-- Records of daming_paper
-- ----------------------------
INSERT INTO `daming_paper` VALUES (86, '145若35', 1, 217, 155, 5, 1234213, 2, '2024-10-25 21:44:40', '2024-10-25 21:45:16', '1', 0);
INSERT INTO `daming_paper` VALUES (87, '1234', 1, 270, 156, 5, 2134, 2, '2024-10-26 00:46:01', '2024-10-26 14:48:13', '1', 0);
INSERT INTO `daming_paper` VALUES (88, '测试试卷', 3, 5, 167, 5, 1, 0, '2024-10-26 14:48:46', '2024-10-26 14:48:46', '1', 0);
INSERT INTO `daming_paper` VALUES (89, 'lll', 3, 10, 168, 10, 1, 0, '2025-11-11 21:20:42', '2025-11-11 21:20:42', '1', 1);

-- ----------------------------
-- Table structure for daming_paper_answer
-- ----------------------------
DROP TABLE IF EXISTS `daming_paper_answer`;
CREATE TABLE `daming_paper_answer`  (
  `paper_answer_id` int(11) NOT NULL AUTO_INCREMENT,
  `paper_name` varchar(255) CHARACTER SET utf8mb4 COLLATE utf8mb4_general_ci NOT NULL,
  `paper_id` int(11) NOT NULL,
  `create_user` varchar(255) CHARACTER SET utf8mb4 COLLATE utf8mb4_general_ci NOT NULL,
  `paper_score` int(11) NOT NULL,
  `final_score` int(11) NULL DEFAULT 0,
  `question_count` int(11) NOT NULL,
  `correct_count` int(11) NULL DEFAULT 0,
  `create_time` datetime NULL DEFAULT CURRENT_TIMESTAMP,
  `subject_id` int(11) NOT NULL,
  `do_time` int(11) NULL DEFAULT NULL,
  PRIMARY KEY (`paper_answer_id`) USING BTREE,
  INDEX `paper_id`(`paper_id`) USING BTREE,
  CONSTRAINT `daming_paper_answer_ibfk_1` FOREIGN KEY (`paper_id`) REFERENCES `daming_paper` (`paper_id`) ON DELETE RESTRICT ON UPDATE RESTRICT
) ENGINE = InnoDB AUTO_INCREMENT = 230 CHARACTER SET = utf8mb4 COLLATE = utf8mb4_general_ci ROW_FORMAT = Dynamic;

-- ----------------------------
-- Records of daming_paper_answer
-- ----------------------------
INSERT INTO `daming_paper_answer` VALUES (100, '测试试卷', 88, '123', 5, 5, 5, 5, '2024-10-26 14:49:49', 3, 38);
INSERT INTO `daming_paper_answer` VALUES (101, '测试试卷', 88, '123', 5, 0, 5, 0, '2024-10-26 16:29:06', 3, 1);
INSERT INTO `daming_paper_answer` VALUES (102, '测试试卷', 88, '123', 5, 1, 5, 1, '2024-10-26 22:58:41', 3, 7);
INSERT INTO `daming_paper_answer` VALUES (103, '测试试卷', 88, 'zww', 5, 1, 5, 1, '2024-10-28 00:02:43', 3, 4);
INSERT INTO `daming_paper_answer` VALUES (104, '测试试卷', 88, 'zww', 5, 0, 5, 0, '2025-11-09 19:20:20', 3, 1);
INSERT INTO `daming_paper_answer` VALUES (105, '测试试卷', 88, 'zww', 5, 0, 5, 0, '2025-11-09 19:21:50', 3, 60);
INSERT INTO `daming_paper_answer` VALUES (106, '测试试卷', 88, 'zww', 5, 0, 5, 0, '2025-11-09 19:35:56', 3, 60);
INSERT INTO `daming_paper_answer` VALUES (107, '测试试卷', 88, 'zww', 5, 0, 5, 0, '2025-11-09 19:40:53', 3, 12);
INSERT INTO `daming_paper_answer` VALUES (108, '测试试卷', 88, 'zww', 5, 0, 5, 0, '2025-11-09 19:42:22', 3, 60);
INSERT INTO `daming_paper_answer` VALUES (109, '测试试卷', 88, 'zww', 5, 0, 5, 0, '2025-11-09 19:57:24', 3, 24);
INSERT INTO `daming_paper_answer` VALUES (110, '测试试卷', 88, 'zww', 5, 0, 5, 0, '2025-11-09 19:57:52', 3, 20);
INSERT INTO `daming_paper_answer` VALUES (111, '测试试卷', 88, 'zww', 5, 0, 5, 0, '2025-11-09 20:01:50', 3, 60);
INSERT INTO `daming_paper_answer` VALUES (112, '测试试卷', 88, 'zww', 5, 0, 5, 0, '2025-11-09 20:03:56', 3, 29);
INSERT INTO `daming_paper_answer` VALUES (113, '测试试卷', 88, 'zww', 5, 0, 5, 0, '2025-11-09 20:15:04', 3, 39);
INSERT INTO `daming_paper_answer` VALUES (114, '测试试卷', 88, 'zww', 5, 0, 5, 0, '2025-11-09 20:16:10', 3, 60);
INSERT INTO `daming_paper_answer` VALUES (115, '测试试卷', 88, 'zww', 5, 0, 5, 0, '2025-11-09 20:19:22', 3, 60);
INSERT INTO `daming_paper_answer` VALUES (116, '测试试卷', 88, 'zww', 5, 0, 5, 0, '2025-11-09 20:20:10', 3, 60);
INSERT INTO `daming_paper_answer` VALUES (117, '测试试卷', 88, 'zww', 5, 0, 5, 0, '2025-11-09 20:25:05', 3, 57);
INSERT INTO `daming_paper_answer` VALUES (118, '测试试卷', 88, 'zww', 5, 0, 5, 0, '2025-11-09 20:26:20', 3, 57);
INSERT INTO `daming_paper_answer` VALUES (119, '测试试卷', 88, 'zww', 5, 0, 5, 0, '2025-11-09 20:26:21', 3, 57);
INSERT INTO `daming_paper_answer` VALUES (120, '测试试卷', 88, 'zww', 5, 0, 5, 0, '2025-11-09 20:26:21', 3, 57);
INSERT INTO `daming_paper_answer` VALUES (121, '测试试卷', 88, 'zww', 5, 0, 5, 0, '2025-11-09 20:26:21', 3, 57);
INSERT INTO `daming_paper_answer` VALUES (122, '测试试卷', 88, 'zww', 5, 0, 5, 0, '2025-11-09 20:26:22', 3, 57);
INSERT INTO `daming_paper_answer` VALUES (123, '测试试卷', 88, 'zww', 5, 0, 5, 0, '2025-11-09 20:26:39', 3, 13);
INSERT INTO `daming_paper_answer` VALUES (124, '测试试卷', 88, 'zww', 5, 0, 5, 0, '2025-11-09 20:26:54', 3, 13);
INSERT INTO `daming_paper_answer` VALUES (125, '测试试卷', 88, 'zww', 5, 0, 5, 0, '2025-11-09 20:27:06', 3, 7);
INSERT INTO `daming_paper_answer` VALUES (126, '测试试卷', 88, 'zww', 5, 0, 5, 0, '2025-11-09 20:38:42', 3, 60);
INSERT INTO `daming_paper_answer` VALUES (127, '测试试卷', 88, 'zww', 5, 0, 5, 0, '2025-11-11 10:40:38', 3, 60);
INSERT INTO `daming_paper_answer` VALUES (128, '测试试卷', 88, 'zww', 5, 0, 5, 0, '2025-11-11 10:41:01', 3, 60);
INSERT INTO `daming_paper_answer` VALUES (129, '测试试卷', 88, 'zww', 5, 0, 5, 0, '2025-11-11 10:42:12', 3, 60);
INSERT INTO `daming_paper_answer` VALUES (130, '测试试卷', 88, 'zww', 5, 0, 5, 0, '2025-11-11 10:44:06', 3, 60);
INSERT INTO `daming_paper_answer` VALUES (131, '测试试卷', 88, 'zww', 5, 0, 5, 0, '2025-11-11 10:48:43', 3, 60);
INSERT INTO `daming_paper_answer` VALUES (132, '测试试卷', 88, 'zww', 5, 0, 5, 0, '2025-11-11 10:50:29', 3, 60);
INSERT INTO `daming_paper_answer` VALUES (133, '测试试卷', 88, 'zww', 5, 0, 5, 0, '2025-11-11 10:53:51', 3, 60);
INSERT INTO `daming_paper_answer` VALUES (134, '测试试卷', 88, 'zww', 5, 0, 5, 0, '2025-11-11 10:53:55', 3, 60);
INSERT INTO `daming_paper_answer` VALUES (135, '测试试卷', 88, 'zww', 5, 0, 5, 0, '2025-11-11 11:01:15', 3, 20);
INSERT INTO `daming_paper_answer` VALUES (136, '测试试卷', 88, 'zww', 5, 0, 5, 0, '2025-11-11 11:01:15', 3, 20);
INSERT INTO `daming_paper_answer` VALUES (137, '测试试卷', 88, 'zww', 5, 0, 5, 0, '2025-11-11 11:01:16', 3, 20);
INSERT INTO `daming_paper_answer` VALUES (138, '测试试卷', 88, 'zww', 5, 0, 5, 0, '2025-11-11 11:01:16', 3, 20);
INSERT INTO `daming_paper_answer` VALUES (139, '测试试卷', 88, 'zww', 5, 0, 5, 0, '2025-11-11 11:01:16', 3, 20);
INSERT INTO `daming_paper_answer` VALUES (140, '测试试卷', 88, 'zww', 5, 0, 5, 0, '2025-11-11 11:01:17', 3, 20);
INSERT INTO `daming_paper_answer` VALUES (141, '测试试卷', 88, 'zww', 5, 0, 5, 0, '2025-11-11 11:01:17', 3, 20);
INSERT INTO `daming_paper_answer` VALUES (142, '测试试卷', 88, 'zww', 5, 0, 5, 0, '2025-11-11 11:01:17', 3, 20);
INSERT INTO `daming_paper_answer` VALUES (143, '测试试卷', 88, 'zww', 5, 0, 5, 0, '2025-11-11 11:01:17', 3, 20);
INSERT INTO `daming_paper_answer` VALUES (144, '测试试卷', 88, 'zww', 5, 0, 5, 0, '2025-11-11 11:01:17', 3, 20);
INSERT INTO `daming_paper_answer` VALUES (145, '测试试卷', 88, 'zww', 5, 0, 5, 0, '2025-11-11 11:01:17', 3, 6);
INSERT INTO `daming_paper_answer` VALUES (146, '测试试卷', 88, 'zww', 5, 0, 5, 0, '2025-11-11 11:01:18', 3, 6);
INSERT INTO `daming_paper_answer` VALUES (147, '测试试卷', 88, 'zww', 5, 0, 5, 0, '2025-11-11 11:01:18', 3, 6);
INSERT INTO `daming_paper_answer` VALUES (148, '测试试卷', 88, 'zww', 5, 0, 5, 0, '2025-11-11 11:01:18', 3, 6);
INSERT INTO `daming_paper_answer` VALUES (149, '测试试卷', 88, 'zww', 5, 0, 5, 0, '2025-11-11 11:01:19', 3, 6);
INSERT INTO `daming_paper_answer` VALUES (150, '测试试卷', 88, 'zww', 5, 0, 5, 0, '2025-11-11 11:01:21', 3, 7);
INSERT INTO `daming_paper_answer` VALUES (151, '测试试卷', 88, 'zww', 5, 0, 5, 0, '2025-11-11 11:01:22', 3, 7);
INSERT INTO `daming_paper_answer` VALUES (152, '测试试卷', 88, 'zww', 5, 0, 5, 0, '2025-11-11 11:01:22', 3, 7);
INSERT INTO `daming_paper_answer` VALUES (153, '测试试卷', 88, 'zww', 5, 0, 5, 0, '2025-11-11 11:01:22', 3, 7);
INSERT INTO `daming_paper_answer` VALUES (154, '测试试卷', 88, 'zww', 5, 0, 5, 0, '2025-11-11 11:01:22', 3, 7);
INSERT INTO `daming_paper_answer` VALUES (155, '测试试卷', 88, 'zww', 5, 0, 5, 0, '2025-11-11 11:01:22', 3, 7);
INSERT INTO `daming_paper_answer` VALUES (156, '测试试卷', 88, 'zww', 5, 0, 5, 0, '2025-11-11 11:01:23', 3, 7);
INSERT INTO `daming_paper_answer` VALUES (157, '测试试卷', 88, 'zww', 5, 0, 5, 0, '2025-11-11 11:01:23', 3, 7);
INSERT INTO `daming_paper_answer` VALUES (158, '测试试卷', 88, 'zww', 5, 0, 5, 0, '2025-11-11 11:01:24', 3, 6);
INSERT INTO `daming_paper_answer` VALUES (159, '测试试卷', 88, 'zww', 5, 0, 5, 0, '2025-11-11 11:01:24', 3, 6);
INSERT INTO `daming_paper_answer` VALUES (160, '测试试卷', 88, 'zww', 5, 0, 5, 0, '2025-11-11 11:01:24', 3, 6);
INSERT INTO `daming_paper_answer` VALUES (161, '测试试卷', 88, 'zww', 5, 0, 5, 0, '2025-11-11 11:01:24', 3, 6);
INSERT INTO `daming_paper_answer` VALUES (162, '测试试卷', 88, 'zww', 5, 0, 5, 0, '2025-11-11 11:01:24', 3, 11);
INSERT INTO `daming_paper_answer` VALUES (163, '测试试卷', 88, 'zww', 5, 0, 5, 0, '2025-11-11 11:01:25', 3, 11);
INSERT INTO `daming_paper_answer` VALUES (164, '测试试卷', 88, 'zww', 5, 0, 5, 0, '2025-11-11 11:01:47', 3, 2);
INSERT INTO `daming_paper_answer` VALUES (165, '测试试卷', 88, 'zww', 5, 0, 5, 0, '2025-11-11 11:01:51', 3, 2);
INSERT INTO `daming_paper_answer` VALUES (166, '测试试卷', 88, 'zww', 5, 0, 5, 0, '2025-11-11 11:07:14', 3, 6);
INSERT INTO `daming_paper_answer` VALUES (167, '测试试卷', 88, 'zww', 5, 0, 5, 0, '2025-11-11 11:07:15', 3, 6);
INSERT INTO `daming_paper_answer` VALUES (168, '测试试卷', 88, 'zww', 5, 0, 5, 0, '2025-11-11 11:07:16', 3, 6);
INSERT INTO `daming_paper_answer` VALUES (169, '测试试卷', 88, 'zww', 5, 0, 5, 0, '2025-11-11 11:07:47', 3, 25);
INSERT INTO `daming_paper_answer` VALUES (170, '测试试卷', 88, 'zww', 5, 0, 5, 0, '2025-11-11 11:07:52', 3, 25);
INSERT INTO `daming_paper_answer` VALUES (171, '测试试卷', 88, 'zww', 5, 0, 5, 0, '2025-11-11 11:08:46', 3, 22);
INSERT INTO `daming_paper_answer` VALUES (172, '测试试卷', 88, 'zww', 5, 0, 5, 0, '2025-11-11 11:10:34', 3, 30);
INSERT INTO `daming_paper_answer` VALUES (173, '测试试卷', 88, 'zww', 5, 0, 5, 0, '2025-11-11 11:10:46', 3, 30);
INSERT INTO `daming_paper_answer` VALUES (174, '测试试卷', 88, 'zww', 5, 0, 5, 0, '2025-11-11 11:10:47', 3, 30);
INSERT INTO `daming_paper_answer` VALUES (175, '测试试卷', 88, 'zww', 5, 0, 5, 0, '2025-11-11 11:10:47', 3, 30);
INSERT INTO `daming_paper_answer` VALUES (176, '测试试卷', 88, 'zww', 5, 0, 5, 0, '2025-11-11 11:10:48', 3, 30);
INSERT INTO `daming_paper_answer` VALUES (177, '测试试卷', 88, 'zww', 5, 0, 5, 0, '2025-11-11 11:10:48', 3, 30);
INSERT INTO `daming_paper_answer` VALUES (178, '测试试卷', 88, 'zww', 5, 0, 5, 0, '2025-11-11 11:10:53', 3, 30);
INSERT INTO `daming_paper_answer` VALUES (179, '测试试卷', 88, 'zww', 5, 0, 5, 0, '2025-11-11 11:10:53', 3, 30);
INSERT INTO `daming_paper_answer` VALUES (180, '测试试卷', 88, 'zww', 5, 0, 5, 0, '2025-11-11 11:10:54', 3, 30);
INSERT INTO `daming_paper_answer` VALUES (181, '测试试卷', 88, 'zww', 5, 0, 5, 0, '2025-11-11 11:10:57', 3, 30);
INSERT INTO `daming_paper_answer` VALUES (182, '测试试卷', 88, 'zww', 5, 0, 5, 0, '2025-11-11 11:12:51', 3, 19);
INSERT INTO `daming_paper_answer` VALUES (183, '测试试卷', 88, 'zww', 5, 0, 5, 0, '2025-11-11 11:12:51', 3, 19);
INSERT INTO `daming_paper_answer` VALUES (184, '测试试卷', 88, 'zww', 5, 0, 5, 0, '2025-11-11 11:12:52', 3, 19);
INSERT INTO `daming_paper_answer` VALUES (185, '测试试卷', 88, 'zww', 5, 0, 5, 0, '2025-11-11 11:13:44', 3, 9);
INSERT INTO `daming_paper_answer` VALUES (186, '测试试卷', 88, 'zww', 5, 0, 5, 0, '2025-11-11 11:15:20', 3, 60);
INSERT INTO `daming_paper_answer` VALUES (187, '测试试卷', 88, 'zww', 5, 0, 5, 0, '2025-11-11 11:16:31', 3, 60);
INSERT INTO `daming_paper_answer` VALUES (188, '测试试卷', 88, 'zww', 5, 0, 5, 0, '2025-11-11 11:16:33', 3, 60);
INSERT INTO `daming_paper_answer` VALUES (189, '测试试卷', 88, 'zww', 5, 0, 5, 0, '2025-11-11 11:16:33', 3, 60);
INSERT INTO `daming_paper_answer` VALUES (190, '测试试卷', 88, 'zww', 5, 0, 5, 0, '2025-11-11 11:16:33', 3, 60);
INSERT INTO `daming_paper_answer` VALUES (191, '测试试卷', 88, 'zww', 5, 0, 5, 0, '2025-11-11 11:16:34', 3, 60);
INSERT INTO `daming_paper_answer` VALUES (192, '测试试卷', 88, 'zww', 5, 0, 5, 0, '2025-11-11 11:16:34', 3, 60);
INSERT INTO `daming_paper_answer` VALUES (193, '测试试卷', 88, 'zww', 5, 0, 5, 0, '2025-11-11 11:16:34', 3, 60);
INSERT INTO `daming_paper_answer` VALUES (194, '测试试卷', 88, 'zww', 5, 0, 5, 0, '2025-11-11 11:16:35', 3, 60);
INSERT INTO `daming_paper_answer` VALUES (195, '测试试卷', 88, 'zww', 5, 0, 5, 0, '2025-11-11 11:16:35', 3, 60);
INSERT INTO `daming_paper_answer` VALUES (196, '测试试卷', 88, 'zww', 5, 0, 5, 0, '2025-11-11 11:16:35', 3, 60);
INSERT INTO `daming_paper_answer` VALUES (197, '测试试卷', 88, 'zww', 5, 0, 5, 0, '2025-11-11 11:16:36', 3, 60);
INSERT INTO `daming_paper_answer` VALUES (198, '测试试卷', 88, 'zww', 5, 0, 5, 0, '2025-11-11 11:16:36', 3, 60);
INSERT INTO `daming_paper_answer` VALUES (199, '测试试卷', 88, 'zww', 5, 0, 5, 0, '2025-11-11 11:16:36', 3, 60);
INSERT INTO `daming_paper_answer` VALUES (200, '测试试卷', 88, 'zww', 5, 0, 5, 0, '2025-11-11 11:16:36', 3, 60);
INSERT INTO `daming_paper_answer` VALUES (201, '测试试卷', 88, 'zww', 5, 0, 5, 0, '2025-11-11 11:16:36', 3, 60);
INSERT INTO `daming_paper_answer` VALUES (202, '测试试卷', 88, 'zww', 5, 0, 5, 0, '2025-11-11 11:16:36', 3, 60);
INSERT INTO `daming_paper_answer` VALUES (203, '测试试卷', 88, 'zww', 5, 0, 5, 0, '2025-11-11 11:16:37', 3, 60);
INSERT INTO `daming_paper_answer` VALUES (204, '测试试卷', 88, 'zww', 5, 0, 5, 0, '2025-11-11 11:16:37', 3, 60);
INSERT INTO `daming_paper_answer` VALUES (205, '测试试卷', 88, 'zww', 5, 0, 5, 0, '2025-11-11 11:16:38', 3, 60);
INSERT INTO `daming_paper_answer` VALUES (206, '测试试卷', 88, 'zww', 5, 0, 5, 0, '2025-11-11 11:16:38', 3, 60);
INSERT INTO `daming_paper_answer` VALUES (207, '测试试卷', 88, 'zww', 5, 0, 5, 0, '2025-11-11 11:16:38', 3, 60);
INSERT INTO `daming_paper_answer` VALUES (208, '测试试卷', 88, 'zww', 5, 0, 5, 0, '2025-11-11 11:16:38', 3, 60);
INSERT INTO `daming_paper_answer` VALUES (209, '测试试卷', 88, 'zww', 5, 0, 5, 0, '2025-11-11 11:16:38', 3, 60);
INSERT INTO `daming_paper_answer` VALUES (210, '测试试卷', 88, 'zww', 5, 0, 5, 0, '2025-11-11 11:17:55', 3, 7);
INSERT INTO `daming_paper_answer` VALUES (211, '测试试卷', 88, 'zww', 5, 0, 5, 0, '2025-11-11 11:17:56', 3, 7);
INSERT INTO `daming_paper_answer` VALUES (212, '测试试卷', 88, 'zww', 5, 0, 5, 0, '2025-11-11 11:19:06', 3, 60);
INSERT INTO `daming_paper_answer` VALUES (213, '测试试卷', 88, 'zww', 5, 0, 5, 0, '2025-11-11 11:23:36', 3, 10);
INSERT INTO `daming_paper_answer` VALUES (214, 'lll', 89, 'zww', 10, 0, 10, 0, '2025-11-11 21:21:50', 3, 60);
INSERT INTO `daming_paper_answer` VALUES (215, 'lll', 89, 'zww', 10, 0, 10, 0, '2025-11-11 21:23:19', 3, 60);
INSERT INTO `daming_paper_answer` VALUES (216, 'lll', 89, 'zww', 10, 0, 10, 0, '2025-11-11 21:23:20', 3, 60);
INSERT INTO `daming_paper_answer` VALUES (217, 'lll', 89, 'zww', 10, 0, 10, 0, '2025-11-11 21:26:39', 3, 29);
INSERT INTO `daming_paper_answer` VALUES (218, 'lll', 89, 'zww', 10, 0, 10, 0, '2025-11-11 21:29:12', 3, 60);
INSERT INTO `daming_paper_answer` VALUES (219, 'lll', 89, 'zww', 10, 0, 10, 0, '2025-11-11 21:30:55', 3, 60);
INSERT INTO `daming_paper_answer` VALUES (220, 'lll', 89, 'zww', 10, 0, 10, 0, '2025-11-11 21:32:03', 3, 60);
INSERT INTO `daming_paper_answer` VALUES (221, 'lll', 89, 'zww', 10, 0, 10, 0, '2025-11-11 21:36:03', 3, 60);
INSERT INTO `daming_paper_answer` VALUES (222, 'lll', 89, 'zww', 10, 0, 10, 0, '2025-11-11 21:37:31', 3, 60);
INSERT INTO `daming_paper_answer` VALUES (223, 'lll', 89, 'zww', 10, 0, 10, 0, '2025-11-11 22:23:58', 3, 60);
INSERT INTO `daming_paper_answer` VALUES (224, 'lll', 89, 'zww', 10, 0, 10, 0, '2025-11-11 22:40:27', 3, 60);
INSERT INTO `daming_paper_answer` VALUES (225, 'lll', 89, 'zww', 10, 0, 10, 0, '2025-11-11 23:04:21', 3, 26);
INSERT INTO `daming_paper_answer` VALUES (226, 'lll', 89, 'zww', 10, 0, 10, 0, '2025-11-11 23:04:30', 3, 3);
INSERT INTO `daming_paper_answer` VALUES (227, 'lll', 89, 'zww', 10, 0, 10, 0, '2025-11-11 23:04:40', 3, 6);
INSERT INTO `daming_paper_answer` VALUES (228, 'lll', 89, 'zww', 10, 0, 10, 0, '2025-11-11 23:06:21', 3, 60);
INSERT INTO `daming_paper_answer` VALUES (229, 'lll', 89, 'zww', 10, 0, 10, 0, '2025-11-12 17:45:07', 3, 21);

-- ----------------------------
-- Table structure for daming_paper_question
-- ----------------------------
DROP TABLE IF EXISTS `daming_paper_question`;
CREATE TABLE `daming_paper_question`  (
  `paper_id` int(11) NOT NULL,
  `question_id` int(11) NOT NULL,
  PRIMARY KEY (`paper_id`, `question_id`) USING BTREE,
  INDEX `question_id`(`question_id`) USING BTREE,
  CONSTRAINT `daming_paper_question_ibfk_1` FOREIGN KEY (`paper_id`) REFERENCES `daming_paper` (`paper_id`) ON DELETE RESTRICT ON UPDATE RESTRICT,
  CONSTRAINT `daming_paper_question_ibfk_2` FOREIGN KEY (`question_id`) REFERENCES `daming_question` (`id`) ON DELETE RESTRICT ON UPDATE RESTRICT
) ENGINE = InnoDB CHARACTER SET = utf8mb4 COLLATE = utf8mb4_general_ci ROW_FORMAT = Dynamic;

-- ----------------------------
-- Records of daming_paper_question
-- ----------------------------

-- ----------------------------
-- Table structure for daming_question
-- ----------------------------
DROP TABLE IF EXISTS `daming_question`;
CREATE TABLE `daming_question`  (
  `id` int(11) NOT NULL AUTO_INCREMENT,
  `question_type` tinyint(4) NOT NULL,
  `question_info_id` int(11) NULL DEFAULT NULL,
  `correct` varchar(255) CHARACTER SET utf8mb4 COLLATE utf8mb4_general_ci NULL DEFAULT NULL,
  `score` int(11) NOT NULL,
  `del_flag` tinyint(4) NULL DEFAULT 0,
  `subject_id` int(11) NOT NULL,
  `create_time` datetime NULL DEFAULT CURRENT_TIMESTAMP,
  `update_time` datetime NULL DEFAULT CURRENT_TIMESTAMP ON UPDATE CURRENT_TIMESTAMP,
  PRIMARY KEY (`id`) USING BTREE
) ENGINE = InnoDB AUTO_INCREMENT = 76 CHARACTER SET = utf8mb4 COLLATE = utf8mb4_general_ci ROW_FORMAT = Dynamic;

-- ----------------------------
-- Records of daming_question
-- ----------------------------
INSERT INTO `daming_question` VALUES (52, 1, 124, 'A', 54, 2, 1, '2024-10-16 18:46:43', '2024-10-26 13:50:01');
INSERT INTO `daming_question` VALUES (53, 2, 125, 'A,B', 54, 2, 1, '2024-10-16 18:47:00', '2024-10-26 13:50:01');
INSERT INTO `daming_question` VALUES (54, 1, 127, 'A', 54, 2, 1, '2024-10-16 23:30:52', '2024-10-26 13:50:01');
INSERT INTO `daming_question` VALUES (55, 2, 128, 'A,B,C', 54, 2, 1, '2024-10-16 23:31:16', '2024-10-26 13:50:01');
INSERT INTO `daming_question` VALUES (56, 1, 130, 'C', 49, 2, 1, '2024-10-18 16:17:24', '2024-10-26 13:50:01');
INSERT INTO `daming_question` VALUES (57, 1, 134, 'A', 1, 2, 1, '2024-10-18 23:14:25', '2024-10-26 13:50:01');
INSERT INTO `daming_question` VALUES (58, 2, 135, 'A,B,C', 3, 2, 1, '2024-10-18 23:14:54', '2024-10-26 13:50:01');
INSERT INTO `daming_question` VALUES (59, 1, 137, 'A', 1, 2, 1, '2024-10-18 23:23:57', '2024-10-26 13:50:01');
INSERT INTO `daming_question` VALUES (60, 1, 138, 'A', 54, 2, 1, '2024-10-18 23:24:55', '2024-10-26 13:50:01');
INSERT INTO `daming_question` VALUES (61, 2, 139, 'A,B', 54, 2, 1, '2024-10-18 23:25:12', '2024-10-26 13:50:01');
INSERT INTO `daming_question` VALUES (62, 1, 141, 'A', 1, 2, 1, '2024-10-18 23:31:11', '2024-10-25 21:45:36');
INSERT INTO `daming_question` VALUES (63, 2, 142, 'A,C,B,F,H', 54, 2, 1, '2024-10-18 23:31:37', '2024-10-26 13:50:01');
INSERT INTO `daming_question` VALUES (64, 1, 153, 'B', 54, 2, 1, '2024-10-25 15:58:48', '2024-10-26 13:50:01');
INSERT INTO `daming_question` VALUES (65, 1, 154, 'C', 54, 2, 1, '2024-10-25 18:52:59', '2024-10-26 13:50:01');
INSERT INTO `daming_question` VALUES (66, 1, 157, 'C', 1, 0, 3, '2024-10-26 13:35:59', '2024-10-26 13:35:59');
INSERT INTO `daming_question` VALUES (67, 1, 158, 'D', 1, 0, 3, '2024-10-26 13:51:43', '2024-10-26 13:51:43');
INSERT INTO `daming_question` VALUES (68, 1, 159, 'A', 1, 0, 3, '2024-10-26 13:56:19', '2024-10-26 13:56:19');
INSERT INTO `daming_question` VALUES (69, 1, 160, 'B', 1, 0, 3, '2024-10-26 14:00:12', '2024-10-26 14:00:12');
INSERT INTO `daming_question` VALUES (70, 1, 161, 'B', 1, 0, 3, '2024-10-26 14:30:57', '2024-10-26 14:30:57');
INSERT INTO `daming_question` VALUES (71, 1, 162, 'C', 1, 0, 3, '2024-10-26 14:40:22', '2024-10-26 14:40:22');
INSERT INTO `daming_question` VALUES (72, 1, 163, 'B', 1, 0, 3, '2024-10-26 14:41:39', '2024-10-26 14:41:39');
INSERT INTO `daming_question` VALUES (73, 1, 164, 'A', 1, 0, 3, '2024-10-26 14:42:07', '2024-10-26 14:42:07');
INSERT INTO `daming_question` VALUES (74, 1, 165, 'A', 1, 0, 3, '2024-10-26 14:44:06', '2024-10-26 14:44:06');
INSERT INTO `daming_question` VALUES (75, 1, 166, 'A', 1, 0, 3, '2024-10-26 14:48:04', '2024-10-26 14:48:04');

-- ----------------------------
-- Table structure for daming_question_answer
-- ----------------------------
DROP TABLE IF EXISTS `daming_question_answer`;
CREATE TABLE `daming_question_answer`  (
  `answer_id` int(11) NOT NULL AUTO_INCREMENT,
  `create_user` varchar(255) CHARACTER SET utf8mb4 COLLATE utf8mb4_general_ci NOT NULL,
  `paper_id` int(11) NOT NULL,
  `paper_answer_id` int(11) NULL DEFAULT NULL,
  `user_answer` varchar(255) CHARACTER SET utf8mb4 COLLATE utf8mb4_general_ci NOT NULL DEFAULT '',
  `create_time` datetime NULL DEFAULT CURRENT_TIMESTAMP,
  `question_type` int(11) NULL DEFAULT NULL,
  `question_id` int(11) NOT NULL,
  `subject_id` int(11) NOT NULL,
  `final_score` int(11) NULL DEFAULT 0,
  `question_score` int(11) NULL DEFAULT NULL,
  `is_correct` tinyint(4) NOT NULL DEFAULT 0,
  `item_order` int(11) NULL DEFAULT NULL,
  PRIMARY KEY (`answer_id`) USING BTREE,
  INDEX `paper_id`(`paper_id`) USING BTREE,
  INDEX `question_id`(`question_id`) USING BTREE,
  CONSTRAINT `daming_question_answer_ibfk_1` FOREIGN KEY (`paper_id`) REFERENCES `daming_paper` (`paper_id`) ON DELETE RESTRICT ON UPDATE RESTRICT,
  CONSTRAINT `daming_question_answer_ibfk_2` FOREIGN KEY (`question_id`) REFERENCES `daming_question` (`id`) ON DELETE RESTRICT ON UPDATE RESTRICT
) ENGINE = InnoDB AUTO_INCREMENT = 989 CHARACTER SET = utf8mb4 COLLATE = utf8mb4_general_ci ROW_FORMAT = Dynamic;

-- ----------------------------
-- Records of daming_question_answer
-- ----------------------------
INSERT INTO `daming_question_answer` VALUES (259, '123', 88, 100, 'A', '2024-10-26 14:49:49', 1, 75, 3, 1, 1, 1, 0);
INSERT INTO `daming_question_answer` VALUES (260, '123', 88, 100, 'B', '2024-10-26 14:49:49', 1, 72, 3, 1, 1, 1, 1);
INSERT INTO `daming_question_answer` VALUES (261, '123', 88, 100, 'A', '2024-10-26 14:49:49', 1, 73, 3, 1, 1, 1, 2);
INSERT INTO `daming_question_answer` VALUES (262, '123', 88, 100, 'A', '2024-10-26 14:49:49', 1, 74, 3, 1, 1, 1, 3);
INSERT INTO `daming_question_answer` VALUES (263, '123', 88, 100, 'C', '2024-10-26 14:49:49', 1, 71, 3, 1, 1, 1, 4);
INSERT INTO `daming_question_answer` VALUES (264, '123', 88, 101, '未填', '2024-10-26 16:29:06', 1, 75, 3, 0, 1, 0, 0);
INSERT INTO `daming_question_answer` VALUES (265, '123', 88, 101, '未填', '2024-10-26 16:29:06', 1, 72, 3, 0, 1, 0, 1);
INSERT INTO `daming_question_answer` VALUES (266, '123', 88, 101, '未填', '2024-10-26 16:29:06', 1, 73, 3, 0, 1, 0, 2);
INSERT INTO `daming_question_answer` VALUES (267, '123', 88, 101, '未填', '2024-10-26 16:29:06', 1, 74, 3, 0, 1, 0, 3);
INSERT INTO `daming_question_answer` VALUES (268, '123', 88, 101, '未填', '2024-10-26 16:29:06', 1, 71, 3, 0, 1, 0, 4);
INSERT INTO `daming_question_answer` VALUES (269, '123', 88, 102, 'A', '2024-10-26 22:58:41', 1, 75, 3, 1, 1, 1, 0);
INSERT INTO `daming_question_answer` VALUES (270, '123', 88, 102, 'A', '2024-10-26 22:58:41', 1, 72, 3, 0, 1, 0, 1);
INSERT INTO `daming_question_answer` VALUES (271, '123', 88, 102, 'B', '2024-10-26 22:58:41', 1, 73, 3, 0, 1, 0, 2);
INSERT INTO `daming_question_answer` VALUES (272, '123', 88, 102, 'B', '2024-10-26 22:58:41', 1, 74, 3, 0, 1, 0, 3);
INSERT INTO `daming_question_answer` VALUES (273, '123', 88, 102, 'A', '2024-10-26 22:58:41', 1, 71, 3, 0, 1, 0, 4);
INSERT INTO `daming_question_answer` VALUES (274, 'zww', 88, 103, 'C', '2024-10-28 00:02:43', 1, 75, 3, 0, 1, 0, 0);
INSERT INTO `daming_question_answer` VALUES (275, 'zww', 88, 103, 'A', '2024-10-28 00:02:43', 1, 72, 3, 0, 1, 0, 1);
INSERT INTO `daming_question_answer` VALUES (276, 'zww', 88, 103, 'C', '2024-10-28 00:02:43', 1, 73, 3, 0, 1, 0, 2);
INSERT INTO `daming_question_answer` VALUES (277, 'zww', 88, 103, 'A', '2024-10-28 00:02:43', 1, 74, 3, 1, 1, 1, 3);
INSERT INTO `daming_question_answer` VALUES (278, 'zww', 88, 103, 'B', '2024-10-28 00:02:43', 1, 71, 3, 0, 1, 0, 4);
INSERT INTO `daming_question_answer` VALUES (279, 'zww', 88, 104, '未填', '2025-11-09 19:20:20', 1, 75, 3, 0, 1, 0, 0);
INSERT INTO `daming_question_answer` VALUES (280, 'zww', 88, 104, '未填', '2025-11-09 19:20:20', 1, 72, 3, 0, 1, 0, 1);
INSERT INTO `daming_question_answer` VALUES (281, 'zww', 88, 104, '未填', '2025-11-09 19:20:20', 1, 73, 3, 0, 1, 0, 2);
INSERT INTO `daming_question_answer` VALUES (282, 'zww', 88, 104, '未填', '2025-11-09 19:20:20', 1, 74, 3, 0, 1, 0, 3);
INSERT INTO `daming_question_answer` VALUES (283, 'zww', 88, 104, '未填', '2025-11-09 19:20:20', 1, 71, 3, 0, 1, 0, 4);
INSERT INTO `daming_question_answer` VALUES (284, 'zww', 88, 105, '未填', '2025-11-09 19:21:50', 1, 75, 3, 0, 1, 0, 0);
INSERT INTO `daming_question_answer` VALUES (285, 'zww', 88, 105, '未填', '2025-11-09 19:21:50', 1, 72, 3, 0, 1, 0, 1);
INSERT INTO `daming_question_answer` VALUES (286, 'zww', 88, 105, '未填', '2025-11-09 19:21:50', 1, 73, 3, 0, 1, 0, 2);
INSERT INTO `daming_question_answer` VALUES (287, 'zww', 88, 105, '未填', '2025-11-09 19:21:50', 1, 74, 3, 0, 1, 0, 3);
INSERT INTO `daming_question_answer` VALUES (288, 'zww', 88, 105, '未填', '2025-11-09 19:21:50', 1, 71, 3, 0, 1, 0, 4);
INSERT INTO `daming_question_answer` VALUES (289, 'zww', 88, 106, '未填', '2025-11-09 19:35:56', 1, 75, 3, 0, 1, 0, 0);
INSERT INTO `daming_question_answer` VALUES (290, 'zww', 88, 106, '未填', '2025-11-09 19:35:56', 1, 72, 3, 0, 1, 0, 1);
INSERT INTO `daming_question_answer` VALUES (291, 'zww', 88, 106, '未填', '2025-11-09 19:35:56', 1, 73, 3, 0, 1, 0, 2);
INSERT INTO `daming_question_answer` VALUES (292, 'zww', 88, 106, '未填', '2025-11-09 19:35:56', 1, 74, 3, 0, 1, 0, 3);
INSERT INTO `daming_question_answer` VALUES (293, 'zww', 88, 106, '未填', '2025-11-09 19:35:56', 1, 71, 3, 0, 1, 0, 4);
INSERT INTO `daming_question_answer` VALUES (294, 'zww', 88, 107, '未填', '2025-11-09 19:40:53', 1, 75, 3, 0, 1, 0, 0);
INSERT INTO `daming_question_answer` VALUES (295, 'zww', 88, 107, '未填', '2025-11-09 19:40:53', 1, 72, 3, 0, 1, 0, 1);
INSERT INTO `daming_question_answer` VALUES (296, 'zww', 88, 107, '未填', '2025-11-09 19:40:53', 1, 73, 3, 0, 1, 0, 2);
INSERT INTO `daming_question_answer` VALUES (297, 'zww', 88, 107, '未填', '2025-11-09 19:40:53', 1, 74, 3, 0, 1, 0, 3);
INSERT INTO `daming_question_answer` VALUES (298, 'zww', 88, 107, '未填', '2025-11-09 19:40:53', 1, 71, 3, 0, 1, 0, 4);
INSERT INTO `daming_question_answer` VALUES (299, 'zww', 88, 108, '未填', '2025-11-09 19:42:22', 1, 75, 3, 0, 1, 0, 0);
INSERT INTO `daming_question_answer` VALUES (300, 'zww', 88, 108, '未填', '2025-11-09 19:42:22', 1, 72, 3, 0, 1, 0, 1);
INSERT INTO `daming_question_answer` VALUES (301, 'zww', 88, 108, '未填', '2025-11-09 19:42:22', 1, 73, 3, 0, 1, 0, 2);
INSERT INTO `daming_question_answer` VALUES (302, 'zww', 88, 108, '未填', '2025-11-09 19:42:22', 1, 74, 3, 0, 1, 0, 3);
INSERT INTO `daming_question_answer` VALUES (303, 'zww', 88, 108, '未填', '2025-11-09 19:42:22', 1, 71, 3, 0, 1, 0, 4);
INSERT INTO `daming_question_answer` VALUES (304, 'zww', 88, 109, '未填', '2025-11-09 19:57:24', 1, 75, 3, 0, 1, 0, 0);
INSERT INTO `daming_question_answer` VALUES (305, 'zww', 88, 109, '未填', '2025-11-09 19:57:24', 1, 72, 3, 0, 1, 0, 1);
INSERT INTO `daming_question_answer` VALUES (306, 'zww', 88, 109, '未填', '2025-11-09 19:57:24', 1, 73, 3, 0, 1, 0, 2);
INSERT INTO `daming_question_answer` VALUES (307, 'zww', 88, 109, '未填', '2025-11-09 19:57:24', 1, 74, 3, 0, 1, 0, 3);
INSERT INTO `daming_question_answer` VALUES (308, 'zww', 88, 109, '未填', '2025-11-09 19:57:24', 1, 71, 3, 0, 1, 0, 4);
INSERT INTO `daming_question_answer` VALUES (309, 'zww', 88, 110, '未填', '2025-11-09 19:57:52', 1, 75, 3, 0, 1, 0, 0);
INSERT INTO `daming_question_answer` VALUES (310, 'zww', 88, 110, '未填', '2025-11-09 19:57:52', 1, 72, 3, 0, 1, 0, 1);
INSERT INTO `daming_question_answer` VALUES (311, 'zww', 88, 110, '未填', '2025-11-09 19:57:52', 1, 73, 3, 0, 1, 0, 2);
INSERT INTO `daming_question_answer` VALUES (312, 'zww', 88, 110, '未填', '2025-11-09 19:57:52', 1, 74, 3, 0, 1, 0, 3);
INSERT INTO `daming_question_answer` VALUES (313, 'zww', 88, 110, '未填', '2025-11-09 19:57:52', 1, 71, 3, 0, 1, 0, 4);
INSERT INTO `daming_question_answer` VALUES (314, 'zww', 88, 111, '未填', '2025-11-09 20:01:50', 1, 75, 3, 0, 1, 0, 0);
INSERT INTO `daming_question_answer` VALUES (315, 'zww', 88, 111, '未填', '2025-11-09 20:01:50', 1, 72, 3, 0, 1, 0, 1);
INSERT INTO `daming_question_answer` VALUES (316, 'zww', 88, 111, '未填', '2025-11-09 20:01:50', 1, 73, 3, 0, 1, 0, 2);
INSERT INTO `daming_question_answer` VALUES (317, 'zww', 88, 111, '未填', '2025-11-09 20:01:50', 1, 74, 3, 0, 1, 0, 3);
INSERT INTO `daming_question_answer` VALUES (318, 'zww', 88, 111, '未填', '2025-11-09 20:01:50', 1, 71, 3, 0, 1, 0, 4);
INSERT INTO `daming_question_answer` VALUES (319, 'zww', 88, 112, '未填', '2025-11-09 20:03:56', 1, 75, 3, 0, 1, 0, 0);
INSERT INTO `daming_question_answer` VALUES (320, 'zww', 88, 112, '未填', '2025-11-09 20:03:56', 1, 72, 3, 0, 1, 0, 1);
INSERT INTO `daming_question_answer` VALUES (321, 'zww', 88, 112, '未填', '2025-11-09 20:03:56', 1, 73, 3, 0, 1, 0, 2);
INSERT INTO `daming_question_answer` VALUES (322, 'zww', 88, 112, '未填', '2025-11-09 20:03:56', 1, 74, 3, 0, 1, 0, 3);
INSERT INTO `daming_question_answer` VALUES (323, 'zww', 88, 112, '未填', '2025-11-09 20:03:56', 1, 71, 3, 0, 1, 0, 4);
INSERT INTO `daming_question_answer` VALUES (324, 'zww', 88, 113, '未填', '2025-11-09 20:15:04', 1, 75, 3, 0, 1, 0, 0);
INSERT INTO `daming_question_answer` VALUES (325, 'zww', 88, 113, '未填', '2025-11-09 20:15:04', 1, 72, 3, 0, 1, 0, 1);
INSERT INTO `daming_question_answer` VALUES (326, 'zww', 88, 113, '未填', '2025-11-09 20:15:04', 1, 73, 3, 0, 1, 0, 2);
INSERT INTO `daming_question_answer` VALUES (327, 'zww', 88, 113, '未填', '2025-11-09 20:15:04', 1, 74, 3, 0, 1, 0, 3);
INSERT INTO `daming_question_answer` VALUES (328, 'zww', 88, 113, '未填', '2025-11-09 20:15:04', 1, 71, 3, 0, 1, 0, 4);
INSERT INTO `daming_question_answer` VALUES (329, 'zww', 88, 114, '未填', '2025-11-09 20:16:10', 1, 75, 3, 0, 1, 0, 0);
INSERT INTO `daming_question_answer` VALUES (330, 'zww', 88, 114, '未填', '2025-11-09 20:16:10', 1, 72, 3, 0, 1, 0, 1);
INSERT INTO `daming_question_answer` VALUES (331, 'zww', 88, 114, '未填', '2025-11-09 20:16:10', 1, 73, 3, 0, 1, 0, 2);
INSERT INTO `daming_question_answer` VALUES (332, 'zww', 88, 114, '未填', '2025-11-09 20:16:10', 1, 74, 3, 0, 1, 0, 3);
INSERT INTO `daming_question_answer` VALUES (333, 'zww', 88, 114, '未填', '2025-11-09 20:16:10', 1, 71, 3, 0, 1, 0, 4);
INSERT INTO `daming_question_answer` VALUES (334, 'zww', 88, 115, '未填', '2025-11-09 20:19:22', 1, 75, 3, 0, 1, 0, 0);
INSERT INTO `daming_question_answer` VALUES (335, 'zww', 88, 115, '未填', '2025-11-09 20:19:22', 1, 72, 3, 0, 1, 0, 1);
INSERT INTO `daming_question_answer` VALUES (336, 'zww', 88, 115, '未填', '2025-11-09 20:19:22', 1, 73, 3, 0, 1, 0, 2);
INSERT INTO `daming_question_answer` VALUES (337, 'zww', 88, 115, '未填', '2025-11-09 20:19:22', 1, 74, 3, 0, 1, 0, 3);
INSERT INTO `daming_question_answer` VALUES (338, 'zww', 88, 115, '未填', '2025-11-09 20:19:22', 1, 71, 3, 0, 1, 0, 4);
INSERT INTO `daming_question_answer` VALUES (339, 'zww', 88, 116, 'D', '2025-11-09 20:20:10', 1, 75, 3, 0, 1, 0, 0);
INSERT INTO `daming_question_answer` VALUES (340, 'zww', 88, 116, '未填', '2025-11-09 20:20:10', 1, 72, 3, 0, 1, 0, 1);
INSERT INTO `daming_question_answer` VALUES (341, 'zww', 88, 116, '未填', '2025-11-09 20:20:10', 1, 73, 3, 0, 1, 0, 2);
INSERT INTO `daming_question_answer` VALUES (342, 'zww', 88, 116, '未填', '2025-11-09 20:20:10', 1, 74, 3, 0, 1, 0, 3);
INSERT INTO `daming_question_answer` VALUES (343, 'zww', 88, 116, '未填', '2025-11-09 20:20:10', 1, 71, 3, 0, 1, 0, 4);
INSERT INTO `daming_question_answer` VALUES (344, 'zww', 88, 117, '未填', '2025-11-09 20:25:05', 1, 75, 3, 0, 1, 0, 0);
INSERT INTO `daming_question_answer` VALUES (345, 'zww', 88, 117, '未填', '2025-11-09 20:25:05', 1, 72, 3, 0, 1, 0, 1);
INSERT INTO `daming_question_answer` VALUES (346, 'zww', 88, 117, '未填', '2025-11-09 20:25:05', 1, 73, 3, 0, 1, 0, 2);
INSERT INTO `daming_question_answer` VALUES (347, 'zww', 88, 117, '未填', '2025-11-09 20:25:05', 1, 74, 3, 0, 1, 0, 3);
INSERT INTO `daming_question_answer` VALUES (348, 'zww', 88, 117, '未填', '2025-11-09 20:25:05', 1, 71, 3, 0, 1, 0, 4);
INSERT INTO `daming_question_answer` VALUES (349, 'zww', 88, 118, '未填', '2025-11-09 20:26:20', 1, 75, 3, 0, 1, 0, 0);
INSERT INTO `daming_question_answer` VALUES (350, 'zww', 88, 118, '未填', '2025-11-09 20:26:20', 1, 72, 3, 0, 1, 0, 1);
INSERT INTO `daming_question_answer` VALUES (351, 'zww', 88, 118, '未填', '2025-11-09 20:26:20', 1, 73, 3, 0, 1, 0, 2);
INSERT INTO `daming_question_answer` VALUES (352, 'zww', 88, 118, '未填', '2025-11-09 20:26:20', 1, 74, 3, 0, 1, 0, 3);
INSERT INTO `daming_question_answer` VALUES (353, 'zww', 88, 118, '未填', '2025-11-09 20:26:20', 1, 71, 3, 0, 1, 0, 4);
INSERT INTO `daming_question_answer` VALUES (354, 'zww', 88, 119, '未填', '2025-11-09 20:26:21', 1, 75, 3, 0, 1, 0, 0);
INSERT INTO `daming_question_answer` VALUES (355, 'zww', 88, 119, '未填', '2025-11-09 20:26:21', 1, 72, 3, 0, 1, 0, 1);
INSERT INTO `daming_question_answer` VALUES (356, 'zww', 88, 119, '未填', '2025-11-09 20:26:21', 1, 73, 3, 0, 1, 0, 2);
INSERT INTO `daming_question_answer` VALUES (357, 'zww', 88, 119, '未填', '2025-11-09 20:26:21', 1, 74, 3, 0, 1, 0, 3);
INSERT INTO `daming_question_answer` VALUES (358, 'zww', 88, 119, '未填', '2025-11-09 20:26:21', 1, 71, 3, 0, 1, 0, 4);
INSERT INTO `daming_question_answer` VALUES (359, 'zww', 88, 120, '未填', '2025-11-09 20:26:21', 1, 75, 3, 0, 1, 0, 0);
INSERT INTO `daming_question_answer` VALUES (360, 'zww', 88, 120, '未填', '2025-11-09 20:26:21', 1, 72, 3, 0, 1, 0, 1);
INSERT INTO `daming_question_answer` VALUES (361, 'zww', 88, 120, '未填', '2025-11-09 20:26:21', 1, 73, 3, 0, 1, 0, 2);
INSERT INTO `daming_question_answer` VALUES (362, 'zww', 88, 120, '未填', '2025-11-09 20:26:21', 1, 74, 3, 0, 1, 0, 3);
INSERT INTO `daming_question_answer` VALUES (363, 'zww', 88, 120, '未填', '2025-11-09 20:26:21', 1, 71, 3, 0, 1, 0, 4);
INSERT INTO `daming_question_answer` VALUES (364, 'zww', 88, 121, '未填', '2025-11-09 20:26:21', 1, 75, 3, 0, 1, 0, 0);
INSERT INTO `daming_question_answer` VALUES (365, 'zww', 88, 121, '未填', '2025-11-09 20:26:21', 1, 72, 3, 0, 1, 0, 1);
INSERT INTO `daming_question_answer` VALUES (366, 'zww', 88, 121, '未填', '2025-11-09 20:26:21', 1, 73, 3, 0, 1, 0, 2);
INSERT INTO `daming_question_answer` VALUES (367, 'zww', 88, 121, '未填', '2025-11-09 20:26:21', 1, 74, 3, 0, 1, 0, 3);
INSERT INTO `daming_question_answer` VALUES (368, 'zww', 88, 121, '未填', '2025-11-09 20:26:21', 1, 71, 3, 0, 1, 0, 4);
INSERT INTO `daming_question_answer` VALUES (369, 'zww', 88, 122, '未填', '2025-11-09 20:26:22', 1, 75, 3, 0, 1, 0, 0);
INSERT INTO `daming_question_answer` VALUES (370, 'zww', 88, 122, '未填', '2025-11-09 20:26:22', 1, 72, 3, 0, 1, 0, 1);
INSERT INTO `daming_question_answer` VALUES (371, 'zww', 88, 122, '未填', '2025-11-09 20:26:22', 1, 73, 3, 0, 1, 0, 2);
INSERT INTO `daming_question_answer` VALUES (372, 'zww', 88, 122, '未填', '2025-11-09 20:26:22', 1, 74, 3, 0, 1, 0, 3);
INSERT INTO `daming_question_answer` VALUES (373, 'zww', 88, 122, '未填', '2025-11-09 20:26:22', 1, 71, 3, 0, 1, 0, 4);
INSERT INTO `daming_question_answer` VALUES (374, 'zww', 88, 123, '未填', '2025-11-09 20:26:39', 1, 75, 3, 0, 1, 0, 0);
INSERT INTO `daming_question_answer` VALUES (375, 'zww', 88, 123, '未填', '2025-11-09 20:26:39', 1, 72, 3, 0, 1, 0, 1);
INSERT INTO `daming_question_answer` VALUES (376, 'zww', 88, 123, '未填', '2025-11-09 20:26:39', 1, 73, 3, 0, 1, 0, 2);
INSERT INTO `daming_question_answer` VALUES (377, 'zww', 88, 123, '未填', '2025-11-09 20:26:39', 1, 74, 3, 0, 1, 0, 3);
INSERT INTO `daming_question_answer` VALUES (378, 'zww', 88, 123, '未填', '2025-11-09 20:26:39', 1, 71, 3, 0, 1, 0, 4);
INSERT INTO `daming_question_answer` VALUES (379, 'zww', 88, 124, '未填', '2025-11-09 20:26:54', 1, 75, 3, 0, 1, 0, 0);
INSERT INTO `daming_question_answer` VALUES (380, 'zww', 88, 124, '未填', '2025-11-09 20:26:54', 1, 72, 3, 0, 1, 0, 1);
INSERT INTO `daming_question_answer` VALUES (381, 'zww', 88, 124, '未填', '2025-11-09 20:26:54', 1, 73, 3, 0, 1, 0, 2);
INSERT INTO `daming_question_answer` VALUES (382, 'zww', 88, 124, '未填', '2025-11-09 20:26:54', 1, 74, 3, 0, 1, 0, 3);
INSERT INTO `daming_question_answer` VALUES (383, 'zww', 88, 124, '未填', '2025-11-09 20:26:54', 1, 71, 3, 0, 1, 0, 4);
INSERT INTO `daming_question_answer` VALUES (384, 'zww', 88, 125, '未填', '2025-11-09 20:27:06', 1, 75, 3, 0, 1, 0, 0);
INSERT INTO `daming_question_answer` VALUES (385, 'zww', 88, 125, '未填', '2025-11-09 20:27:06', 1, 72, 3, 0, 1, 0, 1);
INSERT INTO `daming_question_answer` VALUES (386, 'zww', 88, 125, '未填', '2025-11-09 20:27:06', 1, 73, 3, 0, 1, 0, 2);
INSERT INTO `daming_question_answer` VALUES (387, 'zww', 88, 125, '未填', '2025-11-09 20:27:06', 1, 74, 3, 0, 1, 0, 3);
INSERT INTO `daming_question_answer` VALUES (388, 'zww', 88, 125, '未填', '2025-11-09 20:27:06', 1, 71, 3, 0, 1, 0, 4);
INSERT INTO `daming_question_answer` VALUES (389, 'zww', 88, 126, '未填', '2025-11-09 20:38:42', 1, 75, 3, 0, 1, 0, 0);
INSERT INTO `daming_question_answer` VALUES (390, 'zww', 88, 126, '未填', '2025-11-09 20:38:42', 1, 72, 3, 0, 1, 0, 1);
INSERT INTO `daming_question_answer` VALUES (391, 'zww', 88, 126, '未填', '2025-11-09 20:38:42', 1, 73, 3, 0, 1, 0, 2);
INSERT INTO `daming_question_answer` VALUES (392, 'zww', 88, 126, '未填', '2025-11-09 20:38:42', 1, 74, 3, 0, 1, 0, 3);
INSERT INTO `daming_question_answer` VALUES (393, 'zww', 88, 126, '未填', '2025-11-09 20:38:42', 1, 71, 3, 0, 1, 0, 4);
INSERT INTO `daming_question_answer` VALUES (394, 'zww', 88, 127, '未填', '2025-11-11 10:40:38', 1, 75, 3, 0, 1, 0, 0);
INSERT INTO `daming_question_answer` VALUES (395, 'zww', 88, 127, '未填', '2025-11-11 10:40:38', 1, 72, 3, 0, 1, 0, 1);
INSERT INTO `daming_question_answer` VALUES (396, 'zww', 88, 127, '未填', '2025-11-11 10:40:38', 1, 73, 3, 0, 1, 0, 2);
INSERT INTO `daming_question_answer` VALUES (397, 'zww', 88, 127, '未填', '2025-11-11 10:40:38', 1, 74, 3, 0, 1, 0, 3);
INSERT INTO `daming_question_answer` VALUES (398, 'zww', 88, 127, '未填', '2025-11-11 10:40:38', 1, 71, 3, 0, 1, 0, 4);
INSERT INTO `daming_question_answer` VALUES (399, 'zww', 88, 128, '未填', '2025-11-11 10:41:01', 1, 75, 3, 0, 1, 0, 0);
INSERT INTO `daming_question_answer` VALUES (400, 'zww', 88, 128, '未填', '2025-11-11 10:41:01', 1, 72, 3, 0, 1, 0, 1);
INSERT INTO `daming_question_answer` VALUES (401, 'zww', 88, 128, '未填', '2025-11-11 10:41:01', 1, 73, 3, 0, 1, 0, 2);
INSERT INTO `daming_question_answer` VALUES (402, 'zww', 88, 128, '未填', '2025-11-11 10:41:01', 1, 74, 3, 0, 1, 0, 3);
INSERT INTO `daming_question_answer` VALUES (403, 'zww', 88, 128, '未填', '2025-11-11 10:41:01', 1, 71, 3, 0, 1, 0, 4);
INSERT INTO `daming_question_answer` VALUES (404, 'zww', 88, 129, 'D', '2025-11-11 10:42:12', 1, 75, 3, 0, 1, 0, 0);
INSERT INTO `daming_question_answer` VALUES (405, 'zww', 88, 129, 'C', '2025-11-11 10:42:12', 1, 72, 3, 0, 1, 0, 1);
INSERT INTO `daming_question_answer` VALUES (406, 'zww', 88, 129, '未填', '2025-11-11 10:42:12', 1, 73, 3, 0, 1, 0, 2);
INSERT INTO `daming_question_answer` VALUES (407, 'zww', 88, 129, '未填', '2025-11-11 10:42:12', 1, 74, 3, 0, 1, 0, 3);
INSERT INTO `daming_question_answer` VALUES (408, 'zww', 88, 129, '未填', '2025-11-11 10:42:12', 1, 71, 3, 0, 1, 0, 4);
INSERT INTO `daming_question_answer` VALUES (409, 'zww', 88, 130, 'D', '2025-11-11 10:44:06', 1, 75, 3, 0, 1, 0, 0);
INSERT INTO `daming_question_answer` VALUES (410, 'zww', 88, 130, 'C', '2025-11-11 10:44:06', 1, 72, 3, 0, 1, 0, 1);
INSERT INTO `daming_question_answer` VALUES (411, 'zww', 88, 130, '未填', '2025-11-11 10:44:06', 1, 73, 3, 0, 1, 0, 2);
INSERT INTO `daming_question_answer` VALUES (412, 'zww', 88, 130, '未填', '2025-11-11 10:44:06', 1, 74, 3, 0, 1, 0, 3);
INSERT INTO `daming_question_answer` VALUES (413, 'zww', 88, 130, '未填', '2025-11-11 10:44:06', 1, 71, 3, 0, 1, 0, 4);
INSERT INTO `daming_question_answer` VALUES (414, 'zww', 88, 131, '未填', '2025-11-11 10:48:43', 1, 75, 3, 0, 1, 0, 0);
INSERT INTO `daming_question_answer` VALUES (415, 'zww', 88, 131, 'A', '2025-11-11 10:48:43', 1, 72, 3, 0, 1, 0, 1);
INSERT INTO `daming_question_answer` VALUES (416, 'zww', 88, 131, '未填', '2025-11-11 10:48:43', 1, 73, 3, 0, 1, 0, 2);
INSERT INTO `daming_question_answer` VALUES (417, 'zww', 88, 131, '未填', '2025-11-11 10:48:43', 1, 74, 3, 0, 1, 0, 3);
INSERT INTO `daming_question_answer` VALUES (418, 'zww', 88, 131, '未填', '2025-11-11 10:48:43', 1, 71, 3, 0, 1, 0, 4);
INSERT INTO `daming_question_answer` VALUES (419, 'zww', 88, 132, '未填', '2025-11-11 10:50:29', 1, 75, 3, 0, 1, 0, 0);
INSERT INTO `daming_question_answer` VALUES (420, 'zww', 88, 132, '未填', '2025-11-11 10:50:29', 1, 72, 3, 0, 1, 0, 1);
INSERT INTO `daming_question_answer` VALUES (421, 'zww', 88, 132, '未填', '2025-11-11 10:50:29', 1, 73, 3, 0, 1, 0, 2);
INSERT INTO `daming_question_answer` VALUES (422, 'zww', 88, 132, '未填', '2025-11-11 10:50:29', 1, 74, 3, 0, 1, 0, 3);
INSERT INTO `daming_question_answer` VALUES (423, 'zww', 88, 132, '未填', '2025-11-11 10:50:29', 1, 71, 3, 0, 1, 0, 4);
INSERT INTO `daming_question_answer` VALUES (424, 'zww', 88, 133, '未填', '2025-11-11 10:53:51', 1, 75, 3, 0, 1, 0, 0);
INSERT INTO `daming_question_answer` VALUES (425, 'zww', 88, 133, '未填', '2025-11-11 10:53:51', 1, 72, 3, 0, 1, 0, 1);
INSERT INTO `daming_question_answer` VALUES (426, 'zww', 88, 133, '未填', '2025-11-11 10:53:51', 1, 73, 3, 0, 1, 0, 2);
INSERT INTO `daming_question_answer` VALUES (427, 'zww', 88, 133, '未填', '2025-11-11 10:53:51', 1, 74, 3, 0, 1, 0, 3);
INSERT INTO `daming_question_answer` VALUES (428, 'zww', 88, 133, '未填', '2025-11-11 10:53:51', 1, 71, 3, 0, 1, 0, 4);
INSERT INTO `daming_question_answer` VALUES (429, 'zww', 88, 134, '未填', '2025-11-11 10:53:55', 1, 75, 3, 0, 1, 0, 0);
INSERT INTO `daming_question_answer` VALUES (430, 'zww', 88, 134, '未填', '2025-11-11 10:53:55', 1, 72, 3, 0, 1, 0, 1);
INSERT INTO `daming_question_answer` VALUES (431, 'zww', 88, 134, '未填', '2025-11-11 10:53:55', 1, 73, 3, 0, 1, 0, 2);
INSERT INTO `daming_question_answer` VALUES (432, 'zww', 88, 134, '未填', '2025-11-11 10:53:55', 1, 74, 3, 0, 1, 0, 3);
INSERT INTO `daming_question_answer` VALUES (433, 'zww', 88, 134, '未填', '2025-11-11 10:53:55', 1, 71, 3, 0, 1, 0, 4);
INSERT INTO `daming_question_answer` VALUES (434, 'zww', 88, 135, '未填', '2025-11-11 11:01:15', 1, 75, 3, 0, 1, 0, 0);
INSERT INTO `daming_question_answer` VALUES (435, 'zww', 88, 135, '未填', '2025-11-11 11:01:15', 1, 72, 3, 0, 1, 0, 1);
INSERT INTO `daming_question_answer` VALUES (436, 'zww', 88, 135, '未填', '2025-11-11 11:01:15', 1, 73, 3, 0, 1, 0, 2);
INSERT INTO `daming_question_answer` VALUES (437, 'zww', 88, 135, '未填', '2025-11-11 11:01:15', 1, 74, 3, 0, 1, 0, 3);
INSERT INTO `daming_question_answer` VALUES (438, 'zww', 88, 135, '未填', '2025-11-11 11:01:15', 1, 71, 3, 0, 1, 0, 4);
INSERT INTO `daming_question_answer` VALUES (439, 'zww', 88, 136, '未填', '2025-11-11 11:01:15', 1, 75, 3, 0, 1, 0, 0);
INSERT INTO `daming_question_answer` VALUES (440, 'zww', 88, 136, '未填', '2025-11-11 11:01:15', 1, 72, 3, 0, 1, 0, 1);
INSERT INTO `daming_question_answer` VALUES (441, 'zww', 88, 136, '未填', '2025-11-11 11:01:15', 1, 73, 3, 0, 1, 0, 2);
INSERT INTO `daming_question_answer` VALUES (442, 'zww', 88, 136, '未填', '2025-11-11 11:01:15', 1, 74, 3, 0, 1, 0, 3);
INSERT INTO `daming_question_answer` VALUES (443, 'zww', 88, 136, '未填', '2025-11-11 11:01:15', 1, 71, 3, 0, 1, 0, 4);
INSERT INTO `daming_question_answer` VALUES (444, 'zww', 88, 137, '未填', '2025-11-11 11:01:16', 1, 75, 3, 0, 1, 0, 0);
INSERT INTO `daming_question_answer` VALUES (445, 'zww', 88, 137, '未填', '2025-11-11 11:01:16', 1, 72, 3, 0, 1, 0, 1);
INSERT INTO `daming_question_answer` VALUES (446, 'zww', 88, 137, '未填', '2025-11-11 11:01:16', 1, 73, 3, 0, 1, 0, 2);
INSERT INTO `daming_question_answer` VALUES (447, 'zww', 88, 137, '未填', '2025-11-11 11:01:16', 1, 74, 3, 0, 1, 0, 3);
INSERT INTO `daming_question_answer` VALUES (448, 'zww', 88, 137, '未填', '2025-11-11 11:01:16', 1, 71, 3, 0, 1, 0, 4);
INSERT INTO `daming_question_answer` VALUES (449, 'zww', 88, 138, '未填', '2025-11-11 11:01:16', 1, 75, 3, 0, 1, 0, 0);
INSERT INTO `daming_question_answer` VALUES (450, 'zww', 88, 138, '未填', '2025-11-11 11:01:16', 1, 72, 3, 0, 1, 0, 1);
INSERT INTO `daming_question_answer` VALUES (451, 'zww', 88, 138, '未填', '2025-11-11 11:01:16', 1, 73, 3, 0, 1, 0, 2);
INSERT INTO `daming_question_answer` VALUES (452, 'zww', 88, 138, '未填', '2025-11-11 11:01:16', 1, 74, 3, 0, 1, 0, 3);
INSERT INTO `daming_question_answer` VALUES (453, 'zww', 88, 138, '未填', '2025-11-11 11:01:16', 1, 71, 3, 0, 1, 0, 4);
INSERT INTO `daming_question_answer` VALUES (454, 'zww', 88, 139, '未填', '2025-11-11 11:01:16', 1, 75, 3, 0, 1, 0, 0);
INSERT INTO `daming_question_answer` VALUES (455, 'zww', 88, 139, '未填', '2025-11-11 11:01:16', 1, 72, 3, 0, 1, 0, 1);
INSERT INTO `daming_question_answer` VALUES (456, 'zww', 88, 139, '未填', '2025-11-11 11:01:16', 1, 73, 3, 0, 1, 0, 2);
INSERT INTO `daming_question_answer` VALUES (457, 'zww', 88, 139, '未填', '2025-11-11 11:01:16', 1, 74, 3, 0, 1, 0, 3);
INSERT INTO `daming_question_answer` VALUES (458, 'zww', 88, 139, '未填', '2025-11-11 11:01:16', 1, 71, 3, 0, 1, 0, 4);
INSERT INTO `daming_question_answer` VALUES (459, 'zww', 88, 140, '未填', '2025-11-11 11:01:17', 1, 75, 3, 0, 1, 0, 0);
INSERT INTO `daming_question_answer` VALUES (460, 'zww', 88, 140, '未填', '2025-11-11 11:01:17', 1, 72, 3, 0, 1, 0, 1);
INSERT INTO `daming_question_answer` VALUES (461, 'zww', 88, 140, '未填', '2025-11-11 11:01:17', 1, 73, 3, 0, 1, 0, 2);
INSERT INTO `daming_question_answer` VALUES (462, 'zww', 88, 140, '未填', '2025-11-11 11:01:17', 1, 74, 3, 0, 1, 0, 3);
INSERT INTO `daming_question_answer` VALUES (463, 'zww', 88, 140, '未填', '2025-11-11 11:01:17', 1, 71, 3, 0, 1, 0, 4);
INSERT INTO `daming_question_answer` VALUES (464, 'zww', 88, 141, '未填', '2025-11-11 11:01:17', 1, 75, 3, 0, 1, 0, 0);
INSERT INTO `daming_question_answer` VALUES (465, 'zww', 88, 141, '未填', '2025-11-11 11:01:17', 1, 72, 3, 0, 1, 0, 1);
INSERT INTO `daming_question_answer` VALUES (466, 'zww', 88, 141, '未填', '2025-11-11 11:01:17', 1, 73, 3, 0, 1, 0, 2);
INSERT INTO `daming_question_answer` VALUES (467, 'zww', 88, 141, '未填', '2025-11-11 11:01:17', 1, 74, 3, 0, 1, 0, 3);
INSERT INTO `daming_question_answer` VALUES (468, 'zww', 88, 141, '未填', '2025-11-11 11:01:17', 1, 71, 3, 0, 1, 0, 4);
INSERT INTO `daming_question_answer` VALUES (469, 'zww', 88, 142, '未填', '2025-11-11 11:01:17', 1, 75, 3, 0, 1, 0, 0);
INSERT INTO `daming_question_answer` VALUES (470, 'zww', 88, 142, '未填', '2025-11-11 11:01:17', 1, 72, 3, 0, 1, 0, 1);
INSERT INTO `daming_question_answer` VALUES (471, 'zww', 88, 142, '未填', '2025-11-11 11:01:17', 1, 73, 3, 0, 1, 0, 2);
INSERT INTO `daming_question_answer` VALUES (472, 'zww', 88, 142, '未填', '2025-11-11 11:01:17', 1, 74, 3, 0, 1, 0, 3);
INSERT INTO `daming_question_answer` VALUES (473, 'zww', 88, 142, '未填', '2025-11-11 11:01:17', 1, 71, 3, 0, 1, 0, 4);
INSERT INTO `daming_question_answer` VALUES (474, 'zww', 88, 143, '未填', '2025-11-11 11:01:17', 1, 75, 3, 0, 1, 0, 0);
INSERT INTO `daming_question_answer` VALUES (475, 'zww', 88, 143, '未填', '2025-11-11 11:01:17', 1, 72, 3, 0, 1, 0, 1);
INSERT INTO `daming_question_answer` VALUES (476, 'zww', 88, 143, '未填', '2025-11-11 11:01:17', 1, 73, 3, 0, 1, 0, 2);
INSERT INTO `daming_question_answer` VALUES (477, 'zww', 88, 143, '未填', '2025-11-11 11:01:17', 1, 74, 3, 0, 1, 0, 3);
INSERT INTO `daming_question_answer` VALUES (478, 'zww', 88, 143, '未填', '2025-11-11 11:01:17', 1, 71, 3, 0, 1, 0, 4);
INSERT INTO `daming_question_answer` VALUES (479, 'zww', 88, 144, '未填', '2025-11-11 11:01:17', 1, 75, 3, 0, 1, 0, 0);
INSERT INTO `daming_question_answer` VALUES (480, 'zww', 88, 144, '未填', '2025-11-11 11:01:17', 1, 72, 3, 0, 1, 0, 1);
INSERT INTO `daming_question_answer` VALUES (481, 'zww', 88, 144, '未填', '2025-11-11 11:01:17', 1, 73, 3, 0, 1, 0, 2);
INSERT INTO `daming_question_answer` VALUES (482, 'zww', 88, 144, '未填', '2025-11-11 11:01:17', 1, 74, 3, 0, 1, 0, 3);
INSERT INTO `daming_question_answer` VALUES (483, 'zww', 88, 144, '未填', '2025-11-11 11:01:17', 1, 71, 3, 0, 1, 0, 4);
INSERT INTO `daming_question_answer` VALUES (484, 'zww', 88, 145, '未填', '2025-11-11 11:01:17', 1, 75, 3, 0, 1, 0, 0);
INSERT INTO `daming_question_answer` VALUES (485, 'zww', 88, 145, '未填', '2025-11-11 11:01:17', 1, 72, 3, 0, 1, 0, 1);
INSERT INTO `daming_question_answer` VALUES (486, 'zww', 88, 145, '未填', '2025-11-11 11:01:17', 1, 73, 3, 0, 1, 0, 2);
INSERT INTO `daming_question_answer` VALUES (487, 'zww', 88, 145, '未填', '2025-11-11 11:01:17', 1, 74, 3, 0, 1, 0, 3);
INSERT INTO `daming_question_answer` VALUES (488, 'zww', 88, 145, '未填', '2025-11-11 11:01:17', 1, 71, 3, 0, 1, 0, 4);
INSERT INTO `daming_question_answer` VALUES (489, 'zww', 88, 146, '未填', '2025-11-11 11:01:18', 1, 75, 3, 0, 1, 0, 0);
INSERT INTO `daming_question_answer` VALUES (490, 'zww', 88, 146, '未填', '2025-11-11 11:01:18', 1, 72, 3, 0, 1, 0, 1);
INSERT INTO `daming_question_answer` VALUES (491, 'zww', 88, 146, '未填', '2025-11-11 11:01:18', 1, 73, 3, 0, 1, 0, 2);
INSERT INTO `daming_question_answer` VALUES (492, 'zww', 88, 146, '未填', '2025-11-11 11:01:18', 1, 74, 3, 0, 1, 0, 3);
INSERT INTO `daming_question_answer` VALUES (493, 'zww', 88, 146, '未填', '2025-11-11 11:01:18', 1, 71, 3, 0, 1, 0, 4);
INSERT INTO `daming_question_answer` VALUES (494, 'zww', 88, 147, '未填', '2025-11-11 11:01:18', 1, 75, 3, 0, 1, 0, 0);
INSERT INTO `daming_question_answer` VALUES (495, 'zww', 88, 147, '未填', '2025-11-11 11:01:18', 1, 72, 3, 0, 1, 0, 1);
INSERT INTO `daming_question_answer` VALUES (496, 'zww', 88, 147, '未填', '2025-11-11 11:01:18', 1, 73, 3, 0, 1, 0, 2);
INSERT INTO `daming_question_answer` VALUES (497, 'zww', 88, 147, '未填', '2025-11-11 11:01:18', 1, 74, 3, 0, 1, 0, 3);
INSERT INTO `daming_question_answer` VALUES (498, 'zww', 88, 147, '未填', '2025-11-11 11:01:18', 1, 71, 3, 0, 1, 0, 4);
INSERT INTO `daming_question_answer` VALUES (499, 'zww', 88, 148, '未填', '2025-11-11 11:01:18', 1, 75, 3, 0, 1, 0, 0);
INSERT INTO `daming_question_answer` VALUES (500, 'zww', 88, 148, '未填', '2025-11-11 11:01:18', 1, 72, 3, 0, 1, 0, 1);
INSERT INTO `daming_question_answer` VALUES (501, 'zww', 88, 148, '未填', '2025-11-11 11:01:18', 1, 73, 3, 0, 1, 0, 2);
INSERT INTO `daming_question_answer` VALUES (502, 'zww', 88, 148, '未填', '2025-11-11 11:01:18', 1, 74, 3, 0, 1, 0, 3);
INSERT INTO `daming_question_answer` VALUES (503, 'zww', 88, 148, '未填', '2025-11-11 11:01:18', 1, 71, 3, 0, 1, 0, 4);
INSERT INTO `daming_question_answer` VALUES (504, 'zww', 88, 149, '未填', '2025-11-11 11:01:19', 1, 75, 3, 0, 1, 0, 0);
INSERT INTO `daming_question_answer` VALUES (505, 'zww', 88, 149, '未填', '2025-11-11 11:01:19', 1, 72, 3, 0, 1, 0, 1);
INSERT INTO `daming_question_answer` VALUES (506, 'zww', 88, 149, '未填', '2025-11-11 11:01:19', 1, 73, 3, 0, 1, 0, 2);
INSERT INTO `daming_question_answer` VALUES (507, 'zww', 88, 149, '未填', '2025-11-11 11:01:19', 1, 74, 3, 0, 1, 0, 3);
INSERT INTO `daming_question_answer` VALUES (508, 'zww', 88, 149, '未填', '2025-11-11 11:01:19', 1, 71, 3, 0, 1, 0, 4);
INSERT INTO `daming_question_answer` VALUES (509, 'zww', 88, 150, '未填', '2025-11-11 11:01:21', 1, 75, 3, 0, 1, 0, 0);
INSERT INTO `daming_question_answer` VALUES (510, 'zww', 88, 150, '未填', '2025-11-11 11:01:21', 1, 72, 3, 0, 1, 0, 1);
INSERT INTO `daming_question_answer` VALUES (511, 'zww', 88, 150, '未填', '2025-11-11 11:01:21', 1, 73, 3, 0, 1, 0, 2);
INSERT INTO `daming_question_answer` VALUES (512, 'zww', 88, 150, '未填', '2025-11-11 11:01:21', 1, 74, 3, 0, 1, 0, 3);
INSERT INTO `daming_question_answer` VALUES (513, 'zww', 88, 150, '未填', '2025-11-11 11:01:21', 1, 71, 3, 0, 1, 0, 4);
INSERT INTO `daming_question_answer` VALUES (514, 'zww', 88, 151, '未填', '2025-11-11 11:01:22', 1, 75, 3, 0, 1, 0, 0);
INSERT INTO `daming_question_answer` VALUES (515, 'zww', 88, 151, '未填', '2025-11-11 11:01:22', 1, 72, 3, 0, 1, 0, 1);
INSERT INTO `daming_question_answer` VALUES (516, 'zww', 88, 151, '未填', '2025-11-11 11:01:22', 1, 73, 3, 0, 1, 0, 2);
INSERT INTO `daming_question_answer` VALUES (517, 'zww', 88, 151, '未填', '2025-11-11 11:01:22', 1, 74, 3, 0, 1, 0, 3);
INSERT INTO `daming_question_answer` VALUES (518, 'zww', 88, 151, '未填', '2025-11-11 11:01:22', 1, 71, 3, 0, 1, 0, 4);
INSERT INTO `daming_question_answer` VALUES (519, 'zww', 88, 152, '未填', '2025-11-11 11:01:22', 1, 75, 3, 0, 1, 0, 0);
INSERT INTO `daming_question_answer` VALUES (520, 'zww', 88, 152, '未填', '2025-11-11 11:01:22', 1, 72, 3, 0, 1, 0, 1);
INSERT INTO `daming_question_answer` VALUES (521, 'zww', 88, 152, '未填', '2025-11-11 11:01:22', 1, 73, 3, 0, 1, 0, 2);
INSERT INTO `daming_question_answer` VALUES (522, 'zww', 88, 152, '未填', '2025-11-11 11:01:22', 1, 74, 3, 0, 1, 0, 3);
INSERT INTO `daming_question_answer` VALUES (523, 'zww', 88, 152, '未填', '2025-11-11 11:01:22', 1, 71, 3, 0, 1, 0, 4);
INSERT INTO `daming_question_answer` VALUES (524, 'zww', 88, 153, '未填', '2025-11-11 11:01:22', 1, 75, 3, 0, 1, 0, 0);
INSERT INTO `daming_question_answer` VALUES (525, 'zww', 88, 153, '未填', '2025-11-11 11:01:22', 1, 72, 3, 0, 1, 0, 1);
INSERT INTO `daming_question_answer` VALUES (526, 'zww', 88, 153, '未填', '2025-11-11 11:01:22', 1, 73, 3, 0, 1, 0, 2);
INSERT INTO `daming_question_answer` VALUES (527, 'zww', 88, 153, '未填', '2025-11-11 11:01:22', 1, 74, 3, 0, 1, 0, 3);
INSERT INTO `daming_question_answer` VALUES (528, 'zww', 88, 153, '未填', '2025-11-11 11:01:22', 1, 71, 3, 0, 1, 0, 4);
INSERT INTO `daming_question_answer` VALUES (529, 'zww', 88, 154, '未填', '2025-11-11 11:01:22', 1, 75, 3, 0, 1, 0, 0);
INSERT INTO `daming_question_answer` VALUES (530, 'zww', 88, 154, '未填', '2025-11-11 11:01:22', 1, 72, 3, 0, 1, 0, 1);
INSERT INTO `daming_question_answer` VALUES (531, 'zww', 88, 154, '未填', '2025-11-11 11:01:22', 1, 73, 3, 0, 1, 0, 2);
INSERT INTO `daming_question_answer` VALUES (532, 'zww', 88, 154, '未填', '2025-11-11 11:01:22', 1, 74, 3, 0, 1, 0, 3);
INSERT INTO `daming_question_answer` VALUES (533, 'zww', 88, 154, '未填', '2025-11-11 11:01:22', 1, 71, 3, 0, 1, 0, 4);
INSERT INTO `daming_question_answer` VALUES (534, 'zww', 88, 155, '未填', '2025-11-11 11:01:22', 1, 75, 3, 0, 1, 0, 0);
INSERT INTO `daming_question_answer` VALUES (535, 'zww', 88, 155, '未填', '2025-11-11 11:01:22', 1, 72, 3, 0, 1, 0, 1);
INSERT INTO `daming_question_answer` VALUES (536, 'zww', 88, 155, '未填', '2025-11-11 11:01:22', 1, 73, 3, 0, 1, 0, 2);
INSERT INTO `daming_question_answer` VALUES (537, 'zww', 88, 155, '未填', '2025-11-11 11:01:22', 1, 74, 3, 0, 1, 0, 3);
INSERT INTO `daming_question_answer` VALUES (538, 'zww', 88, 155, '未填', '2025-11-11 11:01:22', 1, 71, 3, 0, 1, 0, 4);
INSERT INTO `daming_question_answer` VALUES (539, 'zww', 88, 156, '未填', '2025-11-11 11:01:23', 1, 75, 3, 0, 1, 0, 0);
INSERT INTO `daming_question_answer` VALUES (540, 'zww', 88, 156, '未填', '2025-11-11 11:01:23', 1, 72, 3, 0, 1, 0, 1);
INSERT INTO `daming_question_answer` VALUES (541, 'zww', 88, 156, '未填', '2025-11-11 11:01:23', 1, 73, 3, 0, 1, 0, 2);
INSERT INTO `daming_question_answer` VALUES (542, 'zww', 88, 156, '未填', '2025-11-11 11:01:23', 1, 74, 3, 0, 1, 0, 3);
INSERT INTO `daming_question_answer` VALUES (543, 'zww', 88, 156, '未填', '2025-11-11 11:01:23', 1, 71, 3, 0, 1, 0, 4);
INSERT INTO `daming_question_answer` VALUES (544, 'zww', 88, 157, '未填', '2025-11-11 11:01:23', 1, 75, 3, 0, 1, 0, 0);
INSERT INTO `daming_question_answer` VALUES (545, 'zww', 88, 157, '未填', '2025-11-11 11:01:23', 1, 72, 3, 0, 1, 0, 1);
INSERT INTO `daming_question_answer` VALUES (546, 'zww', 88, 157, '未填', '2025-11-11 11:01:23', 1, 73, 3, 0, 1, 0, 2);
INSERT INTO `daming_question_answer` VALUES (547, 'zww', 88, 157, '未填', '2025-11-11 11:01:23', 1, 74, 3, 0, 1, 0, 3);
INSERT INTO `daming_question_answer` VALUES (548, 'zww', 88, 157, '未填', '2025-11-11 11:01:23', 1, 71, 3, 0, 1, 0, 4);
INSERT INTO `daming_question_answer` VALUES (549, 'zww', 88, 158, '未填', '2025-11-11 11:01:24', 1, 75, 3, 0, 1, 0, 0);
INSERT INTO `daming_question_answer` VALUES (550, 'zww', 88, 158, '未填', '2025-11-11 11:01:24', 1, 72, 3, 0, 1, 0, 1);
INSERT INTO `daming_question_answer` VALUES (551, 'zww', 88, 158, '未填', '2025-11-11 11:01:24', 1, 73, 3, 0, 1, 0, 2);
INSERT INTO `daming_question_answer` VALUES (552, 'zww', 88, 158, '未填', '2025-11-11 11:01:24', 1, 74, 3, 0, 1, 0, 3);
INSERT INTO `daming_question_answer` VALUES (553, 'zww', 88, 158, '未填', '2025-11-11 11:01:24', 1, 71, 3, 0, 1, 0, 4);
INSERT INTO `daming_question_answer` VALUES (554, 'zww', 88, 159, '未填', '2025-11-11 11:01:24', 1, 75, 3, 0, 1, 0, 0);
INSERT INTO `daming_question_answer` VALUES (555, 'zww', 88, 159, '未填', '2025-11-11 11:01:24', 1, 72, 3, 0, 1, 0, 1);
INSERT INTO `daming_question_answer` VALUES (556, 'zww', 88, 159, '未填', '2025-11-11 11:01:24', 1, 73, 3, 0, 1, 0, 2);
INSERT INTO `daming_question_answer` VALUES (557, 'zww', 88, 159, '未填', '2025-11-11 11:01:24', 1, 74, 3, 0, 1, 0, 3);
INSERT INTO `daming_question_answer` VALUES (558, 'zww', 88, 159, '未填', '2025-11-11 11:01:24', 1, 71, 3, 0, 1, 0, 4);
INSERT INTO `daming_question_answer` VALUES (559, 'zww', 88, 160, '未填', '2025-11-11 11:01:24', 1, 75, 3, 0, 1, 0, 0);
INSERT INTO `daming_question_answer` VALUES (560, 'zww', 88, 160, '未填', '2025-11-11 11:01:24', 1, 72, 3, 0, 1, 0, 1);
INSERT INTO `daming_question_answer` VALUES (561, 'zww', 88, 160, '未填', '2025-11-11 11:01:24', 1, 73, 3, 0, 1, 0, 2);
INSERT INTO `daming_question_answer` VALUES (562, 'zww', 88, 160, '未填', '2025-11-11 11:01:24', 1, 74, 3, 0, 1, 0, 3);
INSERT INTO `daming_question_answer` VALUES (563, 'zww', 88, 160, '未填', '2025-11-11 11:01:24', 1, 71, 3, 0, 1, 0, 4);
INSERT INTO `daming_question_answer` VALUES (564, 'zww', 88, 161, '未填', '2025-11-11 11:01:24', 1, 75, 3, 0, 1, 0, 0);
INSERT INTO `daming_question_answer` VALUES (565, 'zww', 88, 161, '未填', '2025-11-11 11:01:24', 1, 72, 3, 0, 1, 0, 1);
INSERT INTO `daming_question_answer` VALUES (566, 'zww', 88, 161, '未填', '2025-11-11 11:01:24', 1, 73, 3, 0, 1, 0, 2);
INSERT INTO `daming_question_answer` VALUES (567, 'zww', 88, 161, '未填', '2025-11-11 11:01:24', 1, 74, 3, 0, 1, 0, 3);
INSERT INTO `daming_question_answer` VALUES (568, 'zww', 88, 161, '未填', '2025-11-11 11:01:24', 1, 71, 3, 0, 1, 0, 4);
INSERT INTO `daming_question_answer` VALUES (569, 'zww', 88, 162, '未填', '2025-11-11 11:01:24', 1, 75, 3, 0, 1, 0, 0);
INSERT INTO `daming_question_answer` VALUES (570, 'zww', 88, 162, '未填', '2025-11-11 11:01:24', 1, 72, 3, 0, 1, 0, 1);
INSERT INTO `daming_question_answer` VALUES (571, 'zww', 88, 162, '未填', '2025-11-11 11:01:24', 1, 73, 3, 0, 1, 0, 2);
INSERT INTO `daming_question_answer` VALUES (572, 'zww', 88, 162, '未填', '2025-11-11 11:01:24', 1, 74, 3, 0, 1, 0, 3);
INSERT INTO `daming_question_answer` VALUES (573, 'zww', 88, 162, '未填', '2025-11-11 11:01:24', 1, 71, 3, 0, 1, 0, 4);
INSERT INTO `daming_question_answer` VALUES (574, 'zww', 88, 163, '未填', '2025-11-11 11:01:25', 1, 75, 3, 0, 1, 0, 0);
INSERT INTO `daming_question_answer` VALUES (575, 'zww', 88, 163, '未填', '2025-11-11 11:01:25', 1, 72, 3, 0, 1, 0, 1);
INSERT INTO `daming_question_answer` VALUES (576, 'zww', 88, 163, '未填', '2025-11-11 11:01:25', 1, 73, 3, 0, 1, 0, 2);
INSERT INTO `daming_question_answer` VALUES (577, 'zww', 88, 163, '未填', '2025-11-11 11:01:25', 1, 74, 3, 0, 1, 0, 3);
INSERT INTO `daming_question_answer` VALUES (578, 'zww', 88, 163, '未填', '2025-11-11 11:01:25', 1, 71, 3, 0, 1, 0, 4);
INSERT INTO `daming_question_answer` VALUES (579, 'zww', 88, 164, '未填', '2025-11-11 11:01:47', 1, 75, 3, 0, 1, 0, 0);
INSERT INTO `daming_question_answer` VALUES (580, 'zww', 88, 164, '未填', '2025-11-11 11:01:47', 1, 72, 3, 0, 1, 0, 1);
INSERT INTO `daming_question_answer` VALUES (581, 'zww', 88, 164, '未填', '2025-11-11 11:01:47', 1, 73, 3, 0, 1, 0, 2);
INSERT INTO `daming_question_answer` VALUES (582, 'zww', 88, 164, '未填', '2025-11-11 11:01:47', 1, 74, 3, 0, 1, 0, 3);
INSERT INTO `daming_question_answer` VALUES (583, 'zww', 88, 164, '未填', '2025-11-11 11:01:47', 1, 71, 3, 0, 1, 0, 4);
INSERT INTO `daming_question_answer` VALUES (584, 'zww', 88, 165, '未填', '2025-11-11 11:01:51', 1, 75, 3, 0, 1, 0, 0);
INSERT INTO `daming_question_answer` VALUES (585, 'zww', 88, 165, '未填', '2025-11-11 11:01:51', 1, 72, 3, 0, 1, 0, 1);
INSERT INTO `daming_question_answer` VALUES (586, 'zww', 88, 165, '未填', '2025-11-11 11:01:51', 1, 73, 3, 0, 1, 0, 2);
INSERT INTO `daming_question_answer` VALUES (587, 'zww', 88, 165, '未填', '2025-11-11 11:01:51', 1, 74, 3, 0, 1, 0, 3);
INSERT INTO `daming_question_answer` VALUES (588, 'zww', 88, 165, '未填', '2025-11-11 11:01:51', 1, 71, 3, 0, 1, 0, 4);
INSERT INTO `daming_question_answer` VALUES (589, 'zww', 88, 166, '未填', '2025-11-11 11:07:14', 1, 75, 3, 0, 1, 0, 0);
INSERT INTO `daming_question_answer` VALUES (590, 'zww', 88, 166, '未填', '2025-11-11 11:07:14', 1, 72, 3, 0, 1, 0, 1);
INSERT INTO `daming_question_answer` VALUES (591, 'zww', 88, 166, '未填', '2025-11-11 11:07:14', 1, 73, 3, 0, 1, 0, 2);
INSERT INTO `daming_question_answer` VALUES (592, 'zww', 88, 166, '未填', '2025-11-11 11:07:14', 1, 74, 3, 0, 1, 0, 3);
INSERT INTO `daming_question_answer` VALUES (593, 'zww', 88, 166, '未填', '2025-11-11 11:07:14', 1, 71, 3, 0, 1, 0, 4);
INSERT INTO `daming_question_answer` VALUES (594, 'zww', 88, 167, '未填', '2025-11-11 11:07:15', 1, 75, 3, 0, 1, 0, 0);
INSERT INTO `daming_question_answer` VALUES (595, 'zww', 88, 167, '未填', '2025-11-11 11:07:15', 1, 72, 3, 0, 1, 0, 1);
INSERT INTO `daming_question_answer` VALUES (596, 'zww', 88, 167, '未填', '2025-11-11 11:07:15', 1, 73, 3, 0, 1, 0, 2);
INSERT INTO `daming_question_answer` VALUES (597, 'zww', 88, 167, '未填', '2025-11-11 11:07:15', 1, 74, 3, 0, 1, 0, 3);
INSERT INTO `daming_question_answer` VALUES (598, 'zww', 88, 167, '未填', '2025-11-11 11:07:15', 1, 71, 3, 0, 1, 0, 4);
INSERT INTO `daming_question_answer` VALUES (599, 'zww', 88, 168, '未填', '2025-11-11 11:07:16', 1, 75, 3, 0, 1, 0, 0);
INSERT INTO `daming_question_answer` VALUES (600, 'zww', 88, 168, '未填', '2025-11-11 11:07:16', 1, 72, 3, 0, 1, 0, 1);
INSERT INTO `daming_question_answer` VALUES (601, 'zww', 88, 168, '未填', '2025-11-11 11:07:16', 1, 73, 3, 0, 1, 0, 2);
INSERT INTO `daming_question_answer` VALUES (602, 'zww', 88, 168, '未填', '2025-11-11 11:07:16', 1, 74, 3, 0, 1, 0, 3);
INSERT INTO `daming_question_answer` VALUES (603, 'zww', 88, 168, '未填', '2025-11-11 11:07:16', 1, 71, 3, 0, 1, 0, 4);
INSERT INTO `daming_question_answer` VALUES (604, 'zww', 88, 169, '未填', '2025-11-11 11:07:47', 1, 75, 3, 0, 1, 0, 0);
INSERT INTO `daming_question_answer` VALUES (605, 'zww', 88, 169, '未填', '2025-11-11 11:07:47', 1, 72, 3, 0, 1, 0, 1);
INSERT INTO `daming_question_answer` VALUES (606, 'zww', 88, 169, '未填', '2025-11-11 11:07:47', 1, 73, 3, 0, 1, 0, 2);
INSERT INTO `daming_question_answer` VALUES (607, 'zww', 88, 169, '未填', '2025-11-11 11:07:47', 1, 74, 3, 0, 1, 0, 3);
INSERT INTO `daming_question_answer` VALUES (608, 'zww', 88, 169, '未填', '2025-11-11 11:07:47', 1, 71, 3, 0, 1, 0, 4);
INSERT INTO `daming_question_answer` VALUES (609, 'zww', 88, 170, '未填', '2025-11-11 11:07:52', 1, 75, 3, 0, 1, 0, 0);
INSERT INTO `daming_question_answer` VALUES (610, 'zww', 88, 170, '未填', '2025-11-11 11:07:52', 1, 72, 3, 0, 1, 0, 1);
INSERT INTO `daming_question_answer` VALUES (611, 'zww', 88, 170, '未填', '2025-11-11 11:07:52', 1, 73, 3, 0, 1, 0, 2);
INSERT INTO `daming_question_answer` VALUES (612, 'zww', 88, 170, '未填', '2025-11-11 11:07:52', 1, 74, 3, 0, 1, 0, 3);
INSERT INTO `daming_question_answer` VALUES (613, 'zww', 88, 170, '未填', '2025-11-11 11:07:52', 1, 71, 3, 0, 1, 0, 4);
INSERT INTO `daming_question_answer` VALUES (614, 'zww', 88, 171, 'D', '2025-11-11 11:08:46', 1, 75, 3, 0, 1, 0, 0);
INSERT INTO `daming_question_answer` VALUES (615, 'zww', 88, 171, 'C', '2025-11-11 11:08:46', 1, 72, 3, 0, 1, 0, 1);
INSERT INTO `daming_question_answer` VALUES (616, 'zww', 88, 171, 'D', '2025-11-11 11:08:46', 1, 73, 3, 0, 1, 0, 2);
INSERT INTO `daming_question_answer` VALUES (617, 'zww', 88, 171, 'B', '2025-11-11 11:08:46', 1, 74, 3, 0, 1, 0, 3);
INSERT INTO `daming_question_answer` VALUES (618, 'zww', 88, 171, 'D', '2025-11-11 11:08:46', 1, 71, 3, 0, 1, 0, 4);
INSERT INTO `daming_question_answer` VALUES (619, 'zww', 88, 172, '未填', '2025-11-11 11:10:34', 1, 75, 3, 0, 1, 0, 0);
INSERT INTO `daming_question_answer` VALUES (620, 'zww', 88, 172, '未填', '2025-11-11 11:10:34', 1, 72, 3, 0, 1, 0, 1);
INSERT INTO `daming_question_answer` VALUES (621, 'zww', 88, 172, '未填', '2025-11-11 11:10:34', 1, 73, 3, 0, 1, 0, 2);
INSERT INTO `daming_question_answer` VALUES (622, 'zww', 88, 172, '未填', '2025-11-11 11:10:34', 1, 74, 3, 0, 1, 0, 3);
INSERT INTO `daming_question_answer` VALUES (623, 'zww', 88, 172, '未填', '2025-11-11 11:10:34', 1, 71, 3, 0, 1, 0, 4);
INSERT INTO `daming_question_answer` VALUES (624, 'zww', 88, 173, '未填', '2025-11-11 11:10:46', 1, 75, 3, 0, 1, 0, 0);
INSERT INTO `daming_question_answer` VALUES (625, 'zww', 88, 173, '未填', '2025-11-11 11:10:46', 1, 72, 3, 0, 1, 0, 1);
INSERT INTO `daming_question_answer` VALUES (626, 'zww', 88, 173, '未填', '2025-11-11 11:10:46', 1, 73, 3, 0, 1, 0, 2);
INSERT INTO `daming_question_answer` VALUES (627, 'zww', 88, 173, '未填', '2025-11-11 11:10:46', 1, 74, 3, 0, 1, 0, 3);
INSERT INTO `daming_question_answer` VALUES (628, 'zww', 88, 173, '未填', '2025-11-11 11:10:46', 1, 71, 3, 0, 1, 0, 4);
INSERT INTO `daming_question_answer` VALUES (629, 'zww', 88, 174, '未填', '2025-11-11 11:10:47', 1, 75, 3, 0, 1, 0, 0);
INSERT INTO `daming_question_answer` VALUES (630, 'zww', 88, 174, '未填', '2025-11-11 11:10:47', 1, 72, 3, 0, 1, 0, 1);
INSERT INTO `daming_question_answer` VALUES (631, 'zww', 88, 174, '未填', '2025-11-11 11:10:47', 1, 73, 3, 0, 1, 0, 2);
INSERT INTO `daming_question_answer` VALUES (632, 'zww', 88, 174, '未填', '2025-11-11 11:10:47', 1, 74, 3, 0, 1, 0, 3);
INSERT INTO `daming_question_answer` VALUES (633, 'zww', 88, 174, '未填', '2025-11-11 11:10:47', 1, 71, 3, 0, 1, 0, 4);
INSERT INTO `daming_question_answer` VALUES (634, 'zww', 88, 175, '未填', '2025-11-11 11:10:47', 1, 75, 3, 0, 1, 0, 0);
INSERT INTO `daming_question_answer` VALUES (635, 'zww', 88, 175, '未填', '2025-11-11 11:10:47', 1, 72, 3, 0, 1, 0, 1);
INSERT INTO `daming_question_answer` VALUES (636, 'zww', 88, 175, '未填', '2025-11-11 11:10:47', 1, 73, 3, 0, 1, 0, 2);
INSERT INTO `daming_question_answer` VALUES (637, 'zww', 88, 175, '未填', '2025-11-11 11:10:47', 1, 74, 3, 0, 1, 0, 3);
INSERT INTO `daming_question_answer` VALUES (638, 'zww', 88, 175, '未填', '2025-11-11 11:10:47', 1, 71, 3, 0, 1, 0, 4);
INSERT INTO `daming_question_answer` VALUES (639, 'zww', 88, 176, '未填', '2025-11-11 11:10:48', 1, 75, 3, 0, 1, 0, 0);
INSERT INTO `daming_question_answer` VALUES (640, 'zww', 88, 176, '未填', '2025-11-11 11:10:48', 1, 72, 3, 0, 1, 0, 1);
INSERT INTO `daming_question_answer` VALUES (641, 'zww', 88, 176, '未填', '2025-11-11 11:10:48', 1, 73, 3, 0, 1, 0, 2);
INSERT INTO `daming_question_answer` VALUES (642, 'zww', 88, 176, '未填', '2025-11-11 11:10:48', 1, 74, 3, 0, 1, 0, 3);
INSERT INTO `daming_question_answer` VALUES (643, 'zww', 88, 176, '未填', '2025-11-11 11:10:48', 1, 71, 3, 0, 1, 0, 4);
INSERT INTO `daming_question_answer` VALUES (644, 'zww', 88, 177, '未填', '2025-11-11 11:10:48', 1, 75, 3, 0, 1, 0, 0);
INSERT INTO `daming_question_answer` VALUES (645, 'zww', 88, 177, '未填', '2025-11-11 11:10:48', 1, 72, 3, 0, 1, 0, 1);
INSERT INTO `daming_question_answer` VALUES (646, 'zww', 88, 177, '未填', '2025-11-11 11:10:48', 1, 73, 3, 0, 1, 0, 2);
INSERT INTO `daming_question_answer` VALUES (647, 'zww', 88, 177, '未填', '2025-11-11 11:10:48', 1, 74, 3, 0, 1, 0, 3);
INSERT INTO `daming_question_answer` VALUES (648, 'zww', 88, 177, '未填', '2025-11-11 11:10:48', 1, 71, 3, 0, 1, 0, 4);
INSERT INTO `daming_question_answer` VALUES (649, 'zww', 88, 178, '未填', '2025-11-11 11:10:53', 1, 75, 3, 0, 1, 0, 0);
INSERT INTO `daming_question_answer` VALUES (650, 'zww', 88, 178, '未填', '2025-11-11 11:10:53', 1, 72, 3, 0, 1, 0, 1);
INSERT INTO `daming_question_answer` VALUES (651, 'zww', 88, 178, '未填', '2025-11-11 11:10:53', 1, 73, 3, 0, 1, 0, 2);
INSERT INTO `daming_question_answer` VALUES (652, 'zww', 88, 178, '未填', '2025-11-11 11:10:53', 1, 74, 3, 0, 1, 0, 3);
INSERT INTO `daming_question_answer` VALUES (653, 'zww', 88, 178, '未填', '2025-11-11 11:10:53', 1, 71, 3, 0, 1, 0, 4);
INSERT INTO `daming_question_answer` VALUES (654, 'zww', 88, 179, '未填', '2025-11-11 11:10:53', 1, 75, 3, 0, 1, 0, 0);
INSERT INTO `daming_question_answer` VALUES (655, 'zww', 88, 179, '未填', '2025-11-11 11:10:53', 1, 72, 3, 0, 1, 0, 1);
INSERT INTO `daming_question_answer` VALUES (656, 'zww', 88, 179, '未填', '2025-11-11 11:10:53', 1, 73, 3, 0, 1, 0, 2);
INSERT INTO `daming_question_answer` VALUES (657, 'zww', 88, 179, '未填', '2025-11-11 11:10:53', 1, 74, 3, 0, 1, 0, 3);
INSERT INTO `daming_question_answer` VALUES (658, 'zww', 88, 179, '未填', '2025-11-11 11:10:53', 1, 71, 3, 0, 1, 0, 4);
INSERT INTO `daming_question_answer` VALUES (659, 'zww', 88, 180, '未填', '2025-11-11 11:10:54', 1, 75, 3, 0, 1, 0, 0);
INSERT INTO `daming_question_answer` VALUES (660, 'zww', 88, 180, '未填', '2025-11-11 11:10:54', 1, 72, 3, 0, 1, 0, 1);
INSERT INTO `daming_question_answer` VALUES (661, 'zww', 88, 180, '未填', '2025-11-11 11:10:54', 1, 73, 3, 0, 1, 0, 2);
INSERT INTO `daming_question_answer` VALUES (662, 'zww', 88, 180, '未填', '2025-11-11 11:10:54', 1, 74, 3, 0, 1, 0, 3);
INSERT INTO `daming_question_answer` VALUES (663, 'zww', 88, 180, '未填', '2025-11-11 11:10:54', 1, 71, 3, 0, 1, 0, 4);
INSERT INTO `daming_question_answer` VALUES (664, 'zww', 88, 181, '未填', '2025-11-11 11:10:57', 1, 75, 3, 0, 1, 0, 0);
INSERT INTO `daming_question_answer` VALUES (665, 'zww', 88, 181, '未填', '2025-11-11 11:10:57', 1, 72, 3, 0, 1, 0, 1);
INSERT INTO `daming_question_answer` VALUES (666, 'zww', 88, 181, '未填', '2025-11-11 11:10:57', 1, 73, 3, 0, 1, 0, 2);
INSERT INTO `daming_question_answer` VALUES (667, 'zww', 88, 181, '未填', '2025-11-11 11:10:57', 1, 74, 3, 0, 1, 0, 3);
INSERT INTO `daming_question_answer` VALUES (668, 'zww', 88, 181, '未填', '2025-11-11 11:10:57', 1, 71, 3, 0, 1, 0, 4);
INSERT INTO `daming_question_answer` VALUES (669, 'zww', 88, 182, '未填', '2025-11-11 11:12:51', 1, 75, 3, 0, 1, 0, 0);
INSERT INTO `daming_question_answer` VALUES (670, 'zww', 88, 182, '未填', '2025-11-11 11:12:51', 1, 72, 3, 0, 1, 0, 1);
INSERT INTO `daming_question_answer` VALUES (671, 'zww', 88, 182, '未填', '2025-11-11 11:12:51', 1, 73, 3, 0, 1, 0, 2);
INSERT INTO `daming_question_answer` VALUES (672, 'zww', 88, 182, '未填', '2025-11-11 11:12:51', 1, 74, 3, 0, 1, 0, 3);
INSERT INTO `daming_question_answer` VALUES (673, 'zww', 88, 182, '未填', '2025-11-11 11:12:51', 1, 71, 3, 0, 1, 0, 4);
INSERT INTO `daming_question_answer` VALUES (674, 'zww', 88, 183, '未填', '2025-11-11 11:12:51', 1, 75, 3, 0, 1, 0, 0);
INSERT INTO `daming_question_answer` VALUES (675, 'zww', 88, 183, '未填', '2025-11-11 11:12:51', 1, 72, 3, 0, 1, 0, 1);
INSERT INTO `daming_question_answer` VALUES (676, 'zww', 88, 183, '未填', '2025-11-11 11:12:51', 1, 73, 3, 0, 1, 0, 2);
INSERT INTO `daming_question_answer` VALUES (677, 'zww', 88, 183, '未填', '2025-11-11 11:12:51', 1, 74, 3, 0, 1, 0, 3);
INSERT INTO `daming_question_answer` VALUES (678, 'zww', 88, 183, '未填', '2025-11-11 11:12:51', 1, 71, 3, 0, 1, 0, 4);
INSERT INTO `daming_question_answer` VALUES (679, 'zww', 88, 184, '未填', '2025-11-11 11:12:52', 1, 75, 3, 0, 1, 0, 0);
INSERT INTO `daming_question_answer` VALUES (680, 'zww', 88, 184, '未填', '2025-11-11 11:12:52', 1, 72, 3, 0, 1, 0, 1);
INSERT INTO `daming_question_answer` VALUES (681, 'zww', 88, 184, '未填', '2025-11-11 11:12:52', 1, 73, 3, 0, 1, 0, 2);
INSERT INTO `daming_question_answer` VALUES (682, 'zww', 88, 184, '未填', '2025-11-11 11:12:52', 1, 74, 3, 0, 1, 0, 3);
INSERT INTO `daming_question_answer` VALUES (683, 'zww', 88, 184, '未填', '2025-11-11 11:12:52', 1, 71, 3, 0, 1, 0, 4);
INSERT INTO `daming_question_answer` VALUES (684, 'zww', 88, 185, '未填', '2025-11-11 11:13:44', 1, 75, 3, 0, 1, 0, 0);
INSERT INTO `daming_question_answer` VALUES (685, 'zww', 88, 185, '未填', '2025-11-11 11:13:44', 1, 72, 3, 0, 1, 0, 1);
INSERT INTO `daming_question_answer` VALUES (686, 'zww', 88, 185, '未填', '2025-11-11 11:13:44', 1, 73, 3, 0, 1, 0, 2);
INSERT INTO `daming_question_answer` VALUES (687, 'zww', 88, 185, '未填', '2025-11-11 11:13:44', 1, 74, 3, 0, 1, 0, 3);
INSERT INTO `daming_question_answer` VALUES (688, 'zww', 88, 185, '未填', '2025-11-11 11:13:44', 1, 71, 3, 0, 1, 0, 4);
INSERT INTO `daming_question_answer` VALUES (689, 'zww', 88, 186, '未填', '2025-11-11 11:15:20', 1, 75, 3, 0, 1, 0, 0);
INSERT INTO `daming_question_answer` VALUES (690, 'zww', 88, 186, '未填', '2025-11-11 11:15:20', 1, 72, 3, 0, 1, 0, 1);
INSERT INTO `daming_question_answer` VALUES (691, 'zww', 88, 186, '未填', '2025-11-11 11:15:20', 1, 73, 3, 0, 1, 0, 2);
INSERT INTO `daming_question_answer` VALUES (692, 'zww', 88, 186, '未填', '2025-11-11 11:15:20', 1, 74, 3, 0, 1, 0, 3);
INSERT INTO `daming_question_answer` VALUES (693, 'zww', 88, 186, '未填', '2025-11-11 11:15:20', 1, 71, 3, 0, 1, 0, 4);
INSERT INTO `daming_question_answer` VALUES (694, 'zww', 88, 187, '未填', '2025-11-11 11:16:31', 1, 75, 3, 0, 1, 0, 0);
INSERT INTO `daming_question_answer` VALUES (695, 'zww', 88, 187, '未填', '2025-11-11 11:16:31', 1, 72, 3, 0, 1, 0, 1);
INSERT INTO `daming_question_answer` VALUES (696, 'zww', 88, 187, '未填', '2025-11-11 11:16:31', 1, 73, 3, 0, 1, 0, 2);
INSERT INTO `daming_question_answer` VALUES (697, 'zww', 88, 187, '未填', '2025-11-11 11:16:31', 1, 74, 3, 0, 1, 0, 3);
INSERT INTO `daming_question_answer` VALUES (698, 'zww', 88, 187, '未填', '2025-11-11 11:16:31', 1, 71, 3, 0, 1, 0, 4);
INSERT INTO `daming_question_answer` VALUES (699, 'zww', 88, 188, '未填', '2025-11-11 11:16:33', 1, 75, 3, 0, 1, 0, 0);
INSERT INTO `daming_question_answer` VALUES (700, 'zww', 88, 188, '未填', '2025-11-11 11:16:33', 1, 72, 3, 0, 1, 0, 1);
INSERT INTO `daming_question_answer` VALUES (701, 'zww', 88, 188, '未填', '2025-11-11 11:16:33', 1, 73, 3, 0, 1, 0, 2);
INSERT INTO `daming_question_answer` VALUES (702, 'zww', 88, 188, '未填', '2025-11-11 11:16:33', 1, 74, 3, 0, 1, 0, 3);
INSERT INTO `daming_question_answer` VALUES (703, 'zww', 88, 188, '未填', '2025-11-11 11:16:33', 1, 71, 3, 0, 1, 0, 4);
INSERT INTO `daming_question_answer` VALUES (704, 'zww', 88, 189, '未填', '2025-11-11 11:16:33', 1, 75, 3, 0, 1, 0, 0);
INSERT INTO `daming_question_answer` VALUES (705, 'zww', 88, 189, '未填', '2025-11-11 11:16:33', 1, 72, 3, 0, 1, 0, 1);
INSERT INTO `daming_question_answer` VALUES (706, 'zww', 88, 189, '未填', '2025-11-11 11:16:33', 1, 73, 3, 0, 1, 0, 2);
INSERT INTO `daming_question_answer` VALUES (707, 'zww', 88, 189, '未填', '2025-11-11 11:16:33', 1, 74, 3, 0, 1, 0, 3);
INSERT INTO `daming_question_answer` VALUES (708, 'zww', 88, 189, '未填', '2025-11-11 11:16:33', 1, 71, 3, 0, 1, 0, 4);
INSERT INTO `daming_question_answer` VALUES (709, 'zww', 88, 190, '未填', '2025-11-11 11:16:33', 1, 75, 3, 0, 1, 0, 0);
INSERT INTO `daming_question_answer` VALUES (710, 'zww', 88, 190, '未填', '2025-11-11 11:16:33', 1, 72, 3, 0, 1, 0, 1);
INSERT INTO `daming_question_answer` VALUES (711, 'zww', 88, 190, '未填', '2025-11-11 11:16:33', 1, 73, 3, 0, 1, 0, 2);
INSERT INTO `daming_question_answer` VALUES (712, 'zww', 88, 190, '未填', '2025-11-11 11:16:33', 1, 74, 3, 0, 1, 0, 3);
INSERT INTO `daming_question_answer` VALUES (713, 'zww', 88, 190, '未填', '2025-11-11 11:16:33', 1, 71, 3, 0, 1, 0, 4);
INSERT INTO `daming_question_answer` VALUES (714, 'zww', 88, 191, '未填', '2025-11-11 11:16:34', 1, 75, 3, 0, 1, 0, 0);
INSERT INTO `daming_question_answer` VALUES (715, 'zww', 88, 191, '未填', '2025-11-11 11:16:34', 1, 72, 3, 0, 1, 0, 1);
INSERT INTO `daming_question_answer` VALUES (716, 'zww', 88, 191, '未填', '2025-11-11 11:16:34', 1, 73, 3, 0, 1, 0, 2);
INSERT INTO `daming_question_answer` VALUES (717, 'zww', 88, 191, '未填', '2025-11-11 11:16:34', 1, 74, 3, 0, 1, 0, 3);
INSERT INTO `daming_question_answer` VALUES (718, 'zww', 88, 191, '未填', '2025-11-11 11:16:34', 1, 71, 3, 0, 1, 0, 4);
INSERT INTO `daming_question_answer` VALUES (719, 'zww', 88, 192, '未填', '2025-11-11 11:16:34', 1, 75, 3, 0, 1, 0, 0);
INSERT INTO `daming_question_answer` VALUES (720, 'zww', 88, 192, '未填', '2025-11-11 11:16:34', 1, 72, 3, 0, 1, 0, 1);
INSERT INTO `daming_question_answer` VALUES (721, 'zww', 88, 192, '未填', '2025-11-11 11:16:34', 1, 73, 3, 0, 1, 0, 2);
INSERT INTO `daming_question_answer` VALUES (722, 'zww', 88, 192, '未填', '2025-11-11 11:16:34', 1, 74, 3, 0, 1, 0, 3);
INSERT INTO `daming_question_answer` VALUES (723, 'zww', 88, 192, '未填', '2025-11-11 11:16:34', 1, 71, 3, 0, 1, 0, 4);
INSERT INTO `daming_question_answer` VALUES (724, 'zww', 88, 193, '未填', '2025-11-11 11:16:34', 1, 75, 3, 0, 1, 0, 0);
INSERT INTO `daming_question_answer` VALUES (725, 'zww', 88, 193, '未填', '2025-11-11 11:16:34', 1, 72, 3, 0, 1, 0, 1);
INSERT INTO `daming_question_answer` VALUES (726, 'zww', 88, 193, '未填', '2025-11-11 11:16:34', 1, 73, 3, 0, 1, 0, 2);
INSERT INTO `daming_question_answer` VALUES (727, 'zww', 88, 193, '未填', '2025-11-11 11:16:34', 1, 74, 3, 0, 1, 0, 3);
INSERT INTO `daming_question_answer` VALUES (728, 'zww', 88, 193, '未填', '2025-11-11 11:16:34', 1, 71, 3, 0, 1, 0, 4);
INSERT INTO `daming_question_answer` VALUES (729, 'zww', 88, 194, '未填', '2025-11-11 11:16:35', 1, 75, 3, 0, 1, 0, 0);
INSERT INTO `daming_question_answer` VALUES (730, 'zww', 88, 194, '未填', '2025-11-11 11:16:35', 1, 72, 3, 0, 1, 0, 1);
INSERT INTO `daming_question_answer` VALUES (731, 'zww', 88, 194, '未填', '2025-11-11 11:16:35', 1, 73, 3, 0, 1, 0, 2);
INSERT INTO `daming_question_answer` VALUES (732, 'zww', 88, 194, '未填', '2025-11-11 11:16:35', 1, 74, 3, 0, 1, 0, 3);
INSERT INTO `daming_question_answer` VALUES (733, 'zww', 88, 194, '未填', '2025-11-11 11:16:35', 1, 71, 3, 0, 1, 0, 4);
INSERT INTO `daming_question_answer` VALUES (734, 'zww', 88, 195, '未填', '2025-11-11 11:16:35', 1, 75, 3, 0, 1, 0, 0);
INSERT INTO `daming_question_answer` VALUES (735, 'zww', 88, 195, '未填', '2025-11-11 11:16:35', 1, 72, 3, 0, 1, 0, 1);
INSERT INTO `daming_question_answer` VALUES (736, 'zww', 88, 195, '未填', '2025-11-11 11:16:35', 1, 73, 3, 0, 1, 0, 2);
INSERT INTO `daming_question_answer` VALUES (737, 'zww', 88, 195, '未填', '2025-11-11 11:16:35', 1, 74, 3, 0, 1, 0, 3);
INSERT INTO `daming_question_answer` VALUES (738, 'zww', 88, 195, '未填', '2025-11-11 11:16:35', 1, 71, 3, 0, 1, 0, 4);
INSERT INTO `daming_question_answer` VALUES (739, 'zww', 88, 196, '未填', '2025-11-11 11:16:35', 1, 75, 3, 0, 1, 0, 0);
INSERT INTO `daming_question_answer` VALUES (740, 'zww', 88, 196, '未填', '2025-11-11 11:16:35', 1, 72, 3, 0, 1, 0, 1);
INSERT INTO `daming_question_answer` VALUES (741, 'zww', 88, 196, '未填', '2025-11-11 11:16:35', 1, 73, 3, 0, 1, 0, 2);
INSERT INTO `daming_question_answer` VALUES (742, 'zww', 88, 196, '未填', '2025-11-11 11:16:35', 1, 74, 3, 0, 1, 0, 3);
INSERT INTO `daming_question_answer` VALUES (743, 'zww', 88, 196, '未填', '2025-11-11 11:16:35', 1, 71, 3, 0, 1, 0, 4);
INSERT INTO `daming_question_answer` VALUES (744, 'zww', 88, 197, '未填', '2025-11-11 11:16:36', 1, 75, 3, 0, 1, 0, 0);
INSERT INTO `daming_question_answer` VALUES (745, 'zww', 88, 197, '未填', '2025-11-11 11:16:36', 1, 72, 3, 0, 1, 0, 1);
INSERT INTO `daming_question_answer` VALUES (746, 'zww', 88, 197, '未填', '2025-11-11 11:16:36', 1, 73, 3, 0, 1, 0, 2);
INSERT INTO `daming_question_answer` VALUES (747, 'zww', 88, 197, '未填', '2025-11-11 11:16:36', 1, 74, 3, 0, 1, 0, 3);
INSERT INTO `daming_question_answer` VALUES (748, 'zww', 88, 197, '未填', '2025-11-11 11:16:36', 1, 71, 3, 0, 1, 0, 4);
INSERT INTO `daming_question_answer` VALUES (749, 'zww', 88, 198, '未填', '2025-11-11 11:16:36', 1, 75, 3, 0, 1, 0, 0);
INSERT INTO `daming_question_answer` VALUES (750, 'zww', 88, 198, '未填', '2025-11-11 11:16:36', 1, 72, 3, 0, 1, 0, 1);
INSERT INTO `daming_question_answer` VALUES (751, 'zww', 88, 198, '未填', '2025-11-11 11:16:36', 1, 73, 3, 0, 1, 0, 2);
INSERT INTO `daming_question_answer` VALUES (752, 'zww', 88, 198, '未填', '2025-11-11 11:16:36', 1, 74, 3, 0, 1, 0, 3);
INSERT INTO `daming_question_answer` VALUES (753, 'zww', 88, 198, '未填', '2025-11-11 11:16:36', 1, 71, 3, 0, 1, 0, 4);
INSERT INTO `daming_question_answer` VALUES (754, 'zww', 88, 199, '未填', '2025-11-11 11:16:36', 1, 75, 3, 0, 1, 0, 0);
INSERT INTO `daming_question_answer` VALUES (755, 'zww', 88, 199, '未填', '2025-11-11 11:16:36', 1, 72, 3, 0, 1, 0, 1);
INSERT INTO `daming_question_answer` VALUES (756, 'zww', 88, 199, '未填', '2025-11-11 11:16:36', 1, 73, 3, 0, 1, 0, 2);
INSERT INTO `daming_question_answer` VALUES (757, 'zww', 88, 199, '未填', '2025-11-11 11:16:36', 1, 74, 3, 0, 1, 0, 3);
INSERT INTO `daming_question_answer` VALUES (758, 'zww', 88, 199, '未填', '2025-11-11 11:16:36', 1, 71, 3, 0, 1, 0, 4);
INSERT INTO `daming_question_answer` VALUES (759, 'zww', 88, 200, '未填', '2025-11-11 11:16:36', 1, 75, 3, 0, 1, 0, 0);
INSERT INTO `daming_question_answer` VALUES (760, 'zww', 88, 200, '未填', '2025-11-11 11:16:36', 1, 72, 3, 0, 1, 0, 1);
INSERT INTO `daming_question_answer` VALUES (761, 'zww', 88, 200, '未填', '2025-11-11 11:16:36', 1, 73, 3, 0, 1, 0, 2);
INSERT INTO `daming_question_answer` VALUES (762, 'zww', 88, 200, '未填', '2025-11-11 11:16:36', 1, 74, 3, 0, 1, 0, 3);
INSERT INTO `daming_question_answer` VALUES (763, 'zww', 88, 200, '未填', '2025-11-11 11:16:36', 1, 71, 3, 0, 1, 0, 4);
INSERT INTO `daming_question_answer` VALUES (764, 'zww', 88, 201, '未填', '2025-11-11 11:16:36', 1, 75, 3, 0, 1, 0, 0);
INSERT INTO `daming_question_answer` VALUES (765, 'zww', 88, 201, '未填', '2025-11-11 11:16:36', 1, 72, 3, 0, 1, 0, 1);
INSERT INTO `daming_question_answer` VALUES (766, 'zww', 88, 201, '未填', '2025-11-11 11:16:36', 1, 73, 3, 0, 1, 0, 2);
INSERT INTO `daming_question_answer` VALUES (767, 'zww', 88, 201, '未填', '2025-11-11 11:16:36', 1, 74, 3, 0, 1, 0, 3);
INSERT INTO `daming_question_answer` VALUES (768, 'zww', 88, 201, '未填', '2025-11-11 11:16:36', 1, 71, 3, 0, 1, 0, 4);
INSERT INTO `daming_question_answer` VALUES (769, 'zww', 88, 202, '未填', '2025-11-11 11:16:36', 1, 75, 3, 0, 1, 0, 0);
INSERT INTO `daming_question_answer` VALUES (770, 'zww', 88, 202, '未填', '2025-11-11 11:16:36', 1, 72, 3, 0, 1, 0, 1);
INSERT INTO `daming_question_answer` VALUES (771, 'zww', 88, 202, '未填', '2025-11-11 11:16:36', 1, 73, 3, 0, 1, 0, 2);
INSERT INTO `daming_question_answer` VALUES (772, 'zww', 88, 202, '未填', '2025-11-11 11:16:36', 1, 74, 3, 0, 1, 0, 3);
INSERT INTO `daming_question_answer` VALUES (773, 'zww', 88, 202, '未填', '2025-11-11 11:16:36', 1, 71, 3, 0, 1, 0, 4);
INSERT INTO `daming_question_answer` VALUES (774, 'zww', 88, 203, '未填', '2025-11-11 11:16:37', 1, 75, 3, 0, 1, 0, 0);
INSERT INTO `daming_question_answer` VALUES (775, 'zww', 88, 203, '未填', '2025-11-11 11:16:37', 1, 72, 3, 0, 1, 0, 1);
INSERT INTO `daming_question_answer` VALUES (776, 'zww', 88, 203, '未填', '2025-11-11 11:16:37', 1, 73, 3, 0, 1, 0, 2);
INSERT INTO `daming_question_answer` VALUES (777, 'zww', 88, 203, '未填', '2025-11-11 11:16:37', 1, 74, 3, 0, 1, 0, 3);
INSERT INTO `daming_question_answer` VALUES (778, 'zww', 88, 203, '未填', '2025-11-11 11:16:37', 1, 71, 3, 0, 1, 0, 4);
INSERT INTO `daming_question_answer` VALUES (779, 'zww', 88, 204, '未填', '2025-11-11 11:16:37', 1, 75, 3, 0, 1, 0, 0);
INSERT INTO `daming_question_answer` VALUES (780, 'zww', 88, 204, '未填', '2025-11-11 11:16:37', 1, 72, 3, 0, 1, 0, 1);
INSERT INTO `daming_question_answer` VALUES (781, 'zww', 88, 204, '未填', '2025-11-11 11:16:37', 1, 73, 3, 0, 1, 0, 2);
INSERT INTO `daming_question_answer` VALUES (782, 'zww', 88, 204, '未填', '2025-11-11 11:16:37', 1, 74, 3, 0, 1, 0, 3);
INSERT INTO `daming_question_answer` VALUES (783, 'zww', 88, 204, '未填', '2025-11-11 11:16:37', 1, 71, 3, 0, 1, 0, 4);
INSERT INTO `daming_question_answer` VALUES (784, 'zww', 88, 205, '未填', '2025-11-11 11:16:38', 1, 75, 3, 0, 1, 0, 0);
INSERT INTO `daming_question_answer` VALUES (785, 'zww', 88, 205, '未填', '2025-11-11 11:16:38', 1, 72, 3, 0, 1, 0, 1);
INSERT INTO `daming_question_answer` VALUES (786, 'zww', 88, 205, '未填', '2025-11-11 11:16:38', 1, 73, 3, 0, 1, 0, 2);
INSERT INTO `daming_question_answer` VALUES (787, 'zww', 88, 205, '未填', '2025-11-11 11:16:38', 1, 74, 3, 0, 1, 0, 3);
INSERT INTO `daming_question_answer` VALUES (788, 'zww', 88, 205, '未填', '2025-11-11 11:16:38', 1, 71, 3, 0, 1, 0, 4);
INSERT INTO `daming_question_answer` VALUES (789, 'zww', 88, 206, '未填', '2025-11-11 11:16:38', 1, 75, 3, 0, 1, 0, 0);
INSERT INTO `daming_question_answer` VALUES (790, 'zww', 88, 206, '未填', '2025-11-11 11:16:38', 1, 72, 3, 0, 1, 0, 1);
INSERT INTO `daming_question_answer` VALUES (791, 'zww', 88, 206, '未填', '2025-11-11 11:16:38', 1, 73, 3, 0, 1, 0, 2);
INSERT INTO `daming_question_answer` VALUES (792, 'zww', 88, 206, '未填', '2025-11-11 11:16:38', 1, 74, 3, 0, 1, 0, 3);
INSERT INTO `daming_question_answer` VALUES (793, 'zww', 88, 206, '未填', '2025-11-11 11:16:38', 1, 71, 3, 0, 1, 0, 4);
INSERT INTO `daming_question_answer` VALUES (794, 'zww', 88, 207, '未填', '2025-11-11 11:16:38', 1, 75, 3, 0, 1, 0, 0);
INSERT INTO `daming_question_answer` VALUES (795, 'zww', 88, 207, '未填', '2025-11-11 11:16:38', 1, 72, 3, 0, 1, 0, 1);
INSERT INTO `daming_question_answer` VALUES (796, 'zww', 88, 207, '未填', '2025-11-11 11:16:38', 1, 73, 3, 0, 1, 0, 2);
INSERT INTO `daming_question_answer` VALUES (797, 'zww', 88, 207, '未填', '2025-11-11 11:16:38', 1, 74, 3, 0, 1, 0, 3);
INSERT INTO `daming_question_answer` VALUES (798, 'zww', 88, 207, '未填', '2025-11-11 11:16:38', 1, 71, 3, 0, 1, 0, 4);
INSERT INTO `daming_question_answer` VALUES (799, 'zww', 88, 208, '未填', '2025-11-11 11:16:38', 1, 75, 3, 0, 1, 0, 0);
INSERT INTO `daming_question_answer` VALUES (800, 'zww', 88, 208, '未填', '2025-11-11 11:16:38', 1, 72, 3, 0, 1, 0, 1);
INSERT INTO `daming_question_answer` VALUES (801, 'zww', 88, 208, '未填', '2025-11-11 11:16:38', 1, 73, 3, 0, 1, 0, 2);
INSERT INTO `daming_question_answer` VALUES (802, 'zww', 88, 208, '未填', '2025-11-11 11:16:38', 1, 74, 3, 0, 1, 0, 3);
INSERT INTO `daming_question_answer` VALUES (803, 'zww', 88, 208, '未填', '2025-11-11 11:16:38', 1, 71, 3, 0, 1, 0, 4);
INSERT INTO `daming_question_answer` VALUES (804, 'zww', 88, 209, '未填', '2025-11-11 11:16:38', 1, 75, 3, 0, 1, 0, 0);
INSERT INTO `daming_question_answer` VALUES (805, 'zww', 88, 209, '未填', '2025-11-11 11:16:38', 1, 72, 3, 0, 1, 0, 1);
INSERT INTO `daming_question_answer` VALUES (806, 'zww', 88, 209, '未填', '2025-11-11 11:16:38', 1, 73, 3, 0, 1, 0, 2);
INSERT INTO `daming_question_answer` VALUES (807, 'zww', 88, 209, '未填', '2025-11-11 11:16:38', 1, 74, 3, 0, 1, 0, 3);
INSERT INTO `daming_question_answer` VALUES (808, 'zww', 88, 209, '未填', '2025-11-11 11:16:38', 1, 71, 3, 0, 1, 0, 4);
INSERT INTO `daming_question_answer` VALUES (809, 'zww', 88, 210, '未填', '2025-11-11 11:17:55', 1, 75, 3, 0, 1, 0, 0);
INSERT INTO `daming_question_answer` VALUES (810, 'zww', 88, 210, '未填', '2025-11-11 11:17:55', 1, 72, 3, 0, 1, 0, 1);
INSERT INTO `daming_question_answer` VALUES (811, 'zww', 88, 210, '未填', '2025-11-11 11:17:55', 1, 73, 3, 0, 1, 0, 2);
INSERT INTO `daming_question_answer` VALUES (812, 'zww', 88, 210, '未填', '2025-11-11 11:17:55', 1, 74, 3, 0, 1, 0, 3);
INSERT INTO `daming_question_answer` VALUES (813, 'zww', 88, 210, '未填', '2025-11-11 11:17:55', 1, 71, 3, 0, 1, 0, 4);
INSERT INTO `daming_question_answer` VALUES (814, 'zww', 88, 211, '未填', '2025-11-11 11:17:56', 1, 75, 3, 0, 1, 0, 0);
INSERT INTO `daming_question_answer` VALUES (815, 'zww', 88, 211, '未填', '2025-11-11 11:17:56', 1, 72, 3, 0, 1, 0, 1);
INSERT INTO `daming_question_answer` VALUES (816, 'zww', 88, 211, '未填', '2025-11-11 11:17:56', 1, 73, 3, 0, 1, 0, 2);
INSERT INTO `daming_question_answer` VALUES (817, 'zww', 88, 211, '未填', '2025-11-11 11:17:56', 1, 74, 3, 0, 1, 0, 3);
INSERT INTO `daming_question_answer` VALUES (818, 'zww', 88, 211, '未填', '2025-11-11 11:17:56', 1, 71, 3, 0, 1, 0, 4);
INSERT INTO `daming_question_answer` VALUES (819, 'zww', 88, 212, '未填', '2025-11-11 11:19:06', 1, 75, 3, 0, 1, 0, 0);
INSERT INTO `daming_question_answer` VALUES (820, 'zww', 88, 212, '未填', '2025-11-11 11:19:06', 1, 72, 3, 0, 1, 0, 1);
INSERT INTO `daming_question_answer` VALUES (821, 'zww', 88, 212, '未填', '2025-11-11 11:19:06', 1, 73, 3, 0, 1, 0, 2);
INSERT INTO `daming_question_answer` VALUES (822, 'zww', 88, 212, '未填', '2025-11-11 11:19:06', 1, 74, 3, 0, 1, 0, 3);
INSERT INTO `daming_question_answer` VALUES (823, 'zww', 88, 212, '未填', '2025-11-11 11:19:06', 1, 71, 3, 0, 1, 0, 4);
INSERT INTO `daming_question_answer` VALUES (824, 'zww', 88, 213, 'D', '2025-11-11 11:23:36', 1, 75, 3, 0, 1, 0, 0);
INSERT INTO `daming_question_answer` VALUES (825, 'zww', 88, 213, '未填', '2025-11-11 11:23:36', 1, 72, 3, 0, 1, 0, 1);
INSERT INTO `daming_question_answer` VALUES (826, 'zww', 88, 213, '未填', '2025-11-11 11:23:36', 1, 73, 3, 0, 1, 0, 2);
INSERT INTO `daming_question_answer` VALUES (827, 'zww', 88, 213, 'B', '2025-11-11 11:23:36', 1, 74, 3, 0, 1, 0, 3);
INSERT INTO `daming_question_answer` VALUES (828, 'zww', 88, 213, 'D', '2025-11-11 11:23:36', 1, 71, 3, 0, 1, 0, 4);
INSERT INTO `daming_question_answer` VALUES (829, 'zww', 89, 214, '未填', '2025-11-11 21:21:50', 1, 74, 3, 0, 1, 0, 0);
INSERT INTO `daming_question_answer` VALUES (830, 'zww', 89, 214, '未填', '2025-11-11 21:21:50', 1, 71, 3, 0, 1, 0, 1);
INSERT INTO `daming_question_answer` VALUES (831, 'zww', 89, 214, '未填', '2025-11-11 21:21:50', 1, 70, 3, 0, 1, 0, 2);
INSERT INTO `daming_question_answer` VALUES (832, 'zww', 89, 214, '未填', '2025-11-11 21:21:50', 1, 67, 3, 0, 1, 0, 3);
INSERT INTO `daming_question_answer` VALUES (833, 'zww', 89, 214, '未填', '2025-11-11 21:21:50', 1, 69, 3, 0, 1, 0, 4);
INSERT INTO `daming_question_answer` VALUES (834, 'zww', 89, 214, '未填', '2025-11-11 21:21:50', 1, 68, 3, 0, 1, 0, 5);
INSERT INTO `daming_question_answer` VALUES (835, 'zww', 89, 214, '未填', '2025-11-11 21:21:50', 1, 72, 3, 0, 1, 0, 6);
INSERT INTO `daming_question_answer` VALUES (836, 'zww', 89, 214, '未填', '2025-11-11 21:21:50', 1, 73, 3, 0, 1, 0, 7);
INSERT INTO `daming_question_answer` VALUES (837, 'zww', 89, 214, '未填', '2025-11-11 21:21:50', 1, 75, 3, 0, 1, 0, 8);
INSERT INTO `daming_question_answer` VALUES (838, 'zww', 89, 214, '未填', '2025-11-11 21:21:50', 1, 66, 3, 0, 1, 0, 9);
INSERT INTO `daming_question_answer` VALUES (839, 'zww', 89, 215, '未填', '2025-11-11 21:23:19', 1, 74, 3, 0, 1, 0, 0);
INSERT INTO `daming_question_answer` VALUES (840, 'zww', 89, 215, '未填', '2025-11-11 21:23:19', 1, 71, 3, 0, 1, 0, 1);
INSERT INTO `daming_question_answer` VALUES (841, 'zww', 89, 215, '未填', '2025-11-11 21:23:19', 1, 70, 3, 0, 1, 0, 2);
INSERT INTO `daming_question_answer` VALUES (842, 'zww', 89, 215, '未填', '2025-11-11 21:23:19', 1, 67, 3, 0, 1, 0, 3);
INSERT INTO `daming_question_answer` VALUES (843, 'zww', 89, 215, '未填', '2025-11-11 21:23:19', 1, 69, 3, 0, 1, 0, 4);
INSERT INTO `daming_question_answer` VALUES (844, 'zww', 89, 215, '未填', '2025-11-11 21:23:19', 1, 68, 3, 0, 1, 0, 5);
INSERT INTO `daming_question_answer` VALUES (845, 'zww', 89, 215, '未填', '2025-11-11 21:23:19', 1, 72, 3, 0, 1, 0, 6);
INSERT INTO `daming_question_answer` VALUES (846, 'zww', 89, 215, '未填', '2025-11-11 21:23:19', 1, 73, 3, 0, 1, 0, 7);
INSERT INTO `daming_question_answer` VALUES (847, 'zww', 89, 215, '未填', '2025-11-11 21:23:19', 1, 75, 3, 0, 1, 0, 8);
INSERT INTO `daming_question_answer` VALUES (848, 'zww', 89, 215, '未填', '2025-11-11 21:23:19', 1, 66, 3, 0, 1, 0, 9);
INSERT INTO `daming_question_answer` VALUES (849, 'zww', 89, 216, '未填', '2025-11-11 21:23:20', 1, 74, 3, 0, 1, 0, 0);
INSERT INTO `daming_question_answer` VALUES (850, 'zww', 89, 216, '未填', '2025-11-11 21:23:20', 1, 71, 3, 0, 1, 0, 1);
INSERT INTO `daming_question_answer` VALUES (851, 'zww', 89, 216, '未填', '2025-11-11 21:23:20', 1, 70, 3, 0, 1, 0, 2);
INSERT INTO `daming_question_answer` VALUES (852, 'zww', 89, 216, '未填', '2025-11-11 21:23:20', 1, 67, 3, 0, 1, 0, 3);
INSERT INTO `daming_question_answer` VALUES (853, 'zww', 89, 216, '未填', '2025-11-11 21:23:20', 1, 69, 3, 0, 1, 0, 4);
INSERT INTO `daming_question_answer` VALUES (854, 'zww', 89, 216, '未填', '2025-11-11 21:23:20', 1, 68, 3, 0, 1, 0, 5);
INSERT INTO `daming_question_answer` VALUES (855, 'zww', 89, 216, '未填', '2025-11-11 21:23:20', 1, 72, 3, 0, 1, 0, 6);
INSERT INTO `daming_question_answer` VALUES (856, 'zww', 89, 216, '未填', '2025-11-11 21:23:20', 1, 73, 3, 0, 1, 0, 7);
INSERT INTO `daming_question_answer` VALUES (857, 'zww', 89, 216, '未填', '2025-11-11 21:23:20', 1, 75, 3, 0, 1, 0, 8);
INSERT INTO `daming_question_answer` VALUES (858, 'zww', 89, 216, '未填', '2025-11-11 21:23:20', 1, 66, 3, 0, 1, 0, 9);
INSERT INTO `daming_question_answer` VALUES (859, 'zww', 89, 217, '未填', '2025-11-11 21:26:39', 1, 74, 3, 0, 1, 0, 0);
INSERT INTO `daming_question_answer` VALUES (860, 'zww', 89, 217, '未填', '2025-11-11 21:26:39', 1, 71, 3, 0, 1, 0, 1);
INSERT INTO `daming_question_answer` VALUES (861, 'zww', 89, 217, '未填', '2025-11-11 21:26:39', 1, 70, 3, 0, 1, 0, 2);
INSERT INTO `daming_question_answer` VALUES (862, 'zww', 89, 217, '未填', '2025-11-11 21:26:39', 1, 67, 3, 0, 1, 0, 3);
INSERT INTO `daming_question_answer` VALUES (863, 'zww', 89, 217, '未填', '2025-11-11 21:26:39', 1, 69, 3, 0, 1, 0, 4);
INSERT INTO `daming_question_answer` VALUES (864, 'zww', 89, 217, '未填', '2025-11-11 21:26:39', 1, 68, 3, 0, 1, 0, 5);
INSERT INTO `daming_question_answer` VALUES (865, 'zww', 89, 217, '未填', '2025-11-11 21:26:39', 1, 72, 3, 0, 1, 0, 6);
INSERT INTO `daming_question_answer` VALUES (866, 'zww', 89, 217, '未填', '2025-11-11 21:26:39', 1, 73, 3, 0, 1, 0, 7);
INSERT INTO `daming_question_answer` VALUES (867, 'zww', 89, 217, '未填', '2025-11-11 21:26:39', 1, 75, 3, 0, 1, 0, 8);
INSERT INTO `daming_question_answer` VALUES (868, 'zww', 89, 217, '未填', '2025-11-11 21:26:39', 1, 66, 3, 0, 1, 0, 9);
INSERT INTO `daming_question_answer` VALUES (869, 'zww', 89, 218, '未填', '2025-11-11 21:29:12', 1, 74, 3, 0, 1, 0, 0);
INSERT INTO `daming_question_answer` VALUES (870, 'zww', 89, 218, '未填', '2025-11-11 21:29:12', 1, 71, 3, 0, 1, 0, 1);
INSERT INTO `daming_question_answer` VALUES (871, 'zww', 89, 218, '未填', '2025-11-11 21:29:12', 1, 70, 3, 0, 1, 0, 2);
INSERT INTO `daming_question_answer` VALUES (872, 'zww', 89, 218, '未填', '2025-11-11 21:29:12', 1, 67, 3, 0, 1, 0, 3);
INSERT INTO `daming_question_answer` VALUES (873, 'zww', 89, 218, '未填', '2025-11-11 21:29:12', 1, 69, 3, 0, 1, 0, 4);
INSERT INTO `daming_question_answer` VALUES (874, 'zww', 89, 218, '未填', '2025-11-11 21:29:12', 1, 68, 3, 0, 1, 0, 5);
INSERT INTO `daming_question_answer` VALUES (875, 'zww', 89, 218, '未填', '2025-11-11 21:29:12', 1, 72, 3, 0, 1, 0, 6);
INSERT INTO `daming_question_answer` VALUES (876, 'zww', 89, 218, '未填', '2025-11-11 21:29:12', 1, 73, 3, 0, 1, 0, 7);
INSERT INTO `daming_question_answer` VALUES (877, 'zww', 89, 218, '未填', '2025-11-11 21:29:12', 1, 75, 3, 0, 1, 0, 8);
INSERT INTO `daming_question_answer` VALUES (878, 'zww', 89, 218, '未填', '2025-11-11 21:29:12', 1, 66, 3, 0, 1, 0, 9);
INSERT INTO `daming_question_answer` VALUES (879, 'zww', 89, 219, '未填', '2025-11-11 21:30:55', 1, 74, 3, 0, 1, 0, 0);
INSERT INTO `daming_question_answer` VALUES (880, 'zww', 89, 219, '未填', '2025-11-11 21:30:55', 1, 71, 3, 0, 1, 0, 1);
INSERT INTO `daming_question_answer` VALUES (881, 'zww', 89, 219, '未填', '2025-11-11 21:30:55', 1, 70, 3, 0, 1, 0, 2);
INSERT INTO `daming_question_answer` VALUES (882, 'zww', 89, 219, '未填', '2025-11-11 21:30:55', 1, 67, 3, 0, 1, 0, 3);
INSERT INTO `daming_question_answer` VALUES (883, 'zww', 89, 219, '未填', '2025-11-11 21:30:55', 1, 69, 3, 0, 1, 0, 4);
INSERT INTO `daming_question_answer` VALUES (884, 'zww', 89, 219, '未填', '2025-11-11 21:30:55', 1, 68, 3, 0, 1, 0, 5);
INSERT INTO `daming_question_answer` VALUES (885, 'zww', 89, 219, '未填', '2025-11-11 21:30:55', 1, 72, 3, 0, 1, 0, 6);
INSERT INTO `daming_question_answer` VALUES (886, 'zww', 89, 219, '未填', '2025-11-11 21:30:55', 1, 73, 3, 0, 1, 0, 7);
INSERT INTO `daming_question_answer` VALUES (887, 'zww', 89, 219, '未填', '2025-11-11 21:30:55', 1, 75, 3, 0, 1, 0, 8);
INSERT INTO `daming_question_answer` VALUES (888, 'zww', 89, 219, '未填', '2025-11-11 21:30:55', 1, 66, 3, 0, 1, 0, 9);
INSERT INTO `daming_question_answer` VALUES (889, 'zww', 89, 220, '未填', '2025-11-11 21:32:03', 1, 74, 3, 0, 1, 0, 0);
INSERT INTO `daming_question_answer` VALUES (890, 'zww', 89, 220, '未填', '2025-11-11 21:32:03', 1, 71, 3, 0, 1, 0, 1);
INSERT INTO `daming_question_answer` VALUES (891, 'zww', 89, 220, '未填', '2025-11-11 21:32:03', 1, 70, 3, 0, 1, 0, 2);
INSERT INTO `daming_question_answer` VALUES (892, 'zww', 89, 220, '未填', '2025-11-11 21:32:03', 1, 67, 3, 0, 1, 0, 3);
INSERT INTO `daming_question_answer` VALUES (893, 'zww', 89, 220, '未填', '2025-11-11 21:32:03', 1, 69, 3, 0, 1, 0, 4);
INSERT INTO `daming_question_answer` VALUES (894, 'zww', 89, 220, '未填', '2025-11-11 21:32:03', 1, 68, 3, 0, 1, 0, 5);
INSERT INTO `daming_question_answer` VALUES (895, 'zww', 89, 220, '未填', '2025-11-11 21:32:03', 1, 72, 3, 0, 1, 0, 6);
INSERT INTO `daming_question_answer` VALUES (896, 'zww', 89, 220, '未填', '2025-11-11 21:32:03', 1, 73, 3, 0, 1, 0, 7);
INSERT INTO `daming_question_answer` VALUES (897, 'zww', 89, 220, '未填', '2025-11-11 21:32:03', 1, 75, 3, 0, 1, 0, 8);
INSERT INTO `daming_question_answer` VALUES (898, 'zww', 89, 220, '未填', '2025-11-11 21:32:03', 1, 66, 3, 0, 1, 0, 9);
INSERT INTO `daming_question_answer` VALUES (899, 'zww', 89, 221, '未填', '2025-11-11 21:36:03', 1, 74, 3, 0, 1, 0, 0);
INSERT INTO `daming_question_answer` VALUES (900, 'zww', 89, 221, '未填', '2025-11-11 21:36:03', 1, 71, 3, 0, 1, 0, 1);
INSERT INTO `daming_question_answer` VALUES (901, 'zww', 89, 221, '未填', '2025-11-11 21:36:03', 1, 70, 3, 0, 1, 0, 2);
INSERT INTO `daming_question_answer` VALUES (902, 'zww', 89, 221, '未填', '2025-11-11 21:36:03', 1, 67, 3, 0, 1, 0, 3);
INSERT INTO `daming_question_answer` VALUES (903, 'zww', 89, 221, '未填', '2025-11-11 21:36:03', 1, 69, 3, 0, 1, 0, 4);
INSERT INTO `daming_question_answer` VALUES (904, 'zww', 89, 221, '未填', '2025-11-11 21:36:03', 1, 68, 3, 0, 1, 0, 5);
INSERT INTO `daming_question_answer` VALUES (905, 'zww', 89, 221, '未填', '2025-11-11 21:36:03', 1, 72, 3, 0, 1, 0, 6);
INSERT INTO `daming_question_answer` VALUES (906, 'zww', 89, 221, '未填', '2025-11-11 21:36:03', 1, 73, 3, 0, 1, 0, 7);
INSERT INTO `daming_question_answer` VALUES (907, 'zww', 89, 221, '未填', '2025-11-11 21:36:03', 1, 75, 3, 0, 1, 0, 8);
INSERT INTO `daming_question_answer` VALUES (908, 'zww', 89, 221, '未填', '2025-11-11 21:36:03', 1, 66, 3, 0, 1, 0, 9);
INSERT INTO `daming_question_answer` VALUES (909, 'zww', 89, 222, '未填', '2025-11-11 21:37:31', 1, 74, 3, 0, 1, 0, 0);
INSERT INTO `daming_question_answer` VALUES (910, 'zww', 89, 222, '未填', '2025-11-11 21:37:31', 1, 71, 3, 0, 1, 0, 1);
INSERT INTO `daming_question_answer` VALUES (911, 'zww', 89, 222, '未填', '2025-11-11 21:37:31', 1, 70, 3, 0, 1, 0, 2);
INSERT INTO `daming_question_answer` VALUES (912, 'zww', 89, 222, '未填', '2025-11-11 21:37:31', 1, 67, 3, 0, 1, 0, 3);
INSERT INTO `daming_question_answer` VALUES (913, 'zww', 89, 222, '未填', '2025-11-11 21:37:31', 1, 69, 3, 0, 1, 0, 4);
INSERT INTO `daming_question_answer` VALUES (914, 'zww', 89, 222, '未填', '2025-11-11 21:37:31', 1, 68, 3, 0, 1, 0, 5);
INSERT INTO `daming_question_answer` VALUES (915, 'zww', 89, 222, '未填', '2025-11-11 21:37:31', 1, 72, 3, 0, 1, 0, 6);
INSERT INTO `daming_question_answer` VALUES (916, 'zww', 89, 222, '未填', '2025-11-11 21:37:31', 1, 73, 3, 0, 1, 0, 7);
INSERT INTO `daming_question_answer` VALUES (917, 'zww', 89, 222, '未填', '2025-11-11 21:37:31', 1, 75, 3, 0, 1, 0, 8);
INSERT INTO `daming_question_answer` VALUES (918, 'zww', 89, 222, '未填', '2025-11-11 21:37:31', 1, 66, 3, 0, 1, 0, 9);
INSERT INTO `daming_question_answer` VALUES (919, 'zww', 89, 223, '未填', '2025-11-11 22:23:58', 1, 74, 3, 0, 1, 0, 0);
INSERT INTO `daming_question_answer` VALUES (920, 'zww', 89, 223, '未填', '2025-11-11 22:23:58', 1, 71, 3, 0, 1, 0, 1);
INSERT INTO `daming_question_answer` VALUES (921, 'zww', 89, 223, '未填', '2025-11-11 22:23:58', 1, 70, 3, 0, 1, 0, 2);
INSERT INTO `daming_question_answer` VALUES (922, 'zww', 89, 223, '未填', '2025-11-11 22:23:58', 1, 67, 3, 0, 1, 0, 3);
INSERT INTO `daming_question_answer` VALUES (923, 'zww', 89, 223, '未填', '2025-11-11 22:23:58', 1, 69, 3, 0, 1, 0, 4);
INSERT INTO `daming_question_answer` VALUES (924, 'zww', 89, 223, '未填', '2025-11-11 22:23:58', 1, 68, 3, 0, 1, 0, 5);
INSERT INTO `daming_question_answer` VALUES (925, 'zww', 89, 223, '未填', '2025-11-11 22:23:58', 1, 72, 3, 0, 1, 0, 6);
INSERT INTO `daming_question_answer` VALUES (926, 'zww', 89, 223, '未填', '2025-11-11 22:23:58', 1, 73, 3, 0, 1, 0, 7);
INSERT INTO `daming_question_answer` VALUES (927, 'zww', 89, 223, '未填', '2025-11-11 22:23:58', 1, 75, 3, 0, 1, 0, 8);
INSERT INTO `daming_question_answer` VALUES (928, 'zww', 89, 223, '未填', '2025-11-11 22:23:58', 1, 66, 3, 0, 1, 0, 9);
INSERT INTO `daming_question_answer` VALUES (929, 'zww', 89, 224, '未填', '2025-11-11 22:40:27', 1, 74, 3, 0, 1, 0, 0);
INSERT INTO `daming_question_answer` VALUES (930, 'zww', 89, 224, '未填', '2025-11-11 22:40:27', 1, 71, 3, 0, 1, 0, 1);
INSERT INTO `daming_question_answer` VALUES (931, 'zww', 89, 224, '未填', '2025-11-11 22:40:27', 1, 70, 3, 0, 1, 0, 2);
INSERT INTO `daming_question_answer` VALUES (932, 'zww', 89, 224, '未填', '2025-11-11 22:40:27', 1, 67, 3, 0, 1, 0, 3);
INSERT INTO `daming_question_answer` VALUES (933, 'zww', 89, 224, '未填', '2025-11-11 22:40:27', 1, 69, 3, 0, 1, 0, 4);
INSERT INTO `daming_question_answer` VALUES (934, 'zww', 89, 224, '未填', '2025-11-11 22:40:27', 1, 68, 3, 0, 1, 0, 5);
INSERT INTO `daming_question_answer` VALUES (935, 'zww', 89, 224, '未填', '2025-11-11 22:40:27', 1, 72, 3, 0, 1, 0, 6);
INSERT INTO `daming_question_answer` VALUES (936, 'zww', 89, 224, '未填', '2025-11-11 22:40:27', 1, 73, 3, 0, 1, 0, 7);
INSERT INTO `daming_question_answer` VALUES (937, 'zww', 89, 224, '未填', '2025-11-11 22:40:27', 1, 75, 3, 0, 1, 0, 8);
INSERT INTO `daming_question_answer` VALUES (938, 'zww', 89, 224, '未填', '2025-11-11 22:40:27', 1, 66, 3, 0, 1, 0, 9);
INSERT INTO `daming_question_answer` VALUES (939, 'zww', 89, 225, '未填', '2025-11-11 23:04:21', 1, 74, 3, 0, 1, 0, 0);
INSERT INTO `daming_question_answer` VALUES (940, 'zww', 89, 225, '未填', '2025-11-11 23:04:21', 1, 71, 3, 0, 1, 0, 1);
INSERT INTO `daming_question_answer` VALUES (941, 'zww', 89, 225, '未填', '2025-11-11 23:04:21', 1, 70, 3, 0, 1, 0, 2);
INSERT INTO `daming_question_answer` VALUES (942, 'zww', 89, 225, '未填', '2025-11-11 23:04:21', 1, 67, 3, 0, 1, 0, 3);
INSERT INTO `daming_question_answer` VALUES (943, 'zww', 89, 225, '未填', '2025-11-11 23:04:21', 1, 69, 3, 0, 1, 0, 4);
INSERT INTO `daming_question_answer` VALUES (944, 'zww', 89, 225, '未填', '2025-11-11 23:04:21', 1, 68, 3, 0, 1, 0, 5);
INSERT INTO `daming_question_answer` VALUES (945, 'zww', 89, 225, '未填', '2025-11-11 23:04:21', 1, 72, 3, 0, 1, 0, 6);
INSERT INTO `daming_question_answer` VALUES (946, 'zww', 89, 225, '未填', '2025-11-11 23:04:21', 1, 73, 3, 0, 1, 0, 7);
INSERT INTO `daming_question_answer` VALUES (947, 'zww', 89, 225, '未填', '2025-11-11 23:04:21', 1, 75, 3, 0, 1, 0, 8);
INSERT INTO `daming_question_answer` VALUES (948, 'zww', 89, 225, '未填', '2025-11-11 23:04:21', 1, 66, 3, 0, 1, 0, 9);
INSERT INTO `daming_question_answer` VALUES (949, 'zww', 89, 226, '未填', '2025-11-11 23:04:30', 1, 74, 3, 0, 1, 0, 0);
INSERT INTO `daming_question_answer` VALUES (950, 'zww', 89, 226, '未填', '2025-11-11 23:04:30', 1, 71, 3, 0, 1, 0, 1);
INSERT INTO `daming_question_answer` VALUES (951, 'zww', 89, 226, '未填', '2025-11-11 23:04:30', 1, 70, 3, 0, 1, 0, 2);
INSERT INTO `daming_question_answer` VALUES (952, 'zww', 89, 226, '未填', '2025-11-11 23:04:30', 1, 67, 3, 0, 1, 0, 3);
INSERT INTO `daming_question_answer` VALUES (953, 'zww', 89, 226, '未填', '2025-11-11 23:04:30', 1, 69, 3, 0, 1, 0, 4);
INSERT INTO `daming_question_answer` VALUES (954, 'zww', 89, 226, '未填', '2025-11-11 23:04:30', 1, 68, 3, 0, 1, 0, 5);
INSERT INTO `daming_question_answer` VALUES (955, 'zww', 89, 226, '未填', '2025-11-11 23:04:30', 1, 72, 3, 0, 1, 0, 6);
INSERT INTO `daming_question_answer` VALUES (956, 'zww', 89, 226, '未填', '2025-11-11 23:04:30', 1, 73, 3, 0, 1, 0, 7);
INSERT INTO `daming_question_answer` VALUES (957, 'zww', 89, 226, '未填', '2025-11-11 23:04:30', 1, 75, 3, 0, 1, 0, 8);
INSERT INTO `daming_question_answer` VALUES (958, 'zww', 89, 226, '未填', '2025-11-11 23:04:30', 1, 66, 3, 0, 1, 0, 9);
INSERT INTO `daming_question_answer` VALUES (959, 'zww', 89, 227, '未填', '2025-11-11 23:04:40', 1, 74, 3, 0, 1, 0, 0);
INSERT INTO `daming_question_answer` VALUES (960, 'zww', 89, 227, '未填', '2025-11-11 23:04:40', 1, 71, 3, 0, 1, 0, 1);
INSERT INTO `daming_question_answer` VALUES (961, 'zww', 89, 227, '未填', '2025-11-11 23:04:40', 1, 70, 3, 0, 1, 0, 2);
INSERT INTO `daming_question_answer` VALUES (962, 'zww', 89, 227, '未填', '2025-11-11 23:04:40', 1, 67, 3, 0, 1, 0, 3);
INSERT INTO `daming_question_answer` VALUES (963, 'zww', 89, 227, '未填', '2025-11-11 23:04:40', 1, 69, 3, 0, 1, 0, 4);
INSERT INTO `daming_question_answer` VALUES (964, 'zww', 89, 227, '未填', '2025-11-11 23:04:40', 1, 68, 3, 0, 1, 0, 5);
INSERT INTO `daming_question_answer` VALUES (965, 'zww', 89, 227, '未填', '2025-11-11 23:04:40', 1, 72, 3, 0, 1, 0, 6);
INSERT INTO `daming_question_answer` VALUES (966, 'zww', 89, 227, '未填', '2025-11-11 23:04:40', 1, 73, 3, 0, 1, 0, 7);
INSERT INTO `daming_question_answer` VALUES (967, 'zww', 89, 227, '未填', '2025-11-11 23:04:40', 1, 75, 3, 0, 1, 0, 8);
INSERT INTO `daming_question_answer` VALUES (968, 'zww', 89, 227, '未填', '2025-11-11 23:04:40', 1, 66, 3, 0, 1, 0, 9);
INSERT INTO `daming_question_answer` VALUES (969, 'zww', 89, 228, '未填', '2025-11-11 23:06:21', 1, 74, 3, 0, 1, 0, 0);
INSERT INTO `daming_question_answer` VALUES (970, 'zww', 89, 228, '未填', '2025-11-11 23:06:21', 1, 71, 3, 0, 1, 0, 1);
INSERT INTO `daming_question_answer` VALUES (971, 'zww', 89, 228, '未填', '2025-11-11 23:06:21', 1, 70, 3, 0, 1, 0, 2);
INSERT INTO `daming_question_answer` VALUES (972, 'zww', 89, 228, '未填', '2025-11-11 23:06:21', 1, 67, 3, 0, 1, 0, 3);
INSERT INTO `daming_question_answer` VALUES (973, 'zww', 89, 228, '未填', '2025-11-11 23:06:21', 1, 69, 3, 0, 1, 0, 4);
INSERT INTO `daming_question_answer` VALUES (974, 'zww', 89, 228, '未填', '2025-11-11 23:06:21', 1, 68, 3, 0, 1, 0, 5);
INSERT INTO `daming_question_answer` VALUES (975, 'zww', 89, 228, '未填', '2025-11-11 23:06:21', 1, 72, 3, 0, 1, 0, 6);
INSERT INTO `daming_question_answer` VALUES (976, 'zww', 89, 228, '未填', '2025-11-11 23:06:21', 1, 73, 3, 0, 1, 0, 7);
INSERT INTO `daming_question_answer` VALUES (977, 'zww', 89, 228, '未填', '2025-11-11 23:06:21', 1, 75, 3, 0, 1, 0, 8);
INSERT INTO `daming_question_answer` VALUES (978, 'zww', 89, 228, '未填', '2025-11-11 23:06:21', 1, 66, 3, 0, 1, 0, 9);
INSERT INTO `daming_question_answer` VALUES (979, 'zww', 89, 229, '未填', '2025-11-12 17:45:07', 1, 74, 3, 0, 1, 0, 0);
INSERT INTO `daming_question_answer` VALUES (980, 'zww', 89, 229, '未填', '2025-11-12 17:45:07', 1, 71, 3, 0, 1, 0, 1);
INSERT INTO `daming_question_answer` VALUES (981, 'zww', 89, 229, '未填', '2025-11-12 17:45:07', 1, 70, 3, 0, 1, 0, 2);
INSERT INTO `daming_question_answer` VALUES (982, 'zww', 89, 229, '未填', '2025-11-12 17:45:07', 1, 67, 3, 0, 1, 0, 3);
INSERT INTO `daming_question_answer` VALUES (983, 'zww', 89, 229, '未填', '2025-11-12 17:45:07', 1, 69, 3, 0, 1, 0, 4);
INSERT INTO `daming_question_answer` VALUES (984, 'zww', 89, 229, '未填', '2025-11-12 17:45:07', 1, 68, 3, 0, 1, 0, 5);
INSERT INTO `daming_question_answer` VALUES (985, 'zww', 89, 229, '未填', '2025-11-12 17:45:07', 1, 72, 3, 0, 1, 0, 6);
INSERT INTO `daming_question_answer` VALUES (986, 'zww', 89, 229, '未填', '2025-11-12 17:45:07', 1, 73, 3, 0, 1, 0, 7);
INSERT INTO `daming_question_answer` VALUES (987, 'zww', 89, 229, '未填', '2025-11-12 17:45:07', 1, 75, 3, 0, 1, 0, 8);
INSERT INTO `daming_question_answer` VALUES (988, 'zww', 89, 229, '未填', '2025-11-12 17:45:07', 1, 66, 3, 0, 1, 0, 9);

-- ----------------------------
-- Table structure for daming_subject
-- ----------------------------
DROP TABLE IF EXISTS `daming_subject`;
CREATE TABLE `daming_subject`  (
  `subject_id` int(11) NOT NULL AUTO_INCREMENT,
  `subject_name` varchar(255) CHARACTER SET utf8mb4 COLLATE utf8mb4_general_ci NOT NULL,
  `del_flag` tinyint(4) NULL DEFAULT 0,
  `create_time` datetime NULL DEFAULT CURRENT_TIMESTAMP,
  `update_time` datetime NULL DEFAULT CURRENT_TIMESTAMP ON UPDATE CURRENT_TIMESTAMP,
  PRIMARY KEY (`subject_id`) USING BTREE
) ENGINE = InnoDB AUTO_INCREMENT = 1 CHARACTER SET = utf8mb4 COLLATE = utf8mb4_general_ci ROW_FORMAT = Dynamic;

-- ----------------------------
-- Records of daming_subject
-- ----------------------------
INSERT INTO `daming_subject` VALUES (1, '高等数学', 0, '2024-10-12 12:00:00', '2024-10-12 12:00:00');
INSERT INTO `daming_subject` VALUES (2, '政治', 0, '2024-10-12 12:01:00', '2024-10-12 12:01:00');
INSERT INTO `daming_subject` VALUES (3, '计算机基础与程序设计', 0, '2024-10-12 12:02:00', '2024-10-12 12:02:00');
-- ----------------------------
-- Table structure for daming_user
-- ----------------------------
DROP TABLE IF EXISTS `daming_user`;
CREATE TABLE `daming_user`  (
  `user_id` int(11) NOT NULL AUTO_INCREMENT COMMENT '用户id',
  `user_name` varchar(255) CHARACTER SET utf8mb4 COLLATE utf8mb4_general_ci NOT NULL COMMENT '用户名',
  `password` varchar(255) CHARACTER SET utf8mb4 COLLATE utf8mb4_general_ci NULL DEFAULT NULL COMMENT '用户密码',
  `nick_name` varchar(255) CHARACTER SET utf8mb4 COLLATE utf8mb4_general_ci NOT NULL COMMENT '用户昵称',
  `avatar` varchar(255) CHARACTER SET utf8mb4 COLLATE utf8mb4_general_ci NULL DEFAULT NULL COMMENT '头像地址',
  `del_flag` char(1) CHARACTER SET utf8mb4 COLLATE utf8mb4_general_ci NULL DEFAULT NULL COMMENT '删除标志',
  `create_time` datetime NULL DEFAULT NULL ON UPDATE CURRENT_TIMESTAMP COMMENT '创建时间',
  `update_time` datetime NULL DEFAULT NULL ON UPDATE CURRENT_TIMESTAMP COMMENT '更新时间',
  PRIMARY KEY (`user_id`) USING BTREE,
  UNIQUE INDEX `唯一`(`user_name`) USING BTREE
) ENGINE = InnoDB AUTO_INCREMENT = 4 CHARACTER SET = utf8mb4 COLLATE = utf8mb4_general_ci ROW_FORMAT = Dynamic;

-- ----------------------------
-- Records of daming_user
-- ----------------------------
INSERT INTO `daming_user` VALUES (1, '123', '$2a$10$mYToWMFHZjqCTKXvhaZBieT9oDu4aqgp3JNCkekXE4eW9ysHmwzOq', 'Jafferen', '/profile/avatar/2024/10/25/northern_20241025211920A001.jpg', '0', '2025-04-04 16:16:17', '2025-04-04 16:16:17');
INSERT INTO `daming_user` VALUES (3, 'zww', '$2a$10$mYToWMFHZjqCTKXvhaZBieT9oDu4aqgp3JNCkekXE4eW9ysHmwzOq', '1234', '/profile/avatar/2024/10/25/northern_20241025231040A001.jpg', '0', '2025-04-04 16:16:15', '2025-04-04 16:16:15');

-- ----------------------------
-- Table structure for gen_table
-- ----------------------------
DROP TABLE IF EXISTS `gen_table`;
CREATE TABLE `gen_table`  (
  `table_id` bigint(20) NOT NULL AUTO_INCREMENT COMMENT '编号',
  `table_name` varchar(200) CHARACTER SET utf8mb4 COLLATE utf8mb4_general_ci NULL DEFAULT '' COMMENT '表名称',
  `table_comment` varchar(500) CHARACTER SET utf8mb4 COLLATE utf8mb4_general_ci NULL DEFAULT '' COMMENT '表描述',
  `sub_table_name` varchar(64) CHARACTER SET utf8mb4 COLLATE utf8mb4_general_ci NULL DEFAULT NULL COMMENT '关联子表的表名',
  `sub_table_fk_name` varchar(64) CHARACTER SET utf8mb4 COLLATE utf8mb4_general_ci NULL DEFAULT NULL COMMENT '子表关联的外键名',
  `class_name` varchar(100) CHARACTER SET utf8mb4 COLLATE utf8mb4_general_ci NULL DEFAULT '' COMMENT '实体类名称',
  `tpl_category` varchar(200) CHARACTER SET utf8mb4 COLLATE utf8mb4_general_ci NULL DEFAULT 'crud' COMMENT '使用的模板（crud单表操作 tree树表操作）',
  `tpl_web_type` varchar(30) CHARACTER SET utf8mb4 COLLATE utf8mb4_general_ci NULL DEFAULT '' COMMENT '前端模板类型（element-ui模版 element-plus模版）',
  `package_name` varchar(100) CHARACTER SET utf8mb4 COLLATE utf8mb4_general_ci NULL DEFAULT NULL COMMENT '生成包路径',
  `module_name` varchar(30) CHARACTER SET utf8mb4 COLLATE utf8mb4_general_ci NULL DEFAULT NULL COMMENT '生成模块名',
  `business_name` varchar(30) CHARACTER SET utf8mb4 COLLATE utf8mb4_general_ci NULL DEFAULT NULL COMMENT '生成业务名',
  `function_name` varchar(50) CHARACTER SET utf8mb4 COLLATE utf8mb4_general_ci NULL DEFAULT NULL COMMENT '生成功能名',
  `function_author` varchar(50) CHARACTER SET utf8mb4 COLLATE utf8mb4_general_ci NULL DEFAULT NULL COMMENT '生成功能作者',
  `gen_type` char(1) CHARACTER SET utf8mb4 COLLATE utf8mb4_general_ci NULL DEFAULT '0' COMMENT '生成代码方式（0zip压缩包 1自定义路径）',
  `gen_path` varchar(200) CHARACTER SET utf8mb4 COLLATE utf8mb4_general_ci NULL DEFAULT '/' COMMENT '生成路径（不填默认项目路径）',
  `options` varchar(1000) CHARACTER SET utf8mb4 COLLATE utf8mb4_general_ci NULL DEFAULT NULL COMMENT '其它生成选项',
  `create_by` varchar(64) CHARACTER SET utf8mb4 COLLATE utf8mb4_general_ci NULL DEFAULT '' COMMENT '创建者',
  `create_time` datetime NULL DEFAULT NULL COMMENT '创建时间',
  `update_by` varchar(64) CHARACTER SET utf8mb4 COLLATE utf8mb4_general_ci NULL DEFAULT '' COMMENT '更新者',
  `update_time` datetime NULL DEFAULT NULL COMMENT '更新时间',
  `remark` varchar(500) CHARACTER SET utf8mb4 COLLATE utf8mb4_general_ci NULL DEFAULT NULL COMMENT '备注',
  PRIMARY KEY (`table_id`) USING BTREE
) ENGINE = InnoDB AUTO_INCREMENT = 13 CHARACTER SET = utf8mb4 COLLATE = utf8mb4_general_ci COMMENT = '代码生成业务表' ROW_FORMAT = Dynamic;

-- ----------------------------
-- Records of gen_table
-- ----------------------------
INSERT INTO `gen_table` VALUES (2, 'daming_paper', '试卷', NULL, NULL, 'DamingPaper', 'crud', 'element-ui', 'com.dm.quiz', 'quiz', 'paper', '试卷', 'zww', '0', '/', '{\"parentMenuId\":2018}', 'admin', '2024-10-08 18:22:36', '', '2024-10-26 00:21:25', '试卷实体');
INSERT INTO `gen_table` VALUES (3, 'daming_paper_answer', '试卷答题状况', NULL, NULL, 'DamingPaperAnswer', 'crud', 'element-ui', 'com.dm.quiz', 'quiz', 'paperAnswer', '试卷作答情况', 'zww', '0', '/', '{\"parentMenuId\":2018}', 'admin', '2024-10-08 18:22:36', '', '2024-10-13 11:56:02', '试卷答题状况');
INSERT INTO `gen_table` VALUES (4, 'daming_paper_question', '试卷题目关系表', NULL, NULL, 'DamingPaperQuestion', 'crud', 'element-ui', 'com.dm.quiz', 'quiz', 'paperQuestion', '试卷题目关系表', 'zww', '0', '/', '{\"parentMenuId\":2000}', 'admin', '2024-10-08 18:22:36', '', '2024-10-08 21:20:20', '试卷题目关系表');
INSERT INTO `gen_table` VALUES (5, 'daming_question', '题目表', NULL, NULL, 'DamingQuestion', 'crud', 'element-ui', 'com.dm.quiz', 'quiz', 'question', '题目管理', 'zww', '0', '/', '{\"parentMenuId\":2000}', 'admin', '2024-10-08 18:22:36', '', '2024-10-13 15:30:38', '题目表');
INSERT INTO `gen_table` VALUES (6, 'daming_question_answer', '题目回答情况表', NULL, NULL, 'DamingQuestionAnswer', 'crud', 'element-ui', 'com.dm.quiz', 'quiz', 'questionAnswer', '题目回答情况表', 'zww', '0', '/', '{\"parentMenuId\":2000}', 'admin', '2024-10-08 18:22:36', '', '2024-10-14 09:34:05', '题目回答情况表');
INSERT INTO `gen_table` VALUES (7, 'sys_config', '参数配置表', NULL, NULL, 'SysConfig', 'crud', '', 'com.dm.quiz', 'quiz', 'config', '参数配置', 'zww', '0', '/', NULL, 'admin', '2024-10-08 18:22:36', '', NULL, NULL);
INSERT INTO `gen_table` VALUES (8, 'sys_logininfor', '系统访问记录', NULL, NULL, 'SysLogininfor', 'crud', '', 'com.dm.quiz', 'quiz', 'logininfor', '系统访问记录', 'zww', '0', '/', NULL, 'admin', '2024-10-08 18:22:36', '', NULL, NULL);
INSERT INTO `gen_table` VALUES (9, 'sys_oper_log', '操作日志记录', NULL, NULL, 'SysOperLog', 'crud', '', 'com.dm.quiz', 'quiz', 'log', '操作日志记录', 'zww', '0', '/', NULL, 'admin', '2024-10-08 18:22:36', '', NULL, NULL);
INSERT INTO `gen_table` VALUES (10, 'sys_role_dept', '角色和部门关联表', NULL, NULL, 'SysRoleDept', 'crud', '', 'com.dm.quiz', 'quiz', 'dept', '角色和部门关联', 'zww', '0', '/', NULL, 'admin', '2024-10-08 18:22:36', '', NULL, NULL);
INSERT INTO `gen_table` VALUES (11, 'daming_question_info', '题目信息表', NULL, NULL, 'DamingQuestionInfo', 'crud', 'element-ui', 'com.dm.quiz', 'quiz', 'info', '题目信息', 'zww', '0', '/', '{\"parentMenuId\":2000}', 'admin', '2024-10-09 14:56:38', '', '2024-10-09 15:04:51', '题目信息表');
INSERT INTO `gen_table` VALUES (12, 'daming_user', '考试系统用户', NULL, NULL, 'DamingUser', 'crud', 'element-ui', 'com.dm.quiz', 'quiz', 'user', '刷题用户', 'zww', '0', '/', '{\"parentMenuId\":2045}', 'admin', '2024-10-18 00:24:26', '', '2024-10-18 11:14:52', NULL);

-- ----------------------------
-- Table structure for gen_table_column
-- ----------------------------
DROP TABLE IF EXISTS `gen_table_column`;
CREATE TABLE `gen_table_column`  (
  `column_id` bigint(20) NOT NULL AUTO_INCREMENT COMMENT '编号',
  `table_id` bigint(20) NULL DEFAULT NULL COMMENT '归属表编号',
  `column_name` varchar(200) CHARACTER SET utf8mb4 COLLATE utf8mb4_general_ci NULL DEFAULT NULL COMMENT '列名称',
  `column_comment` varchar(500) CHARACTER SET utf8mb4 COLLATE utf8mb4_general_ci NULL DEFAULT NULL COMMENT '列描述',
  `column_type` varchar(100) CHARACTER SET utf8mb4 COLLATE utf8mb4_general_ci NULL DEFAULT NULL COMMENT '列类型',
  `java_type` varchar(500) CHARACTER SET utf8mb4 COLLATE utf8mb4_general_ci NULL DEFAULT NULL COMMENT 'JAVA类型',
  `java_field` varchar(200) CHARACTER SET utf8mb4 COLLATE utf8mb4_general_ci NULL DEFAULT NULL COMMENT 'JAVA字段名',
  `is_pk` char(1) CHARACTER SET utf8mb4 COLLATE utf8mb4_general_ci NULL DEFAULT NULL COMMENT '是否主键（1是）',
  `is_increment` char(1) CHARACTER SET utf8mb4 COLLATE utf8mb4_general_ci NULL DEFAULT NULL COMMENT '是否自增（1是）',
  `is_required` char(1) CHARACTER SET utf8mb4 COLLATE utf8mb4_general_ci NULL DEFAULT NULL COMMENT '是否必填（1是）',
  `is_insert` char(1) CHARACTER SET utf8mb4 COLLATE utf8mb4_general_ci NULL DEFAULT NULL COMMENT '是否为插入字段（1是）',
  `is_edit` char(1) CHARACTER SET utf8mb4 COLLATE utf8mb4_general_ci NULL DEFAULT NULL COMMENT '是否编辑字段（1是）',
  `is_list` char(1) CHARACTER SET utf8mb4 COLLATE utf8mb4_general_ci NULL DEFAULT NULL COMMENT '是否列表字段（1是）',
  `is_query` char(1) CHARACTER SET utf8mb4 COLLATE utf8mb4_general_ci NULL DEFAULT NULL COMMENT '是否查询字段（1是）',
  `query_type` varchar(200) CHARACTER SET utf8mb4 COLLATE utf8mb4_general_ci NULL DEFAULT 'EQ' COMMENT '查询方式（等于、不等于、大于、小于、范围）',
  `html_type` varchar(200) CHARACTER SET utf8mb4 COLLATE utf8mb4_general_ci NULL DEFAULT NULL COMMENT '显示类型（文本框、文本域、下拉框、复选框、单选框、日期控件）',
  `dict_type` varchar(200) CHARACTER SET utf8mb4 COLLATE utf8mb4_general_ci NULL DEFAULT '' COMMENT '字典类型',
  `sort` int(11) NULL DEFAULT NULL COMMENT '排序',
  `create_by` varchar(64) CHARACTER SET utf8mb4 COLLATE utf8mb4_general_ci NULL DEFAULT '' COMMENT '创建者',
  `create_time` datetime NULL DEFAULT NULL COMMENT '创建时间',
  `update_by` varchar(64) CHARACTER SET utf8mb4 COLLATE utf8mb4_general_ci NULL DEFAULT '' COMMENT '更新者',
  `update_time` datetime NULL DEFAULT NULL COMMENT '更新时间',
  PRIMARY KEY (`column_id`) USING BTREE
) ENGINE = InnoDB AUTO_INCREMENT = 108 CHARACTER SET = utf8mb4 COLLATE = utf8mb4_general_ci COMMENT = '代码生成业务表字段' ROW_FORMAT = Dynamic;

-- ----------------------------
-- Records of gen_table_column
-- ----------------------------
INSERT INTO `gen_table_column` VALUES (5, 2, 'paper_id', '', 'int(11)', 'Long', 'paperId', '1', '1', '0', '1', NULL, NULL, NULL, 'EQ', 'input', '', 1, 'admin', '2024-10-08 18:22:36', '', '2024-10-26 00:21:25');
INSERT INTO `gen_table_column` VALUES (6, 2, 'paper_name', '', 'varchar(255)', 'String', 'paperName', '0', '0', '1', '1', '1', '1', '1', 'LIKE', 'input', '', 2, 'admin', '2024-10-08 18:22:36', '', '2024-10-26 00:21:25');
INSERT INTO `gen_table_column` VALUES (7, 2, 'subject_id', '', 'int(11)', 'Long', 'subjectId', '0', '0', '1', '1', '1', '1', '1', 'EQ', 'select', 'subject_id', 3, 'admin', '2024-10-08 18:22:36', '', '2024-10-26 00:21:25');
INSERT INTO `gen_table_column` VALUES (8, 2, 'score', '', 'int(11)', 'Long', 'score', '0', '0', '1', '1', '1', '1', '1', 'EQ', 'input', '', 4, 'admin', '2024-10-08 18:22:36', '', '2024-10-26 00:21:25');
INSERT INTO `gen_table_column` VALUES (9, 2, 'question_count', '', 'int(11)', 'Long', 'questionCount', '0', '0', '1', '1', '1', '1', '1', 'EQ', 'input', '', 6, 'admin', '2024-10-08 18:22:36', '', '2024-10-26 00:21:25');
INSERT INTO `gen_table_column` VALUES (10, 2, 'del_flag', '', 'tinyint(4)', 'Integer', 'delFlag', '0', '0', '0', '1', NULL, NULL, NULL, 'EQ', 'checkbox', '', 8, 'admin', '2024-10-08 18:22:36', '', '2024-10-26 00:21:25');
INSERT INTO `gen_table_column` VALUES (11, 2, 'create_time', '', 'datetime', 'Date', 'createTime', '0', '0', '0', '1', NULL, NULL, NULL, 'EQ', 'datetime', '', 9, 'admin', '2024-10-08 18:22:36', '', '2024-10-26 00:21:25');
INSERT INTO `gen_table_column` VALUES (12, 2, 'update_time', '', 'datetime', 'Date', 'updateTime', '0', '0', '0', '1', '1', NULL, NULL, 'EQ', 'datetime', '', 10, 'admin', '2024-10-08 18:22:36', '', '2024-10-26 00:21:25');
INSERT INTO `gen_table_column` VALUES (13, 3, 'paper_answer_id', '达卷记录ID', 'int(11)', 'Long', 'paperAnswerId', '1', '1', '0', '1', NULL, NULL, NULL, 'EQ', 'input', '', 1, 'admin', '2024-10-08 18:22:36', '', '2024-10-13 11:56:02');
INSERT INTO `gen_table_column` VALUES (14, 3, 'paper_name', '试卷名', 'varchar(255)', 'String', 'paperName', '0', '0', '1', '1', '1', '1', '1', 'LIKE', 'input', '', 2, 'admin', '2024-10-08 18:22:36', '', '2024-10-13 11:56:02');
INSERT INTO `gen_table_column` VALUES (15, 3, 'paper_id', '试卷ID', 'int(11)', 'Long', 'paperId', '0', '0', '1', '1', '1', '1', '1', 'EQ', 'input', '', 3, 'admin', '2024-10-08 18:22:36', '', '2024-10-13 11:56:02');
INSERT INTO `gen_table_column` VALUES (18, 3, 'final_score', '用户得分', 'int(11)', 'Integer', 'finalScore', '0', '0', '0', '1', '1', '1', '1', 'EQ', 'input', '', 6, 'admin', '2024-10-08 18:22:36', '', '2024-10-13 11:56:02');
INSERT INTO `gen_table_column` VALUES (19, 3, 'question_count', '题目数量', 'int(11)', 'Integer', 'questionCount', '0', '0', '1', '1', '1', '1', '1', 'EQ', 'input', '', 7, 'admin', '2024-10-08 18:22:36', '', '2024-10-13 11:56:02');
INSERT INTO `gen_table_column` VALUES (20, 3, 'correct_count', '答对数量', 'int(11)', 'Integer', 'correctCount', '0', '0', '0', '1', '1', '1', '1', 'EQ', 'input', '', 8, 'admin', '2024-10-08 18:22:36', '', '2024-10-13 11:56:02');
INSERT INTO `gen_table_column` VALUES (21, 3, 'create_time', '提交时间', 'datetime', 'Date', 'createTime', '0', '0', '0', '1', NULL, NULL, NULL, 'EQ', 'datetime', '', 9, 'admin', '2024-10-08 18:22:36', '', '2024-10-13 11:56:02');
INSERT INTO `gen_table_column` VALUES (22, 3, 'subject_id', '所属科目', 'int(11)', 'Integer', 'subjectId', '0', '0', '1', '1', '1', '1', '1', 'EQ', 'input', 'subject_id', 10, 'admin', '2024-10-08 18:22:36', '', '2024-10-13 11:56:02');
INSERT INTO `gen_table_column` VALUES (23, 4, 'paper_id', '试卷id', 'int(11)', 'Long', 'paperId', '1', '0', '1', '1', NULL, NULL, NULL, 'EQ', 'input', '', 1, 'admin', '2024-10-08 18:22:36', '', '2024-10-08 21:20:20');
INSERT INTO `gen_table_column` VALUES (24, 4, 'question_id', '题目id', 'int(11)', 'Long', 'questionId', '1', '0', '1', '1', NULL, NULL, NULL, 'EQ', 'input', '', 2, 'admin', '2024-10-08 18:22:36', '', '2024-10-08 21:20:20');
INSERT INTO `gen_table_column` VALUES (25, 5, 'id', '题目id', 'int(11)', 'Long', 'id', '1', '1', '0', '1', NULL, NULL, NULL, 'EQ', 'input', '', 1, 'admin', '2024-10-08 18:22:36', '', '2024-10-13 15:30:38');
INSERT INTO `gen_table_column` VALUES (26, 5, 'question_type', '题目类型', 'tinyint(4)', 'Integer', 'questionType', '0', '0', '1', '1', '1', '1', '1', 'EQ', 'select', 'question_type', 2, 'admin', '2024-10-08 18:22:36', '', '2024-10-13 15:30:38');
INSERT INTO `gen_table_column` VALUES (28, 5, 'score', '总分', 'int(11)', 'Integer', 'score', '0', '0', '1', '1', '1', '1', '1', 'EQ', 'input', '', 5, 'admin', '2024-10-08 18:22:36', '', '2024-10-13 15:30:38');
INSERT INTO `gen_table_column` VALUES (31, 5, 'del_flag', '是否删除', 'tinyint(4)', 'Integer', 'delFlag', '0', '0', '0', '1', NULL, NULL, NULL, 'EQ', 'input', '', 6, 'admin', '2024-10-08 18:22:36', '', '2024-10-13 15:30:38');
INSERT INTO `gen_table_column` VALUES (32, 5, 'subject_id', '科目', 'int(11)', 'Integer', 'subjectId', '0', '0', '1', '1', '1', '1', '1', 'EQ', 'input', '', 7, 'admin', '2024-10-08 18:22:36', '', '2024-10-13 15:30:38');
INSERT INTO `gen_table_column` VALUES (33, 5, 'create_time', '创建时间', 'datetime', 'Date', 'createTime', '0', '0', '0', '1', NULL, '1', '1', 'EQ', 'datetime', '', 8, 'admin', '2024-10-08 18:22:36', '', '2024-10-13 15:30:38');
INSERT INTO `gen_table_column` VALUES (34, 5, 'update_time', '更新时间', 'datetime', 'Date', 'updateTime', '0', '0', '0', '1', '1', '1', '1', 'EQ', 'datetime', '', 9, 'admin', '2024-10-08 18:22:36', '', '2024-10-13 15:30:38');
INSERT INTO `gen_table_column` VALUES (35, 6, 'answer_id', '', 'int(11)', 'Long', 'answerId', '1', '1', '0', '1', NULL, NULL, NULL, 'EQ', 'input', '', 1, 'admin', '2024-10-08 18:22:36', '', '2024-10-15 23:36:55');
INSERT INTO `gen_table_column` VALUES (37, 6, 'paper_id', '', 'int(11)', 'Long', 'paperId', '0', '0', '1', '1', '1', '1', '1', 'EQ', 'input', '', 3, 'admin', '2024-10-08 18:22:36', '', '2024-10-15 23:36:55');
INSERT INTO `gen_table_column` VALUES (38, 6, 'user_answer', '', 'varchar(255)', 'String', 'userAnswer', '0', '0', '0', '1', '1', '1', '1', 'EQ', 'input', '', 5, 'admin', '2024-10-08 18:22:36', '', '2024-10-15 23:36:55');
INSERT INTO `gen_table_column` VALUES (39, 6, 'create_time', '', 'datetime', 'Date', 'createTime', '0', '0', '0', '1', NULL, NULL, NULL, 'EQ', 'datetime', '', 6, 'admin', '2024-10-08 18:22:36', '', '2024-10-15 23:36:55');
INSERT INTO `gen_table_column` VALUES (40, 6, 'question_id', '', 'int(11)', 'Long', 'questionId', '0', '0', '1', '1', '1', '1', '1', 'EQ', 'input', '', 8, 'admin', '2024-10-08 18:22:36', '', '2024-10-15 23:36:55');
INSERT INTO `gen_table_column` VALUES (41, 6, 'subject_id', '', 'int(11)', 'Long', 'subjectId', '0', '0', '1', '1', '1', '1', '1', 'EQ', 'input', '', 9, 'admin', '2024-10-08 18:22:36', '', '2024-10-15 23:36:55');
INSERT INTO `gen_table_column` VALUES (42, 6, 'final_score', '', 'int(11)', 'Long', 'finalScore', '0', '0', '0', '1', '1', '1', '1', 'EQ', 'input', '', 10, 'admin', '2024-10-08 18:22:36', '', '2024-10-15 23:36:55');
INSERT INTO `gen_table_column` VALUES (43, 6, 'is_correct', '', 'tinyint(4)', 'Integer', 'isCorrect', '0', '0', '0', '1', '1', '1', '1', 'EQ', 'input', '', 12, 'admin', '2024-10-08 18:22:36', '', '2024-10-15 23:36:55');
INSERT INTO `gen_table_column` VALUES (44, 7, 'config_id', '参数主键', 'int(5)', 'Integer', 'configId', '1', '1', '0', '1', NULL, NULL, NULL, 'EQ', 'input', '', 1, 'admin', '2024-10-08 18:22:36', '', NULL);
INSERT INTO `gen_table_column` VALUES (45, 7, 'config_name', '参数名称', 'varchar(100)', 'String', 'configName', '0', '0', '0', '1', '1', '1', '1', 'LIKE', 'input', '', 2, 'admin', '2024-10-08 18:22:36', '', NULL);
INSERT INTO `gen_table_column` VALUES (46, 7, 'config_key', '参数键名', 'varchar(100)', 'String', 'configKey', '0', '0', '0', '1', '1', '1', '1', 'EQ', 'input', '', 3, 'admin', '2024-10-08 18:22:36', '', NULL);
INSERT INTO `gen_table_column` VALUES (47, 7, 'config_value', '参数键值', 'varchar(500)', 'String', 'configValue', '0', '0', '0', '1', '1', '1', '1', 'EQ', 'textarea', '', 4, 'admin', '2024-10-08 18:22:36', '', NULL);
INSERT INTO `gen_table_column` VALUES (48, 7, 'config_type', '系统内置（Y是 N否）', 'char(1)', 'String', 'configType', '0', '0', '0', '1', '1', '1', '1', 'EQ', 'select', '', 5, 'admin', '2024-10-08 18:22:36', '', NULL);
INSERT INTO `gen_table_column` VALUES (49, 7, 'create_by', '创建者', 'varchar(64)', 'String', 'createBy', '0', '0', '0', '1', NULL, NULL, NULL, 'EQ', 'input', '', 6, 'admin', '2024-10-08 18:22:36', '', NULL);
INSERT INTO `gen_table_column` VALUES (50, 7, 'create_time', '创建时间', 'datetime', 'Date', 'createTime', '0', '0', '0', '1', NULL, NULL, NULL, 'EQ', 'datetime', '', 7, 'admin', '2024-10-08 18:22:36', '', NULL);
INSERT INTO `gen_table_column` VALUES (51, 7, 'update_by', '更新者', 'varchar(64)', 'String', 'updateBy', '0', '0', '0', '1', '1', NULL, NULL, 'EQ', 'input', '', 8, 'admin', '2024-10-08 18:22:36', '', NULL);
INSERT INTO `gen_table_column` VALUES (52, 7, 'update_time', '更新时间', 'datetime', 'Date', 'updateTime', '0', '0', '0', '1', '1', NULL, NULL, 'EQ', 'datetime', '', 9, 'admin', '2024-10-08 18:22:36', '', NULL);
INSERT INTO `gen_table_column` VALUES (53, 7, 'remark', '备注', 'varchar(500)', 'String', 'remark', '0', '0', '0', '1', '1', '1', NULL, 'EQ', 'textarea', '', 10, 'admin', '2024-10-08 18:22:36', '', NULL);
INSERT INTO `gen_table_column` VALUES (54, 8, 'info_id', '访问ID', 'bigint(20)', 'Long', 'infoId', '1', '1', '0', '1', NULL, NULL, NULL, 'EQ', 'input', '', 1, 'admin', '2024-10-08 18:22:36', '', NULL);
INSERT INTO `gen_table_column` VALUES (55, 8, 'user_name', '用户账号', 'varchar(50)', 'String', 'userName', '0', '0', '0', '1', '1', '1', '1', 'LIKE', 'input', '', 2, 'admin', '2024-10-08 18:22:36', '', NULL);
INSERT INTO `gen_table_column` VALUES (56, 8, 'ipaddr', '登录IP地址', 'varchar(128)', 'String', 'ipaddr', '0', '0', '0', '1', '1', '1', '1', 'EQ', 'input', '', 3, 'admin', '2024-10-08 18:22:36', '', NULL);
INSERT INTO `gen_table_column` VALUES (57, 8, 'login_location', '登录地点', 'varchar(255)', 'String', 'loginLocation', '0', '0', '0', '1', '1', '1', '1', 'EQ', 'input', '', 4, 'admin', '2024-10-08 18:22:36', '', NULL);
INSERT INTO `gen_table_column` VALUES (58, 8, 'browser', '浏览器类型', 'varchar(50)', 'String', 'browser', '0', '0', '0', '1', '1', '1', '1', 'EQ', 'input', '', 5, 'admin', '2024-10-08 18:22:36', '', NULL);
INSERT INTO `gen_table_column` VALUES (59, 8, 'os', '操作系统', 'varchar(50)', 'String', 'os', '0', '0', '0', '1', '1', '1', '1', 'EQ', 'input', '', 6, 'admin', '2024-10-08 18:22:36', '', NULL);
INSERT INTO `gen_table_column` VALUES (60, 8, 'status', '登录状态（0成功 1失败）', 'char(1)', 'String', 'status', '0', '0', '0', '1', '1', '1', '1', 'EQ', 'radio', '', 7, 'admin', '2024-10-08 18:22:36', '', NULL);
INSERT INTO `gen_table_column` VALUES (61, 8, 'msg', '提示消息', 'varchar(255)', 'String', 'msg', '0', '0', '0', '1', '1', '1', '1', 'EQ', 'input', '', 8, 'admin', '2024-10-08 18:22:36', '', NULL);
INSERT INTO `gen_table_column` VALUES (62, 8, 'login_time', '访问时间', 'datetime', 'Date', 'loginTime', '0', '0', '0', '1', '1', '1', '1', 'EQ', 'datetime', '', 9, 'admin', '2024-10-08 18:22:36', '', NULL);
INSERT INTO `gen_table_column` VALUES (63, 9, 'oper_id', '日志主键', 'bigint(20)', 'Long', 'operId', '1', '1', '0', '1', NULL, NULL, NULL, 'EQ', 'input', '', 1, 'admin', '2024-10-08 18:22:36', '', NULL);
INSERT INTO `gen_table_column` VALUES (64, 9, 'title', '模块标题', 'varchar(50)', 'String', 'title', '0', '0', '0', '1', '1', '1', '1', 'EQ', 'input', '', 2, 'admin', '2024-10-08 18:22:36', '', NULL);
INSERT INTO `gen_table_column` VALUES (65, 9, 'business_type', '业务类型（0其它 1新增 2修改 3删除）', 'int(2)', 'Integer', 'businessType', '0', '0', '0', '1', '1', '1', '1', 'EQ', 'select', '', 3, 'admin', '2024-10-08 18:22:36', '', NULL);
INSERT INTO `gen_table_column` VALUES (66, 9, 'method', '方法名称', 'varchar(200)', 'String', 'method', '0', '0', '0', '1', '1', '1', '1', 'EQ', 'input', '', 4, 'admin', '2024-10-08 18:22:36', '', NULL);
INSERT INTO `gen_table_column` VALUES (67, 9, 'request_method', '请求方式', 'varchar(10)', 'String', 'requestMethod', '0', '0', '0', '1', '1', '1', '1', 'EQ', 'input', '', 5, 'admin', '2024-10-08 18:22:36', '', NULL);
INSERT INTO `gen_table_column` VALUES (68, 9, 'operator_type', '操作类别（0其它 1后台用户 2手机端用户）', 'int(1)', 'Integer', 'operatorType', '0', '0', '0', '1', '1', '1', '1', 'EQ', 'select', '', 6, 'admin', '2024-10-08 18:22:36', '', NULL);
INSERT INTO `gen_table_column` VALUES (69, 9, 'oper_name', '操作人员', 'varchar(50)', 'String', 'operName', '0', '0', '0', '1', '1', '1', '1', 'LIKE', 'input', '', 7, 'admin', '2024-10-08 18:22:36', '', NULL);
INSERT INTO `gen_table_column` VALUES (70, 9, 'dept_name', '部门名称', 'varchar(50)', 'String', 'deptName', '0', '0', '0', '1', '1', '1', '1', 'LIKE', 'input', '', 8, 'admin', '2024-10-08 18:22:36', '', NULL);
INSERT INTO `gen_table_column` VALUES (71, 9, 'oper_url', '请求URL', 'varchar(255)', 'String', 'operUrl', '0', '0', '0', '1', '1', '1', '1', 'EQ', 'input', '', 9, 'admin', '2024-10-08 18:22:36', '', NULL);
INSERT INTO `gen_table_column` VALUES (72, 9, 'oper_ip', '主机地址', 'varchar(128)', 'String', 'operIp', '0', '0', '0', '1', '1', '1', '1', 'EQ', 'input', '', 10, 'admin', '2024-10-08 18:22:36', '', NULL);
INSERT INTO `gen_table_column` VALUES (73, 9, 'oper_location', '操作地点', 'varchar(255)', 'String', 'operLocation', '0', '0', '0', '1', '1', '1', '1', 'EQ', 'input', '', 11, 'admin', '2024-10-08 18:22:36', '', NULL);
INSERT INTO `gen_table_column` VALUES (74, 9, 'oper_param', '请求参数', 'varchar(2000)', 'String', 'operParam', '0', '0', '0', '1', '1', '1', '1', 'EQ', 'textarea', '', 12, 'admin', '2024-10-08 18:22:36', '', NULL);
INSERT INTO `gen_table_column` VALUES (75, 9, 'json_result', '返回参数', 'varchar(2000)', 'String', 'jsonResult', '0', '0', '0', '1', '1', '1', '1', 'EQ', 'textarea', '', 13, 'admin', '2024-10-08 18:22:36', '', NULL);
INSERT INTO `gen_table_column` VALUES (76, 9, 'status', '操作状态（0正常 1异常）', 'int(1)', 'Integer', 'status', '0', '0', '0', '1', '1', '1', '1', 'EQ', 'radio', '', 14, 'admin', '2024-10-08 18:22:36', '', NULL);
INSERT INTO `gen_table_column` VALUES (77, 9, 'error_msg', '错误消息', 'varchar(2000)', 'String', 'errorMsg', '0', '0', '0', '1', '1', '1', '1', 'EQ', 'textarea', '', 15, 'admin', '2024-10-08 18:22:36', '', NULL);
INSERT INTO `gen_table_column` VALUES (78, 9, 'oper_time', '操作时间', 'datetime', 'Date', 'operTime', '0', '0', '0', '1', '1', '1', '1', 'EQ', 'datetime', '', 16, 'admin', '2024-10-08 18:22:36', '', NULL);
INSERT INTO `gen_table_column` VALUES (79, 9, 'cost_time', '消耗时间', 'bigint(20)', 'Long', 'costTime', '0', '0', '0', '1', '1', '1', '1', 'EQ', 'input', '', 17, 'admin', '2024-10-08 18:22:36', '', NULL);
INSERT INTO `gen_table_column` VALUES (80, 10, 'role_id', '角色ID', 'bigint(20)', 'Long', 'roleId', '1', '0', '0', '1', NULL, NULL, NULL, 'EQ', 'input', '', 1, 'admin', '2024-10-08 18:22:36', '', NULL);
INSERT INTO `gen_table_column` VALUES (81, 10, 'dept_id', '部门ID', 'bigint(20)', 'Long', 'deptId', '1', '0', '0', '1', NULL, NULL, NULL, 'EQ', 'input', '', 2, 'admin', '2024-10-08 18:22:36', '', NULL);
INSERT INTO `gen_table_column` VALUES (82, 11, 'id', '题目信息id', 'int(11)', 'Long', 'id', '1', '1', '0', '1', NULL, NULL, NULL, 'EQ', 'input', '', 1, 'admin', '2024-10-09 14:56:38', '', '2024-10-09 15:04:51');
INSERT INTO `gen_table_column` VALUES (83, 11, 'content', '题目信息内容', 'text', 'String', 'content', '0', '0', '1', '1', '1', '1', '1', 'EQ', 'editor', '', 2, 'admin', '2024-10-09 14:56:38', '', '2024-10-09 15:04:51');
INSERT INTO `gen_table_column` VALUES (84, 11, 'create_time', '创建时间', 'datetime', 'Date', 'createTime', '0', '0', '0', '1', NULL, NULL, NULL, 'EQ', 'datetime', '', 3, 'admin', '2024-10-09 14:56:38', '', '2024-10-09 15:04:51');
INSERT INTO `gen_table_column` VALUES (85, 5, 'question_info_id', '题目内容id', 'int(11)', 'Long', 'questionInfoId', '0', '0', '0', '1', '1', '1', '1', 'EQ', 'input', '', 3, '', '2024-10-09 18:42:42', '', '2024-10-13 15:30:38');
INSERT INTO `gen_table_column` VALUES (86, 3, 'create_user', '回答人', 'int(11)', 'Long', 'createUser', '0', '0', '1', '1', '1', '1', '1', 'EQ', 'input', '', 4, '', '2024-10-13 11:46:30', '', '2024-10-13 11:56:02');
INSERT INTO `gen_table_column` VALUES (87, 3, 'paper_score', '试卷总分', 'int(11)', 'Integer', 'paperScore', '0', '0', '1', '1', '1', '1', '1', 'EQ', 'input', '', 5, '', '2024-10-13 11:46:30', '', '2024-10-13 11:56:02');
INSERT INTO `gen_table_column` VALUES (88, 5, 'correct', '正确答案', 'varchar(255)', 'String', 'correct', '0', '0', '0', '1', '1', '1', '1', 'EQ', 'input', '', 4, '', '2024-10-13 15:24:37', '', '2024-10-13 15:30:38');
INSERT INTO `gen_table_column` VALUES (89, 6, 'create_user', '', 'int(11)', 'Long', 'createUser', '0', '0', '1', '1', '1', '1', '1', 'EQ', 'input', '', 2, '', '2024-10-13 21:01:58', '', '2024-10-15 23:36:55');
INSERT INTO `gen_table_column` VALUES (90, 6, 'item_order', '', 'int(11)', 'Long', 'itemOrder', '0', '0', '0', '1', '1', '1', '1', 'EQ', 'input', '', 13, '', '2024-10-13 21:01:58', '', '2024-10-15 23:36:55');
INSERT INTO `gen_table_column` VALUES (91, 6, 'question_score', '', 'int(11)', 'Long', 'questionScore', '0', '0', '0', '1', '1', '1', '1', 'EQ', 'input', '', 11, '', '2024-10-13 21:57:38', '', '2024-10-15 23:36:55');
INSERT INTO `gen_table_column` VALUES (92, 6, 'paper_answer_id', '', 'int(11)', 'Long', 'paperAnswerId', '0', '0', '0', '1', '1', '1', '1', 'EQ', 'input', '', 4, '', '2024-10-14 09:32:26', '', '2024-10-15 23:36:55');
INSERT INTO `gen_table_column` VALUES (93, 6, 'question_type', NULL, 'int(11)', 'Long', 'questionType', '0', '0', '0', '1', '1', '1', '1', 'EQ', 'select', '', 7, '', '2024-10-15 23:36:55', '', NULL);
INSERT INTO `gen_table_column` VALUES (94, 2, 'paper_info_id', '', 'int(11)', 'Long', 'paperInfoId', '0', '0', '1', '1', '1', '1', '1', 'EQ', 'input', '', 5, '', '2024-10-16 12:01:02', '', '2024-10-26 00:21:25');
INSERT INTO `gen_table_column` VALUES (95, 2, 'suggest_time', '', 'int(11)', 'Long', 'suggestTime', '0', '0', '0', '1', '1', '1', '1', 'EQ', 'input', '', 7, '', '2024-10-16 12:01:02', '', '2024-10-26 00:21:25');
INSERT INTO `gen_table_column` VALUES (96, 12, 'user_id', '用户id', 'int(11)', 'Long', 'userId', '1', '1', '0', '1', NULL, NULL, NULL, 'EQ', 'input', '', 1, 'admin', '2024-10-18 00:24:26', '', '2024-10-18 11:15:16');
INSERT INTO `gen_table_column` VALUES (98, 12, 'password', '用户密码', 'varchar(255)', 'String', 'password', '0', '0', '0', '1', '1', '1', '1', 'EQ', 'input', '', 3, 'admin', '2024-10-18 00:24:26', '', '2024-10-18 11:15:16');
INSERT INTO `gen_table_column` VALUES (100, 12, 'user_name', '用户名', 'varchar(255)', 'String', 'userName', '0', '0', '1', '1', '1', '1', '1', 'LIKE', 'input', '', 2, '', '2024-10-18 11:14:39', '', '2024-10-18 11:15:16');
INSERT INTO `gen_table_column` VALUES (101, 12, 'nick_name', '用户昵称', 'varchar(255)', 'String', 'nickName', '0', '0', '1', '1', '1', '1', '1', 'LIKE', 'input', '', 4, '', '2024-10-18 11:14:39', '', '2024-10-18 11:15:16');
INSERT INTO `gen_table_column` VALUES (102, 12, 'avatar', '头像地址', 'varchar(255)', 'String', 'avatar', '0', '0', '0', '1', '1', '1', '1', 'EQ', 'input', '', 5, '', '2024-10-18 11:14:39', '', '2024-10-18 11:15:16');
INSERT INTO `gen_table_column` VALUES (103, 12, 'del_flag', '删除标志', 'char(1)', 'String', 'delFlag', '0', '0', '0', '1', NULL, NULL, NULL, 'EQ', 'input', '', 6, '', '2024-10-18 11:14:39', '', '2024-10-18 11:15:16');
INSERT INTO `gen_table_column` VALUES (104, 12, 'create_time', '创建时间', 'datetime', 'Date', 'createTime', '0', '0', '0', '1', NULL, NULL, NULL, 'EQ', 'datetime', '', 7, '', '2024-10-18 11:14:39', '', '2024-10-18 11:15:16');
INSERT INTO `gen_table_column` VALUES (105, 12, 'update_time', '更新时间', 'datetime', 'Date', 'updateTime', '0', '0', '0', '1', '1', NULL, NULL, 'EQ', 'datetime', '', 8, '', '2024-10-18 11:14:39', '', '2024-10-18 11:15:16');
INSERT INTO `gen_table_column` VALUES (107, 2, 'paper_type', NULL, 'varchar(255)', 'String', 'paperType', '0', '0', '0', '1', '1', '1', '1', 'EQ', 'select', 'paper_type', 11, '', '2024-10-18 16:48:48', '', '2024-10-26 00:21:25');

-- ----------------------------
-- Table structure for qrtz_blob_triggers
-- ----------------------------
DROP TABLE IF EXISTS `qrtz_blob_triggers`;
CREATE TABLE `qrtz_blob_triggers`  (
  `sched_name` varchar(120) CHARACTER SET utf8mb4 COLLATE utf8mb4_general_ci NOT NULL COMMENT '调度名称',
  `trigger_name` varchar(200) CHARACTER SET utf8mb4 COLLATE utf8mb4_general_ci NOT NULL COMMENT 'qrtz_triggers表trigger_name的外键',
  `trigger_group` varchar(200) CHARACTER SET utf8mb4 COLLATE utf8mb4_general_ci NOT NULL COMMENT 'qrtz_triggers表trigger_group的外键',
  `blob_data` blob NULL COMMENT '存放持久化Trigger对象',
  PRIMARY KEY (`sched_name`, `trigger_name`, `trigger_group`) USING BTREE,
  CONSTRAINT `qrtz_blob_triggers_ibfk_1` FOREIGN KEY (`sched_name`, `trigger_name`, `trigger_group`) REFERENCES `qrtz_triggers` (`sched_name`, `trigger_name`, `trigger_group`) ON DELETE RESTRICT ON UPDATE RESTRICT
) ENGINE = InnoDB CHARACTER SET = utf8mb4 COLLATE = utf8mb4_general_ci COMMENT = 'Blob类型的触发器表' ROW_FORMAT = Dynamic;

-- ----------------------------
-- Records of qrtz_blob_triggers
-- ----------------------------

-- ----------------------------
-- Table structure for qrtz_calendars
-- ----------------------------
DROP TABLE IF EXISTS `qrtz_calendars`;
CREATE TABLE `qrtz_calendars`  (
  `sched_name` varchar(120) CHARACTER SET utf8mb4 COLLATE utf8mb4_general_ci NOT NULL COMMENT '调度名称',
  `calendar_name` varchar(200) CHARACTER SET utf8mb4 COLLATE utf8mb4_general_ci NOT NULL COMMENT '日历名称',
  `calendar` blob NOT NULL COMMENT '存放持久化calendar对象',
  PRIMARY KEY (`sched_name`, `calendar_name`) USING BTREE
) ENGINE = InnoDB CHARACTER SET = utf8mb4 COLLATE = utf8mb4_general_ci COMMENT = '日历信息表' ROW_FORMAT = Dynamic;

-- ----------------------------
-- Records of qrtz_calendars
-- ----------------------------

-- ----------------------------
-- Table structure for qrtz_cron_triggers
-- ----------------------------
DROP TABLE IF EXISTS `qrtz_cron_triggers`;
CREATE TABLE `qrtz_cron_triggers`  (
  `sched_name` varchar(120) CHARACTER SET utf8mb4 COLLATE utf8mb4_general_ci NOT NULL COMMENT '调度名称',
  `trigger_name` varchar(200) CHARACTER SET utf8mb4 COLLATE utf8mb4_general_ci NOT NULL COMMENT 'qrtz_triggers表trigger_name的外键',
  `trigger_group` varchar(200) CHARACTER SET utf8mb4 COLLATE utf8mb4_general_ci NOT NULL COMMENT 'qrtz_triggers表trigger_group的外键',
  `cron_expression` varchar(200) CHARACTER SET utf8mb4 COLLATE utf8mb4_general_ci NOT NULL COMMENT 'cron表达式',
  `time_zone_id` varchar(80) CHARACTER SET utf8mb4 COLLATE utf8mb4_general_ci NULL DEFAULT NULL COMMENT '时区',
  PRIMARY KEY (`sched_name`, `trigger_name`, `trigger_group`) USING BTREE,
  CONSTRAINT `qrtz_cron_triggers_ibfk_1` FOREIGN KEY (`sched_name`, `trigger_name`, `trigger_group`) REFERENCES `qrtz_triggers` (`sched_name`, `trigger_name`, `trigger_group`) ON DELETE RESTRICT ON UPDATE RESTRICT
) ENGINE = InnoDB CHARACTER SET = utf8mb4 COLLATE = utf8mb4_general_ci COMMENT = 'Cron类型的触发器表' ROW_FORMAT = Dynamic;

-- ----------------------------
-- Records of qrtz_cron_triggers
-- ----------------------------

-- ----------------------------
-- Table structure for qrtz_fired_triggers
-- ----------------------------
DROP TABLE IF EXISTS `qrtz_fired_triggers`;
CREATE TABLE `qrtz_fired_triggers`  (
  `sched_name` varchar(120) CHARACTER SET utf8mb4 COLLATE utf8mb4_general_ci NOT NULL COMMENT '调度名称',
  `entry_id` varchar(95) CHARACTER SET utf8mb4 COLLATE utf8mb4_general_ci NOT NULL COMMENT '调度器实例id',
  `trigger_name` varchar(200) CHARACTER SET utf8mb4 COLLATE utf8mb4_general_ci NOT NULL COMMENT 'qrtz_triggers表trigger_name的外键',
  `trigger_group` varchar(200) CHARACTER SET utf8mb4 COLLATE utf8mb4_general_ci NOT NULL COMMENT 'qrtz_triggers表trigger_group的外键',
  `instance_name` varchar(200) CHARACTER SET utf8mb4 COLLATE utf8mb4_general_ci NOT NULL COMMENT '调度器实例名',
  `fired_time` bigint(13) NOT NULL COMMENT '触发的时间',
  `sched_time` bigint(13) NOT NULL COMMENT '定时器制定的时间',
  `priority` int(11) NOT NULL COMMENT '优先级',
  `state` varchar(16) CHARACTER SET utf8mb4 COLLATE utf8mb4_general_ci NOT NULL COMMENT '状态',
  `job_name` varchar(200) CHARACTER SET utf8mb4 COLLATE utf8mb4_general_ci NULL DEFAULT NULL COMMENT '任务名称',
  `job_group` varchar(200) CHARACTER SET utf8mb4 COLLATE utf8mb4_general_ci NULL DEFAULT NULL COMMENT '任务组名',
  `is_nonconcurrent` varchar(1) CHARACTER SET utf8mb4 COLLATE utf8mb4_general_ci NULL DEFAULT NULL COMMENT '是否并发',
  `requests_recovery` varchar(1) CHARACTER SET utf8mb4 COLLATE utf8mb4_general_ci NULL DEFAULT NULL COMMENT '是否接受恢复执行',
  PRIMARY KEY (`sched_name`, `entry_id`) USING BTREE
) ENGINE = InnoDB CHARACTER SET = utf8mb4 COLLATE = utf8mb4_general_ci COMMENT = '已触发的触发器表' ROW_FORMAT = Dynamic;

-- ----------------------------
-- Records of qrtz_fired_triggers
-- ----------------------------

-- ----------------------------
-- Table structure for qrtz_job_details
-- ----------------------------
DROP TABLE IF EXISTS `qrtz_job_details`;
CREATE TABLE `qrtz_job_details`  (
  `sched_name` varchar(120) CHARACTER SET utf8mb4 COLLATE utf8mb4_general_ci NOT NULL COMMENT '调度名称',
  `job_name` varchar(200) CHARACTER SET utf8mb4 COLLATE utf8mb4_general_ci NOT NULL COMMENT '任务名称',
  `job_group` varchar(200) CHARACTER SET utf8mb4 COLLATE utf8mb4_general_ci NOT NULL COMMENT '任务组名',
  `description` varchar(250) CHARACTER SET utf8mb4 COLLATE utf8mb4_general_ci NULL DEFAULT NULL COMMENT '相关介绍',
  `job_class_name` varchar(250) CHARACTER SET utf8mb4 COLLATE utf8mb4_general_ci NOT NULL COMMENT '执行任务类名称',
  `is_durable` varchar(1) CHARACTER SET utf8mb4 COLLATE utf8mb4_general_ci NOT NULL COMMENT '是否持久化',
  `is_nonconcurrent` varchar(1) CHARACTER SET utf8mb4 COLLATE utf8mb4_general_ci NOT NULL COMMENT '是否并发',
  `is_update_data` varchar(1) CHARACTER SET utf8mb4 COLLATE utf8mb4_general_ci NOT NULL COMMENT '是否更新数据',
  `requests_recovery` varchar(1) CHARACTER SET utf8mb4 COLLATE utf8mb4_general_ci NOT NULL COMMENT '是否接受恢复执行',
  `job_data` blob NULL COMMENT '存放持久化job对象',
  PRIMARY KEY (`sched_name`, `job_name`, `job_group`) USING BTREE
) ENGINE = InnoDB CHARACTER SET = utf8mb4 COLLATE = utf8mb4_general_ci COMMENT = '任务详细信息表' ROW_FORMAT = Dynamic;

-- ----------------------------
-- Records of qrtz_job_details
-- ----------------------------

-- ----------------------------
-- Table structure for qrtz_locks
-- ----------------------------
DROP TABLE IF EXISTS `qrtz_locks`;
CREATE TABLE `qrtz_locks`  (
  `sched_name` varchar(120) CHARACTER SET utf8mb4 COLLATE utf8mb4_general_ci NOT NULL COMMENT '调度名称',
  `lock_name` varchar(40) CHARACTER SET utf8mb4 COLLATE utf8mb4_general_ci NOT NULL COMMENT '悲观锁名称',
  PRIMARY KEY (`sched_name`, `lock_name`) USING BTREE
) ENGINE = InnoDB CHARACTER SET = utf8mb4 COLLATE = utf8mb4_general_ci COMMENT = '存储的悲观锁信息表' ROW_FORMAT = Dynamic;

-- ----------------------------
-- Records of qrtz_locks
-- ----------------------------

-- ----------------------------
-- Table structure for qrtz_paused_trigger_grps
-- ----------------------------
DROP TABLE IF EXISTS `qrtz_paused_trigger_grps`;
CREATE TABLE `qrtz_paused_trigger_grps`  (
  `sched_name` varchar(120) CHARACTER SET utf8mb4 COLLATE utf8mb4_general_ci NOT NULL COMMENT '调度名称',
  `trigger_group` varchar(200) CHARACTER SET utf8mb4 COLLATE utf8mb4_general_ci NOT NULL COMMENT 'qrtz_triggers表trigger_group的外键',
  PRIMARY KEY (`sched_name`, `trigger_group`) USING BTREE
) ENGINE = InnoDB CHARACTER SET = utf8mb4 COLLATE = utf8mb4_general_ci COMMENT = '暂停的触发器表' ROW_FORMAT = Dynamic;

-- ----------------------------
-- Records of qrtz_paused_trigger_grps
-- ----------------------------

-- ----------------------------
-- Table structure for qrtz_scheduler_state
-- ----------------------------
DROP TABLE IF EXISTS `qrtz_scheduler_state`;
CREATE TABLE `qrtz_scheduler_state`  (
  `sched_name` varchar(120) CHARACTER SET utf8mb4 COLLATE utf8mb4_general_ci NOT NULL COMMENT '调度名称',
  `instance_name` varchar(200) CHARACTER SET utf8mb4 COLLATE utf8mb4_general_ci NOT NULL COMMENT '实例名称',
  `last_checkin_time` bigint(13) NOT NULL COMMENT '上次检查时间',
  `checkin_interval` bigint(13) NOT NULL COMMENT '检查间隔时间',
  PRIMARY KEY (`sched_name`, `instance_name`) USING BTREE
) ENGINE = InnoDB CHARACTER SET = utf8mb4 COLLATE = utf8mb4_general_ci COMMENT = '调度器状态表' ROW_FORMAT = Dynamic;

-- ----------------------------
-- Records of qrtz_scheduler_state
-- ----------------------------

-- ----------------------------
-- Table structure for qrtz_simple_triggers
-- ----------------------------
DROP TABLE IF EXISTS `qrtz_simple_triggers`;
CREATE TABLE `qrtz_simple_triggers`  (
  `sched_name` varchar(120) CHARACTER SET utf8mb4 COLLATE utf8mb4_general_ci NOT NULL COMMENT '调度名称',
  `trigger_name` varchar(200) CHARACTER SET utf8mb4 COLLATE utf8mb4_general_ci NOT NULL COMMENT 'qrtz_triggers表trigger_name的外键',
  `trigger_group` varchar(200) CHARACTER SET utf8mb4 COLLATE utf8mb4_general_ci NOT NULL COMMENT 'qrtz_triggers表trigger_group的外键',
  `repeat_count` bigint(7) NOT NULL COMMENT '重复的次数统计',
  `repeat_interval` bigint(12) NOT NULL COMMENT '重复的间隔时间',
  `times_triggered` bigint(10) NOT NULL COMMENT '已经触发的次数',
  PRIMARY KEY (`sched_name`, `trigger_name`, `trigger_group`) USING BTREE,
  CONSTRAINT `qrtz_simple_triggers_ibfk_1` FOREIGN KEY (`sched_name`, `trigger_name`, `trigger_group`) REFERENCES `qrtz_triggers` (`sched_name`, `trigger_name`, `trigger_group`) ON DELETE RESTRICT ON UPDATE RESTRICT
) ENGINE = InnoDB CHARACTER SET = utf8mb4 COLLATE = utf8mb4_general_ci COMMENT = '简单触发器的信息表' ROW_FORMAT = Dynamic;

-- ----------------------------
-- Records of qrtz_simple_triggers
-- ----------------------------

-- ----------------------------
-- Table structure for qrtz_simprop_triggers
-- ----------------------------
DROP TABLE IF EXISTS `qrtz_simprop_triggers`;
CREATE TABLE `qrtz_simprop_triggers`  (
  `sched_name` varchar(120) CHARACTER SET utf8mb4 COLLATE utf8mb4_general_ci NOT NULL COMMENT '调度名称',
  `trigger_name` varchar(200) CHARACTER SET utf8mb4 COLLATE utf8mb4_general_ci NOT NULL COMMENT 'qrtz_triggers表trigger_name的外键',
  `trigger_group` varchar(200) CHARACTER SET utf8mb4 COLLATE utf8mb4_general_ci NOT NULL COMMENT 'qrtz_triggers表trigger_group的外键',
  `str_prop_1` varchar(512) CHARACTER SET utf8mb4 COLLATE utf8mb4_general_ci NULL DEFAULT NULL COMMENT 'String类型的trigger的第一个参数',
  `str_prop_2` varchar(512) CHARACTER SET utf8mb4 COLLATE utf8mb4_general_ci NULL DEFAULT NULL COMMENT 'String类型的trigger的第二个参数',
  `str_prop_3` varchar(512) CHARACTER SET utf8mb4 COLLATE utf8mb4_general_ci NULL DEFAULT NULL COMMENT 'String类型的trigger的第三个参数',
  `int_prop_1` int(11) NULL DEFAULT NULL COMMENT 'int类型的trigger的第一个参数',
  `int_prop_2` int(11) NULL DEFAULT NULL COMMENT 'int类型的trigger的第二个参数',
  `long_prop_1` bigint(20) NULL DEFAULT NULL COMMENT 'long类型的trigger的第一个参数',
  `long_prop_2` bigint(20) NULL DEFAULT NULL COMMENT 'long类型的trigger的第二个参数',
  `dec_prop_1` decimal(13, 4) NULL DEFAULT NULL COMMENT 'decimal类型的trigger的第一个参数',
  `dec_prop_2` decimal(13, 4) NULL DEFAULT NULL COMMENT 'decimal类型的trigger的第二个参数',
  `bool_prop_1` varchar(1) CHARACTER SET utf8mb4 COLLATE utf8mb4_general_ci NULL DEFAULT NULL COMMENT 'Boolean类型的trigger的第一个参数',
  `bool_prop_2` varchar(1) CHARACTER SET utf8mb4 COLLATE utf8mb4_general_ci NULL DEFAULT NULL COMMENT 'Boolean类型的trigger的第二个参数',
  PRIMARY KEY (`sched_name`, `trigger_name`, `trigger_group`) USING BTREE,
  CONSTRAINT `qrtz_simprop_triggers_ibfk_1` FOREIGN KEY (`sched_name`, `trigger_name`, `trigger_group`) REFERENCES `qrtz_triggers` (`sched_name`, `trigger_name`, `trigger_group`) ON DELETE RESTRICT ON UPDATE RESTRICT
) ENGINE = InnoDB CHARACTER SET = utf8mb4 COLLATE = utf8mb4_general_ci COMMENT = '同步机制的行锁表' ROW_FORMAT = Dynamic;

-- ----------------------------
-- Records of qrtz_simprop_triggers
-- ----------------------------

-- ----------------------------
-- Table structure for qrtz_triggers
-- ----------------------------
DROP TABLE IF EXISTS `qrtz_triggers`;
CREATE TABLE `qrtz_triggers`  (
  `sched_name` varchar(120) CHARACTER SET utf8mb4 COLLATE utf8mb4_general_ci NOT NULL COMMENT '调度名称',
  `trigger_name` varchar(200) CHARACTER SET utf8mb4 COLLATE utf8mb4_general_ci NOT NULL COMMENT '触发器的名字',
  `trigger_group` varchar(200) CHARACTER SET utf8mb4 COLLATE utf8mb4_general_ci NOT NULL COMMENT '触发器所属组的名字',
  `job_name` varchar(200) CHARACTER SET utf8mb4 COLLATE utf8mb4_general_ci NOT NULL COMMENT 'qrtz_job_details表job_name的外键',
  `job_group` varchar(200) CHARACTER SET utf8mb4 COLLATE utf8mb4_general_ci NOT NULL COMMENT 'qrtz_job_details表job_group的外键',
  `description` varchar(250) CHARACTER SET utf8mb4 COLLATE utf8mb4_general_ci NULL DEFAULT NULL COMMENT '相关介绍',
  `next_fire_time` bigint(13) NULL DEFAULT NULL COMMENT '上一次触发时间（毫秒）',
  `prev_fire_time` bigint(13) NULL DEFAULT NULL COMMENT '下一次触发时间（默认为-1表示不触发）',
  `priority` int(11) NULL DEFAULT NULL COMMENT '优先级',
  `trigger_state` varchar(16) CHARACTER SET utf8mb4 COLLATE utf8mb4_general_ci NOT NULL COMMENT '触发器状态',
  `trigger_type` varchar(8) CHARACTER SET utf8mb4 COLLATE utf8mb4_general_ci NOT NULL COMMENT '触发器的类型',
  `start_time` bigint(13) NOT NULL COMMENT '开始时间',
  `end_time` bigint(13) NULL DEFAULT NULL COMMENT '结束时间',
  `calendar_name` varchar(200) CHARACTER SET utf8mb4 COLLATE utf8mb4_general_ci NULL DEFAULT NULL COMMENT '日程表名称',
  `misfire_instr` smallint(2) NULL DEFAULT NULL COMMENT '补偿执行的策略',
  `job_data` blob NULL COMMENT '存放持久化job对象',
  PRIMARY KEY (`sched_name`, `trigger_name`, `trigger_group`) USING BTREE,
  INDEX `sched_name`(`sched_name`, `job_name`, `job_group`) USING BTREE,
  CONSTRAINT `qrtz_triggers_ibfk_1` FOREIGN KEY (`sched_name`, `job_name`, `job_group`) REFERENCES `qrtz_job_details` (`sched_name`, `job_name`, `job_group`) ON DELETE RESTRICT ON UPDATE RESTRICT
) ENGINE = InnoDB CHARACTER SET = utf8mb4 COLLATE = utf8mb4_general_ci COMMENT = '触发器详细信息表' ROW_FORMAT = Dynamic;

-- ----------------------------
-- Records of qrtz_triggers
-- ----------------------------

-- ----------------------------
-- Table structure for sys_config
-- ----------------------------
DROP TABLE IF EXISTS `sys_config`;
CREATE TABLE `sys_config`  (
  `config_id` int(5) NOT NULL AUTO_INCREMENT COMMENT '参数主键',
  `config_name` varchar(100) CHARACTER SET utf8mb4 COLLATE utf8mb4_general_ci NULL DEFAULT '' COMMENT '参数名称',
  `config_key` varchar(100) CHARACTER SET utf8mb4 COLLATE utf8mb4_general_ci NULL DEFAULT '' COMMENT '参数键名',
  `config_value` varchar(500) CHARACTER SET utf8mb4 COLLATE utf8mb4_general_ci NULL DEFAULT '' COMMENT '参数键值',
  `config_type` char(1) CHARACTER SET utf8mb4 COLLATE utf8mb4_general_ci NULL DEFAULT 'N' COMMENT '系统内置（Y是 N否）',
  `create_by` varchar(64) CHARACTER SET utf8mb4 COLLATE utf8mb4_general_ci NULL DEFAULT '' COMMENT '创建者',
  `create_time` datetime NULL DEFAULT NULL COMMENT '创建时间',
  `update_by` varchar(64) CHARACTER SET utf8mb4 COLLATE utf8mb4_general_ci NULL DEFAULT '' COMMENT '更新者',
  `update_time` datetime NULL DEFAULT NULL COMMENT '更新时间',
  `remark` varchar(500) CHARACTER SET utf8mb4 COLLATE utf8mb4_general_ci NULL DEFAULT NULL COMMENT '备注',
  PRIMARY KEY (`config_id`) USING BTREE
) ENGINE = InnoDB AUTO_INCREMENT = 7 CHARACTER SET = utf8mb4 COLLATE = utf8mb4_general_ci COMMENT = '参数配置表' ROW_FORMAT = Dynamic;

-- ----------------------------
-- Records of sys_config
-- ----------------------------
INSERT INTO `sys_config` VALUES (1, '主框架页-默认皮肤样式名称', 'sys.index.skinName', 'skin-blue', 'Y', 'admin', '2024-10-06 10:58:21', '', NULL, '蓝色 skin-blue、绿色 skin-green、紫色 skin-purple、红色 skin-red、黄色 skin-yellow');
INSERT INTO `sys_config` VALUES (2, '用户管理-账号初始密码', 'sys.user.initPassword', '123456', 'Y', 'admin', '2024-10-06 10:58:21', '', NULL, '初始化密码 123456');
INSERT INTO `sys_config` VALUES (3, '主框架页-侧边栏主题', 'sys.index.sideTheme', 'theme-dark', 'Y', 'admin', '2024-10-06 10:58:21', '', NULL, '深色主题theme-dark，浅色主题theme-light');
INSERT INTO `sys_config` VALUES (4, '账号自助-验证码开关', 'sys.account.captchaEnabled', 'true', 'Y', 'admin', '2024-10-06 10:58:21', '', NULL, '是否开启验证码功能（true开启，false关闭）');
INSERT INTO `sys_config` VALUES (5, '账号自助-是否开启用户注册功能', 'sys.account.registerUser', 'false', 'Y', 'admin', '2024-10-06 10:58:21', '', NULL, '是否开启注册用户功能（true开启，false关闭）');
INSERT INTO `sys_config` VALUES (6, '用户登录-黑名单列表', 'sys.login.blackIPList', '', 'Y', 'admin', '2024-10-06 10:58:21', '', NULL, '设置登录IP黑名单限制，多个匹配项以;分隔，支持匹配（*通配、网段）');

-- ----------------------------
-- Table structure for sys_dept
-- ----------------------------
DROP TABLE IF EXISTS `sys_dept`;
CREATE TABLE `sys_dept`  (
  `dept_id` bigint(20) NOT NULL AUTO_INCREMENT COMMENT '部门id',
  `parent_id` bigint(20) NULL DEFAULT 0 COMMENT '父部门id',
  `ancestors` varchar(50) CHARACTER SET utf8mb4 COLLATE utf8mb4_general_ci NULL DEFAULT '' COMMENT '祖级列表',
  `dept_name` varchar(30) CHARACTER SET utf8mb4 COLLATE utf8mb4_general_ci NULL DEFAULT '' COMMENT '部门名称',
  `order_num` int(4) NULL DEFAULT 0 COMMENT '显示顺序',
  `leader` varchar(20) CHARACTER SET utf8mb4 COLLATE utf8mb4_general_ci NULL DEFAULT NULL COMMENT '负责人',
  `phone` varchar(11) CHARACTER SET utf8mb4 COLLATE utf8mb4_general_ci NULL DEFAULT NULL COMMENT '联系电话',
  `email` varchar(50) CHARACTER SET utf8mb4 COLLATE utf8mb4_general_ci NULL DEFAULT NULL COMMENT '邮箱',
  `status` char(1) CHARACTER SET utf8mb4 COLLATE utf8mb4_general_ci NULL DEFAULT '0' COMMENT '部门状态（0正常 1停用）',
  `del_flag` char(1) CHARACTER SET utf8mb4 COLLATE utf8mb4_general_ci NULL DEFAULT '0' COMMENT '删除标志（0代表存在 2代表删除）',
  `create_by` varchar(64) CHARACTER SET utf8mb4 COLLATE utf8mb4_general_ci NULL DEFAULT '' COMMENT '创建者',
  `create_time` datetime NULL DEFAULT NULL COMMENT '创建时间',
  `update_by` varchar(64) CHARACTER SET utf8mb4 COLLATE utf8mb4_general_ci NULL DEFAULT '' COMMENT '更新者',
  `update_time` datetime NULL DEFAULT NULL COMMENT '更新时间',
  PRIMARY KEY (`dept_id`) USING BTREE
) ENGINE = InnoDB AUTO_INCREMENT = 110 CHARACTER SET = utf8mb4 COLLATE = utf8mb4_general_ci COMMENT = '部门表' ROW_FORMAT = Dynamic;

-- ----------------------------
-- Records of sys_dept
-- ----------------------------
INSERT INTO `sys_dept` VALUES (100, 0, '0', '若依科技', 0, '若依', '15888888888', 'ry@qq.com', '0', '0', 'admin', '2024-10-06 10:58:18', '', NULL);
INSERT INTO `sys_dept` VALUES (101, 100, '0,100', '深圳总公司', 1, '若依', '15888888888', 'ry@qq.com', '0', '0', 'admin', '2024-10-06 10:58:18', '', NULL);
INSERT INTO `sys_dept` VALUES (102, 100, '0,100', '长沙分公司', 2, '若依', '15888888888', 'ry@qq.com', '0', '0', 'admin', '2024-10-06 10:58:18', '', NULL);
INSERT INTO `sys_dept` VALUES (103, 101, '0,100,101', '研发部门', 1, '若依', '15888888888', 'ry@qq.com', '0', '0', 'admin', '2024-10-06 10:58:18', '', NULL);
INSERT INTO `sys_dept` VALUES (104, 101, '0,100,101', '市场部门', 2, '若依', '15888888888', 'ry@qq.com', '0', '0', 'admin', '2024-10-06 10:58:18', '', NULL);
INSERT INTO `sys_dept` VALUES (105, 101, '0,100,101', '测试部门', 3, '若依', '15888888888', 'ry@qq.com', '0', '0', 'admin', '2024-10-06 10:58:18', '', NULL);
INSERT INTO `sys_dept` VALUES (106, 101, '0,100,101', '财务部门', 4, '若依', '15888888888', 'ry@qq.com', '0', '0', 'admin', '2024-10-06 10:58:18', '', NULL);
INSERT INTO `sys_dept` VALUES (107, 101, '0,100,101', '运维部门', 5, '若依', '15888888888', 'ry@qq.com', '0', '0', 'admin', '2024-10-06 10:58:18', '', NULL);
INSERT INTO `sys_dept` VALUES (108, 102, '0,100,102', '市场部门', 1, '若依', '15888888888', 'ry@qq.com', '0', '0', 'admin', '2024-10-06 10:58:18', '', NULL);
INSERT INTO `sys_dept` VALUES (109, 102, '0,100,102', '财务部门', 2, '若依', '15888888888', 'ry@qq.com', '0', '0', 'admin', '2024-10-06 10:58:18', '', NULL);

-- ----------------------------
-- Table structure for sys_dict_data
-- ----------------------------
DROP TABLE IF EXISTS `sys_dict_data`;
CREATE TABLE `sys_dict_data`  (
  `dict_code` bigint(20) NOT NULL AUTO_INCREMENT COMMENT '字典编码',
  `dict_sort` int(4) NULL DEFAULT 0 COMMENT '字典排序',
  `dict_label` varchar(100) CHARACTER SET utf8mb4 COLLATE utf8mb4_general_ci NULL DEFAULT '' COMMENT '字典标签',
  `dict_value` varchar(100) CHARACTER SET utf8mb4 COLLATE utf8mb4_general_ci NULL DEFAULT '' COMMENT '字典键值',
  `dict_type` varchar(100) CHARACTER SET utf8mb4 COLLATE utf8mb4_general_ci NULL DEFAULT '' COMMENT '字典类型',
  `css_class` varchar(100) CHARACTER SET utf8mb4 COLLATE utf8mb4_general_ci NULL DEFAULT NULL COMMENT '样式属性（其他样式扩展）',
  `list_class` varchar(100) CHARACTER SET utf8mb4 COLLATE utf8mb4_general_ci NULL DEFAULT NULL COMMENT '表格回显样式',
  `is_default` char(1) CHARACTER SET utf8mb4 COLLATE utf8mb4_general_ci NULL DEFAULT 'N' COMMENT '是否默认（Y是 N否）',
  `status` char(1) CHARACTER SET utf8mb4 COLLATE utf8mb4_general_ci NULL DEFAULT '0' COMMENT '状态（0正常 1停用）',
  `create_by` varchar(64) CHARACTER SET utf8mb4 COLLATE utf8mb4_general_ci NULL DEFAULT '' COMMENT '创建者',
  `create_time` datetime NULL DEFAULT NULL COMMENT '创建时间',
  `update_by` varchar(64) CHARACTER SET utf8mb4 COLLATE utf8mb4_general_ci NULL DEFAULT '' COMMENT '更新者',
  `update_time` datetime NULL DEFAULT NULL COMMENT '更新时间',
  `remark` varchar(500) CHARACTER SET utf8mb4 COLLATE utf8mb4_general_ci NULL DEFAULT NULL COMMENT '备注',
  PRIMARY KEY (`dict_code`) USING BTREE
) ENGINE = InnoDB AUTO_INCREMENT = 110 CHARACTER SET = utf8mb4 COLLATE = utf8mb4_general_ci COMMENT = '字典数据表' ROW_FORMAT = Dynamic;

-- ----------------------------
-- Records of sys_dict_data
-- ----------------------------
INSERT INTO `sys_dict_data` VALUES (1, 1, '男', '0', 'sys_user_sex', '', '', 'Y', '0', 'admin', '2024-10-06 10:58:21', '', NULL, '性别男');
INSERT INTO `sys_dict_data` VALUES (2, 2, '女', '1', 'sys_user_sex', '', '', 'N', '0', 'admin', '2024-10-06 10:58:21', '', NULL, '性别女');
INSERT INTO `sys_dict_data` VALUES (3, 3, '未知', '2', 'sys_user_sex', '', '', 'N', '0', 'admin', '2024-10-06 10:58:21', '', NULL, '性别未知');
INSERT INTO `sys_dict_data` VALUES (4, 1, '显示', '0', 'sys_show_hide', '', 'primary', 'Y', '0', 'admin', '2024-10-06 10:58:21', '', NULL, '显示菜单');
INSERT INTO `sys_dict_data` VALUES (5, 2, '隐藏', '1', 'sys_show_hide', '', 'danger', 'N', '0', 'admin', '2024-10-06 10:58:21', '', NULL, '隐藏菜单');
INSERT INTO `sys_dict_data` VALUES (6, 1, '正常', '0', 'sys_normal_disable', '', 'primary', 'Y', '0', 'admin', '2024-10-06 10:58:21', '', NULL, '正常状态');
INSERT INTO `sys_dict_data` VALUES (7, 2, '停用', '1', 'sys_normal_disable', '', 'danger', 'N', '0', 'admin', '2024-10-06 10:58:21', '', NULL, '停用状态');
INSERT INTO `sys_dict_data` VALUES (8, 1, '正常', '0', 'sys_job_status', '', 'primary', 'Y', '0', 'admin', '2024-10-06 10:58:21', '', NULL, '正常状态');
INSERT INTO `sys_dict_data` VALUES (9, 2, '暂停', '1', 'sys_job_status', '', 'danger', 'N', '0', 'admin', '2024-10-06 10:58:21', '', NULL, '停用状态');
INSERT INTO `sys_dict_data` VALUES (10, 1, '默认', 'DEFAULT', 'sys_job_group', '', '', 'Y', '0', 'admin', '2024-10-06 10:58:21', '', NULL, '默认分组');
INSERT INTO `sys_dict_data` VALUES (11, 2, '系统', 'SYSTEM', 'sys_job_group', '', '', 'N', '0', 'admin', '2024-10-06 10:58:21', '', NULL, '系统分组');
INSERT INTO `sys_dict_data` VALUES (12, 1, '是', 'Y', 'sys_yes_no', '', 'primary', 'Y', '0', 'admin', '2024-10-06 10:58:21', '', NULL, '系统默认是');
INSERT INTO `sys_dict_data` VALUES (13, 2, '否', 'N', 'sys_yes_no', '', 'danger', 'N', '0', 'admin', '2024-10-06 10:58:21', '', NULL, '系统默认否');
INSERT INTO `sys_dict_data` VALUES (14, 1, '通知', '1', 'sys_notice_type', '', 'warning', 'Y', '0', 'admin', '2024-10-06 10:58:21', '', NULL, '通知');
INSERT INTO `sys_dict_data` VALUES (15, 2, '公告', '2', 'sys_notice_type', '', 'success', 'N', '0', 'admin', '2024-10-06 10:58:21', '', NULL, '公告');
INSERT INTO `sys_dict_data` VALUES (16, 1, '正常', '0', 'sys_notice_status', '', 'primary', 'Y', '0', 'admin', '2024-10-06 10:58:21', '', NULL, '正常状态');
INSERT INTO `sys_dict_data` VALUES (17, 2, '关闭', '1', 'sys_notice_status', '', 'danger', 'N', '0', 'admin', '2024-10-06 10:58:21', '', NULL, '关闭状态');
INSERT INTO `sys_dict_data` VALUES (18, 99, '其他', '0', 'sys_oper_type', '', 'info', 'N', '0', 'admin', '2024-10-06 10:58:21', '', NULL, '其他操作');
INSERT INTO `sys_dict_data` VALUES (19, 1, '新增', '1', 'sys_oper_type', '', 'info', 'N', '0', 'admin', '2024-10-06 10:58:21', '', NULL, '新增操作');
INSERT INTO `sys_dict_data` VALUES (20, 2, '修改', '2', 'sys_oper_type', '', 'info', 'N', '0', 'admin', '2024-10-06 10:58:21', '', NULL, '修改操作');
INSERT INTO `sys_dict_data` VALUES (21, 3, '删除', '3', 'sys_oper_type', '', 'danger', 'N', '0', 'admin', '2024-10-06 10:58:21', '', NULL, '删除操作');
INSERT INTO `sys_dict_data` VALUES (22, 4, '授权', '4', 'sys_oper_type', '', 'primary', 'N', '0', 'admin', '2024-10-06 10:58:21', '', NULL, '授权操作');
INSERT INTO `sys_dict_data` VALUES (23, 5, '导出', '5', 'sys_oper_type', '', 'warning', 'N', '0', 'admin', '2024-10-06 10:58:21', '', NULL, '导出操作');
INSERT INTO `sys_dict_data` VALUES (24, 6, '导入', '6', 'sys_oper_type', '', 'warning', 'N', '0', 'admin', '2024-10-06 10:58:21', '', NULL, '导入操作');
INSERT INTO `sys_dict_data` VALUES (25, 7, '强退', '7', 'sys_oper_type', '', 'danger', 'N', '0', 'admin', '2024-10-06 10:58:21', '', NULL, '强退操作');
INSERT INTO `sys_dict_data` VALUES (26, 8, '生成代码', '8', 'sys_oper_type', '', 'warning', 'N', '0', 'admin', '2024-10-06 10:58:21', '', NULL, '生成操作');
INSERT INTO `sys_dict_data` VALUES (27, 9, '清空数据', '9', 'sys_oper_type', '', 'danger', 'N', '0', 'admin', '2024-10-06 10:58:21', '', NULL, '清空操作');
INSERT INTO `sys_dict_data` VALUES (28, 1, '成功', '0', 'sys_common_status', '', 'primary', 'N', '0', 'admin', '2024-10-06 10:58:21', '', NULL, '正常状态');
INSERT INTO `sys_dict_data` VALUES (29, 2, '失败', '1', 'sys_common_status', '', 'danger', 'N', '0', 'admin', '2024-10-06 10:58:21', '', NULL, '停用状态');
INSERT INTO `sys_dict_data` VALUES (100, 0, '单选题', '1', 'question_type', NULL, 'success', 'N', '0', 'admin', '2024-10-08 22:07:01', '', NULL, '单选题');
INSERT INTO `sys_dict_data` VALUES (101, 0, '多选题', '2', 'question_type', NULL, 'success', 'N', '0', 'admin', '2024-10-08 22:07:35', 'admin', '2024-10-08 22:07:40', '多选题');
INSERT INTO `sys_dict_data` VALUES (102, 0, '主观题', '3', 'question_type', NULL, 'success', 'N', '0', 'admin', '2024-10-08 22:07:59', '', NULL, '主观题');
INSERT INTO `sys_dict_data` VALUES (103, 0, '高等数学', '1', 'subject_id', NULL, 'default', 'N', '0', 'admin', '2024-10-12 12:02:15', 'admin', '2024-10-12 12:02:38', NULL);
INSERT INTO `sys_dict_data` VALUES (104, 0, '政治', '2', 'subject_id', NULL, 'default', 'N', '0', 'admin', '2024-10-12 12:02:31', '', NULL, NULL);
INSERT INTO `sys_dict_data` VALUES (105, 0, '计算机基础与程序设计', '3', 'subject_id', NULL, 'default', 'N', '0', 'admin', '2024-10-12 12:02:55', '', NULL, NULL);
INSERT INTO `sys_dict_data` VALUES (106, 0, '正确', 'true', 'is_correct', NULL, 'success', 'N', '0', 'admin', '2024-10-16 11:01:42', 'admin', '2024-10-16 11:13:38', NULL);
INSERT INTO `sys_dict_data` VALUES (107, 0, '错误', 'false', 'is_correct', NULL, 'danger', 'N', '0', 'admin', '2024-10-16 11:01:54', 'admin', '2024-10-16 11:13:46', NULL);
INSERT INTO `sys_dict_data` VALUES (108, 0, '真题', '1', 'paper_type', NULL, 'danger', 'N', '0', 'admin', '2024-10-18 17:03:33', 'admin', '2024-10-18 17:03:55', NULL);
INSERT INTO `sys_dict_data` VALUES (109, 0, '模拟题', '2', 'paper_type', NULL, 'primary', 'N', '0', 'admin', '2024-10-18 17:03:50', '', NULL, NULL);

-- ----------------------------
-- Table structure for sys_dict_type
-- ----------------------------
DROP TABLE IF EXISTS `sys_dict_type`;
CREATE TABLE `sys_dict_type`  (
  `dict_id` bigint(20) NOT NULL AUTO_INCREMENT COMMENT '字典主键',
  `dict_name` varchar(100) CHARACTER SET utf8mb4 COLLATE utf8mb4_general_ci NULL DEFAULT '' COMMENT '字典名称',
  `dict_type` varchar(100) CHARACTER SET utf8mb4 COLLATE utf8mb4_general_ci NULL DEFAULT '' COMMENT '字典类型',
  `status` char(1) CHARACTER SET utf8mb4 COLLATE utf8mb4_general_ci NULL DEFAULT '0' COMMENT '状态（0正常 1停用）',
  `create_by` varchar(64) CHARACTER SET utf8mb4 COLLATE utf8mb4_general_ci NULL DEFAULT '' COMMENT '创建者',
  `create_time` datetime NULL DEFAULT NULL COMMENT '创建时间',
  `update_by` varchar(64) CHARACTER SET utf8mb4 COLLATE utf8mb4_general_ci NULL DEFAULT '' COMMENT '更新者',
  `update_time` datetime NULL DEFAULT NULL COMMENT '更新时间',
  `remark` varchar(500) CHARACTER SET utf8mb4 COLLATE utf8mb4_general_ci NULL DEFAULT NULL COMMENT '备注',
  PRIMARY KEY (`dict_id`) USING BTREE,
  UNIQUE INDEX `dict_type`(`dict_type`) USING BTREE
) ENGINE = InnoDB AUTO_INCREMENT = 104 CHARACTER SET = utf8mb4 COLLATE = utf8mb4_general_ci COMMENT = '字典类型表' ROW_FORMAT = Dynamic;

-- ----------------------------
-- Records of sys_dict_type
-- ----------------------------
INSERT INTO `sys_dict_type` VALUES (1, '用户性别', 'sys_user_sex', '0', 'admin', '2024-10-06 10:58:21', '', NULL, '用户性别列表');
INSERT INTO `sys_dict_type` VALUES (2, '菜单状态', 'sys_show_hide', '0', 'admin', '2024-10-06 10:58:21', '', NULL, '菜单状态列表');
INSERT INTO `sys_dict_type` VALUES (3, '系统开关', 'sys_normal_disable', '0', 'admin', '2024-10-06 10:58:21', '', NULL, '系统开关列表');
INSERT INTO `sys_dict_type` VALUES (4, '任务状态', 'sys_job_status', '0', 'admin', '2024-10-06 10:58:21', '', NULL, '任务状态列表');
INSERT INTO `sys_dict_type` VALUES (5, '任务分组', 'sys_job_group', '0', 'admin', '2024-10-06 10:58:21', '', NULL, '任务分组列表');
INSERT INTO `sys_dict_type` VALUES (6, '系统是否', 'sys_yes_no', '0', 'admin', '2024-10-06 10:58:21', '', NULL, '系统是否列表');
INSERT INTO `sys_dict_type` VALUES (7, '通知类型', 'sys_notice_type', '0', 'admin', '2024-10-06 10:58:21', '', NULL, '通知类型列表');
INSERT INTO `sys_dict_type` VALUES (8, '通知状态', 'sys_notice_status', '0', 'admin', '2024-10-06 10:58:21', '', NULL, '通知状态列表');
INSERT INTO `sys_dict_type` VALUES (9, '操作类型', 'sys_oper_type', '0', 'admin', '2024-10-06 10:58:21', '', NULL, '操作类型列表');
INSERT INTO `sys_dict_type` VALUES (10, '系统状态', 'sys_common_status', '0', 'admin', '2024-10-06 10:58:21', '', NULL, '登录状态列表');
INSERT INTO `sys_dict_type` VALUES (100, '题目类型', 'question_type', '0', 'admin', '2024-10-08 22:05:48', 'admin', '2024-10-08 22:06:11', '题目类型字典');
INSERT INTO `sys_dict_type` VALUES (101, '科目', 'subject_id', '0', 'admin', '2024-10-12 12:01:12', 'admin', '2024-10-16 11:13:13', '科目列表');
INSERT INTO `sys_dict_type` VALUES (102, '正确与否', 'is_correct', '0', 'admin', '2024-10-16 11:01:15', 'admin', '2024-10-16 11:13:19', '答案枚举');
INSERT INTO `sys_dict_type` VALUES (103, '试卷类型', 'paper_type', '0', 'admin', '2024-10-18 17:03:11', '', NULL, '试卷类型');

-- ----------------------------
-- Table structure for sys_job
-- ----------------------------
DROP TABLE IF EXISTS `sys_job`;
CREATE TABLE `sys_job`  (
  `job_id` bigint(20) NOT NULL AUTO_INCREMENT COMMENT '任务ID',
  `job_name` varchar(64) CHARACTER SET utf8mb4 COLLATE utf8mb4_general_ci NOT NULL DEFAULT '' COMMENT '任务名称',
  `job_group` varchar(64) CHARACTER SET utf8mb4 COLLATE utf8mb4_general_ci NOT NULL DEFAULT 'DEFAULT' COMMENT '任务组名',
  `invoke_target` varchar(500) CHARACTER SET utf8mb4 COLLATE utf8mb4_general_ci NOT NULL COMMENT '调用目标字符串',
  `cron_expression` varchar(255) CHARACTER SET utf8mb4 COLLATE utf8mb4_general_ci NULL DEFAULT '' COMMENT 'cron执行表达式',
  `misfire_policy` varchar(20) CHARACTER SET utf8mb4 COLLATE utf8mb4_general_ci NULL DEFAULT '3' COMMENT '计划执行错误策略（1立即执行 2执行一次 3放弃执行）',
  `concurrent` char(1) CHARACTER SET utf8mb4 COLLATE utf8mb4_general_ci NULL DEFAULT '1' COMMENT '是否并发执行（0允许 1禁止）',
  `status` char(1) CHARACTER SET utf8mb4 COLLATE utf8mb4_general_ci NULL DEFAULT '0' COMMENT '状态（0正常 1暂停）',
  `create_by` varchar(64) CHARACTER SET utf8mb4 COLLATE utf8mb4_general_ci NULL DEFAULT '' COMMENT '创建者',
  `create_time` datetime NULL DEFAULT NULL COMMENT '创建时间',
  `update_by` varchar(64) CHARACTER SET utf8mb4 COLLATE utf8mb4_general_ci NULL DEFAULT '' COMMENT '更新者',
  `update_time` datetime NULL DEFAULT NULL COMMENT '更新时间',
  `remark` varchar(500) CHARACTER SET utf8mb4 COLLATE utf8mb4_general_ci NULL DEFAULT '' COMMENT '备注信息',
  PRIMARY KEY (`job_id`, `job_name`, `job_group`) USING BTREE
) ENGINE = InnoDB AUTO_INCREMENT = 4 CHARACTER SET = utf8mb4 COLLATE = utf8mb4_general_ci COMMENT = '定时任务调度表' ROW_FORMAT = Dynamic;

-- ----------------------------
-- Records of sys_job
-- ----------------------------
INSERT INTO `sys_job` VALUES (1, '系统默认（无参）', 'DEFAULT', 'ryTask.ryNoParams', '0/10 * * * * ?', '3', '1', '1', 'admin', '2024-10-06 10:58:21', '', NULL, '');
INSERT INTO `sys_job` VALUES (2, '系统默认（有参）', 'DEFAULT', 'ryTask.ryParams(\'ry\')', '0/15 * * * * ?', '3', '1', '1', 'admin', '2024-10-06 10:58:21', '', NULL, '');
INSERT INTO `sys_job` VALUES (3, '系统默认（多参）', 'DEFAULT', 'ryTask.ryMultipleParams(\'ry\', true, 2000L, 316.50D, 100)', '0/20 * * * * ?', '3', '1', '1', 'admin', '2024-10-06 10:58:21', '', NULL, '');

-- ----------------------------
-- Table structure for sys_job_log
-- ----------------------------
DROP TABLE IF EXISTS `sys_job_log`;
CREATE TABLE `sys_job_log`  (
  `job_log_id` bigint(20) NOT NULL AUTO_INCREMENT COMMENT '任务日志ID',
  `job_name` varchar(64) CHARACTER SET utf8mb4 COLLATE utf8mb4_general_ci NOT NULL COMMENT '任务名称',
  `job_group` varchar(64) CHARACTER SET utf8mb4 COLLATE utf8mb4_general_ci NOT NULL COMMENT '任务组名',
  `invoke_target` varchar(500) CHARACTER SET utf8mb4 COLLATE utf8mb4_general_ci NOT NULL COMMENT '调用目标字符串',
  `job_message` varchar(500) CHARACTER SET utf8mb4 COLLATE utf8mb4_general_ci NULL DEFAULT NULL COMMENT '日志信息',
  `status` char(1) CHARACTER SET utf8mb4 COLLATE utf8mb4_general_ci NULL DEFAULT '0' COMMENT '执行状态（0正常 1失败）',
  `exception_info` varchar(2000) CHARACTER SET utf8mb4 COLLATE utf8mb4_general_ci NULL DEFAULT '' COMMENT '异常信息',
  `create_time` datetime NULL DEFAULT NULL COMMENT '创建时间',
  PRIMARY KEY (`job_log_id`) USING BTREE
) ENGINE = InnoDB AUTO_INCREMENT = 21 CHARACTER SET = utf8mb4 COLLATE = utf8mb4_general_ci COMMENT = '定时任务调度日志表' ROW_FORMAT = Dynamic;

-- ----------------------------
-- Records of sys_job_log
-- ----------------------------
INSERT INTO `sys_job_log` VALUES (1, '系统默认（无参）', 'DEFAULT', 'ryTask.ryNoParams', '系统默认（无参） 总共耗时：0毫秒', '0', '', '2024-10-06 10:58:30');
INSERT INTO `sys_job_log` VALUES (2, '系统默认（无参）', 'DEFAULT', 'ryTask.ryNoParams', '系统默认（无参） 总共耗时：0毫秒', '0', '', '2024-10-06 10:58:40');
INSERT INTO `sys_job_log` VALUES (3, '系统默认（无参）', 'DEFAULT', 'ryTask.ryNoParams', '系统默认（无参） 总共耗时：0毫秒', '0', '', '2024-10-06 10:58:50');
INSERT INTO `sys_job_log` VALUES (4, '系统默认（无参）', 'DEFAULT', 'ryTask.ryNoParams', '系统默认（无参） 总共耗时：0毫秒', '0', '', '2024-10-06 10:59:00');
INSERT INTO `sys_job_log` VALUES (5, '系统默认（无参）', 'DEFAULT', 'ryTask.ryNoParams', '系统默认（无参） 总共耗时：0毫秒', '0', '', '2024-10-06 10:59:10');
INSERT INTO `sys_job_log` VALUES (6, '系统默认（无参）', 'DEFAULT', 'ryTask.ryNoParams', '系统默认（无参） 总共耗时：0毫秒', '0', '', '2024-10-06 10:59:20');
INSERT INTO `sys_job_log` VALUES (7, '系统默认（无参）', 'DEFAULT', 'ryTask.ryNoParams', '系统默认（无参） 总共耗时：0毫秒', '0', '', '2024-10-06 10:59:30');
INSERT INTO `sys_job_log` VALUES (8, '系统默认（无参）', 'DEFAULT', 'ryTask.ryNoParams', '系统默认（无参） 总共耗时：0毫秒', '0', '', '2024-10-06 10:59:40');
INSERT INTO `sys_job_log` VALUES (9, '系统默认（无参）', 'DEFAULT', 'ryTask.ryNoParams', '系统默认（无参） 总共耗时：0毫秒', '0', '', '2024-10-06 10:59:50');
INSERT INTO `sys_job_log` VALUES (10, '系统默认（无参）', 'DEFAULT', 'ryTask.ryNoParams', '系统默认（无参） 总共耗时：0毫秒', '0', '', '2024-10-06 11:00:00');
INSERT INTO `sys_job_log` VALUES (11, '系统默认（无参）', 'DEFAULT', 'ryTask.ryNoParams', '系统默认（无参） 总共耗时：0毫秒', '0', '', '2024-10-06 11:00:10');
INSERT INTO `sys_job_log` VALUES (12, '系统默认（无参）', 'DEFAULT', 'ryTask.ryNoParams', '系统默认（无参） 总共耗时：0毫秒', '0', '', '2024-10-06 11:00:20');
INSERT INTO `sys_job_log` VALUES (13, '系统默认（无参）', 'DEFAULT', 'ryTask.ryNoParams', '系统默认（无参） 总共耗时：0毫秒', '0', '', '2024-10-06 11:00:30');
INSERT INTO `sys_job_log` VALUES (14, '系统默认（无参）', 'DEFAULT', 'ryTask.ryNoParams', '系统默认（无参） 总共耗时：0毫秒', '0', '', '2024-10-06 11:00:40');
INSERT INTO `sys_job_log` VALUES (15, '系统默认（无参）', 'DEFAULT', 'ryTask.ryNoParams', '系统默认（无参） 总共耗时：0毫秒', '0', '', '2024-10-06 11:00:50');
INSERT INTO `sys_job_log` VALUES (16, '系统默认（无参）', 'DEFAULT', 'ryTask.ryNoParams', '系统默认（无参） 总共耗时：0毫秒', '0', '', '2024-10-06 11:01:00');
INSERT INTO `sys_job_log` VALUES (17, '系统默认（无参）', 'DEFAULT', 'ryTask.ryNoParams', '系统默认（无参） 总共耗时：0毫秒', '0', '', '2024-10-06 11:01:10');
INSERT INTO `sys_job_log` VALUES (18, '系统默认（无参）', 'DEFAULT', 'ryTask.ryNoParams', '系统默认（无参） 总共耗时：0毫秒', '0', '', '2024-10-06 11:01:20');
INSERT INTO `sys_job_log` VALUES (19, '系统默认（无参）', 'DEFAULT', 'ryTask.ryNoParams', '系统默认（无参） 总共耗时：0毫秒', '0', '', '2024-10-06 11:01:30');
INSERT INTO `sys_job_log` VALUES (20, '系统默认（无参）', 'DEFAULT', 'ryTask.ryNoParams', '系统默认（无参） 总共耗时：0毫秒', '0', '', '2024-10-06 11:01:40');

-- ----------------------------
-- Table structure for sys_logininfor
-- ----------------------------
DROP TABLE IF EXISTS `sys_logininfor`;
CREATE TABLE `sys_logininfor`  (
  `info_id` bigint(20) NOT NULL AUTO_INCREMENT COMMENT '访问ID',
  `user_name` varchar(50) CHARACTER SET utf8mb4 COLLATE utf8mb4_general_ci NULL DEFAULT '' COMMENT '用户账号',
  `ipaddr` varchar(128) CHARACTER SET utf8mb4 COLLATE utf8mb4_general_ci NULL DEFAULT '' COMMENT '登录IP地址',
  `login_location` varchar(255) CHARACTER SET utf8mb4 COLLATE utf8mb4_general_ci NULL DEFAULT '' COMMENT '登录地点',
  `browser` varchar(50) CHARACTER SET utf8mb4 COLLATE utf8mb4_general_ci NULL DEFAULT '' COMMENT '浏览器类型',
  `os` varchar(50) CHARACTER SET utf8mb4 COLLATE utf8mb4_general_ci NULL DEFAULT '' COMMENT '操作系统',
  `status` char(1) CHARACTER SET utf8mb4 COLLATE utf8mb4_general_ci NULL DEFAULT '0' COMMENT '登录状态（0成功 1失败）',
  `msg` varchar(255) CHARACTER SET utf8mb4 COLLATE utf8mb4_general_ci NULL DEFAULT '' COMMENT '提示消息',
  `login_time` datetime NULL DEFAULT NULL COMMENT '访问时间',
  PRIMARY KEY (`info_id`) USING BTREE,
  INDEX `idx_sys_logininfor_s`(`status`) USING BTREE,
  INDEX `idx_sys_logininfor_lt`(`login_time`) USING BTREE
) ENGINE = InnoDB AUTO_INCREMENT = 544 CHARACTER SET = utf8mb4 COLLATE = utf8mb4_general_ci COMMENT = '系统访问记录' ROW_FORMAT = Dynamic;

-- ----------------------------
-- Records of sys_logininfor
-- ----------------------------
INSERT INTO `sys_logininfor` VALUES (100, 'admin', '127.0.0.1', '内网IP', 'Chrome 12', 'Windows 10', '0', '登录成功', '2024-10-06 11:40:37');
INSERT INTO `sys_logininfor` VALUES (101, 'admin', '127.0.0.1', '内网IP', 'Chrome 12', 'Windows 10', '0', '登录成功', '2024-10-06 15:34:24');
INSERT INTO `sys_logininfor` VALUES (102, 'admin', '127.0.0.1', '内网IP', 'Chrome 12', 'Windows 10', '0', '登录成功', '2024-10-08 12:14:32');
INSERT INTO `sys_logininfor` VALUES (103, 'admin', '127.0.0.1', '内网IP', 'Chrome 12', 'Windows 10', '0', '登录成功', '2024-10-08 16:28:10');
INSERT INTO `sys_logininfor` VALUES (104, 'admin', '127.0.0.1', '内网IP', 'Chrome 12', 'Windows 10', '0', '登录成功', '2024-10-08 18:21:57');
INSERT INTO `sys_logininfor` VALUES (105, 'admin', '127.0.0.1', '内网IP', 'Chrome 12', 'Windows 10', '0', '登录成功', '2024-10-08 20:16:52');
INSERT INTO `sys_logininfor` VALUES (106, 'admin', '127.0.0.1', '内网IP', 'Chrome 12', 'Windows 10', '0', '退出成功', '2024-10-08 21:24:52');
INSERT INTO `sys_logininfor` VALUES (107, 'admin', '127.0.0.1', '内网IP', 'Chrome 12', 'Windows 10', '0', '登录成功', '2024-10-08 21:24:56');
INSERT INTO `sys_logininfor` VALUES (108, 'admin', '127.0.0.1', '内网IP', 'Chrome 12', 'Windows 10', '0', '登录成功', '2024-10-08 22:47:21');
INSERT INTO `sys_logininfor` VALUES (109, 'admin', '127.0.0.1', '内网IP', 'Chrome 12', 'Windows 10', '0', '登录成功', '2024-10-09 08:35:18');
INSERT INTO `sys_logininfor` VALUES (110, 'admin', '127.0.0.1', '内网IP', 'Chrome 12', 'Windows 10', '0', '登录成功', '2024-10-09 09:13:22');
INSERT INTO `sys_logininfor` VALUES (111, 'admin', '127.0.0.1', '内网IP', 'Chrome 12', 'Windows 10', '0', '登录成功', '2024-10-09 14:56:06');
INSERT INTO `sys_logininfor` VALUES (112, 'admin', '127.0.0.1', '内网IP', 'Chrome 12', 'Windows 10', '0', '登录成功', '2024-10-09 18:01:19');
INSERT INTO `sys_logininfor` VALUES (113, 'admin', '127.0.0.1', '内网IP', 'Chrome 12', 'Windows 10', '0', '登录成功', '2024-10-09 18:27:18');
INSERT INTO `sys_logininfor` VALUES (114, 'admin', '127.0.0.1', '内网IP', 'Chrome 12', 'Windows 10', '0', '登录成功', '2024-10-09 20:20:08');
INSERT INTO `sys_logininfor` VALUES (115, 'admin', '127.0.0.1', '内网IP', 'Chrome 12', 'Windows 10', '0', '登录成功', '2024-10-09 23:26:49');
INSERT INTO `sys_logininfor` VALUES (116, 'admin', '127.0.0.1', '内网IP', 'Chrome 12', 'Windows 10', '1', '验证码已失效', '2024-10-09 23:29:49');
INSERT INTO `sys_logininfor` VALUES (117, 'admin', '127.0.0.1', '内网IP', 'Chrome 12', 'Windows 10', '1', '验证码错误', '2024-10-09 23:29:49');
INSERT INTO `sys_logininfor` VALUES (118, 'admin', '127.0.0.1', '内网IP', 'Chrome 12', 'Windows 10', '0', '登录成功', '2024-10-09 23:29:53');
INSERT INTO `sys_logininfor` VALUES (119, 'admin', '127.0.0.1', '内网IP', 'Chrome 12', 'Windows 10', '0', '登录成功', '2024-10-10 09:10:12');
INSERT INTO `sys_logininfor` VALUES (120, 'admin', '127.0.0.1', '内网IP', 'Chrome 12', 'Windows 10', '0', '登录成功', '2024-10-10 10:21:15');
INSERT INTO `sys_logininfor` VALUES (121, 'admin', '127.0.0.1', '内网IP', 'Chrome 12', 'Windows 10', '0', '登录成功', '2024-10-10 13:15:52');
INSERT INTO `sys_logininfor` VALUES (122, 'admin', '127.0.0.1', '内网IP', 'Chrome 12', 'Windows 10', '1', '验证码错误', '2024-10-10 14:45:02');
INSERT INTO `sys_logininfor` VALUES (123, 'admin', '127.0.0.1', '内网IP', 'Chrome 12', 'Windows 10', '1', '验证码错误', '2024-10-10 14:45:02');
INSERT INTO `sys_logininfor` VALUES (124, 'admin', '127.0.0.1', '内网IP', 'Chrome 12', 'Windows 10', '0', '登录成功', '2024-10-10 14:45:06');
INSERT INTO `sys_logininfor` VALUES (125, 'admin', '127.0.0.1', '内网IP', 'Chrome 12', 'Windows 10', '0', '登录成功', '2024-10-10 19:17:53');
INSERT INTO `sys_logininfor` VALUES (126, 'admin', '127.0.0.1', '内网IP', 'Chrome 12', 'Windows 10', '0', '登录成功', '2024-10-10 22:47:19');
INSERT INTO `sys_logininfor` VALUES (127, 'admin', '127.0.0.1', '内网IP', 'Chrome 12', 'Windows 10', '0', '退出成功', '2024-10-10 22:59:34');
INSERT INTO `sys_logininfor` VALUES (128, 'admin', '127.0.0.1', '内网IP', 'Chrome 12', 'Windows 10', '0', '退出成功', '2024-10-10 22:59:34');
INSERT INTO `sys_logininfor` VALUES (129, 'admin', '127.0.0.1', '内网IP', 'Chrome 12', 'Windows 10', '0', '登录成功', '2024-10-10 22:59:49');
INSERT INTO `sys_logininfor` VALUES (130, 'admin', '127.0.0.1', '内网IP', 'Chrome 12', 'Windows 10', '0', '登录成功', '2024-10-11 09:18:44');
INSERT INTO `sys_logininfor` VALUES (131, 'admin', '127.0.0.1', '内网IP', 'Chrome 12', 'Windows 10', '0', '登录成功', '2024-10-11 10:17:51');
INSERT INTO `sys_logininfor` VALUES (132, 'admin', '127.0.0.1', '内网IP', 'Chrome 12', 'Windows 10', '0', '登录成功', '2024-10-11 17:02:56');
INSERT INTO `sys_logininfor` VALUES (133, 'admin', '127.0.0.1', '内网IP', 'Chrome 12', 'Windows 10', '0', '登录成功', '2024-10-11 20:20:48');
INSERT INTO `sys_logininfor` VALUES (134, 'admin', '127.0.0.1', '内网IP', 'Chrome 12', 'Windows 10', '1', '验证码错误', '2024-10-11 23:43:42');
INSERT INTO `sys_logininfor` VALUES (135, 'admin', '127.0.0.1', '内网IP', 'Chrome 12', 'Windows 10', '1', '验证码错误', '2024-10-11 23:43:43');
INSERT INTO `sys_logininfor` VALUES (136, 'admin', '127.0.0.1', '内网IP', 'Chrome 12', 'Windows 10', '0', '登录成功', '2024-10-11 23:43:46');
INSERT INTO `sys_logininfor` VALUES (137, 'admin', '127.0.0.1', '内网IP', 'Chrome 12', 'Windows 10', '0', '登录成功', '2024-10-12 09:29:55');
INSERT INTO `sys_logininfor` VALUES (138, 'admin', '127.0.0.1', '内网IP', 'Chrome 12', 'Windows 10', '0', '登录成功', '2024-10-12 11:38:20');
INSERT INTO `sys_logininfor` VALUES (139, 'admin', '127.0.0.1', '内网IP', 'Chrome 12', 'Windows 10', '0', '登录成功', '2024-10-12 13:21:09');
INSERT INTO `sys_logininfor` VALUES (140, 'admin', '127.0.0.1', '内网IP', 'Chrome 12', 'Windows 10', '0', '登录成功', '2024-10-12 14:44:22');
INSERT INTO `sys_logininfor` VALUES (141, 'admin', '127.0.0.1', '内网IP', 'Chrome 12', 'Windows 10', '0', '登录成功', '2024-10-12 19:23:44');
INSERT INTO `sys_logininfor` VALUES (142, 'admin', '127.0.0.1', '内网IP', 'Chrome 12', 'Windows 10', '0', '登录成功', '2024-10-13 09:11:46');
INSERT INTO `sys_logininfor` VALUES (143, 'admin', '127.0.0.1', '内网IP', 'Chrome 12', 'Windows 10', '0', '登录成功', '2024-10-14 09:29:42');
INSERT INTO `sys_logininfor` VALUES (144, 'admin', '127.0.0.1', '内网IP', 'Chrome 12', 'Windows 10', '0', '登录成功', '2024-10-15 09:04:14');
INSERT INTO `sys_logininfor` VALUES (145, 'admin', '127.0.0.1', '内网IP', 'Chrome 12', 'Windows 10', '0', '登录成功', '2024-10-16 09:18:55');
INSERT INTO `sys_logininfor` VALUES (146, 'admin', '127.0.0.1', '内网IP', 'Chrome 12', 'Windows 10', '0', '登录成功', '2024-10-16 21:38:07');
INSERT INTO `sys_logininfor` VALUES (147, 'admin', '127.0.0.1', '内网IP', 'Chrome 12', 'Windows 10', '1', '验证码已失效', '2024-10-17 10:10:59');
INSERT INTO `sys_logininfor` VALUES (148, 'admin', '127.0.0.1', '内网IP', 'Chrome 12', 'Windows 10', '1', '验证码已失效', '2024-10-17 10:10:59');
INSERT INTO `sys_logininfor` VALUES (149, 'admin', '127.0.0.1', '内网IP', 'Chrome 12', 'Windows 10', '1', '验证码已失效', '2024-10-17 10:10:59');
INSERT INTO `sys_logininfor` VALUES (150, 'admin', '127.0.0.1', '内网IP', 'Chrome 12', 'Windows 10', '1', '验证码错误', '2024-10-17 10:11:06');
INSERT INTO `sys_logininfor` VALUES (151, 'admin', '127.0.0.1', '内网IP', 'Chrome 12', 'Windows 10', '0', '登录成功', '2024-10-17 10:23:01');
INSERT INTO `sys_logininfor` VALUES (152, 'admin', '127.0.0.1', '内网IP', 'Chrome 12', 'Windows 10', '0', '登录成功', '2024-10-17 11:25:36');
INSERT INTO `sys_logininfor` VALUES (153, 'admin', '127.0.0.1', '内网IP', 'Chrome 12', 'Windows 10', '0', '登录成功', '2024-10-17 11:25:55');
INSERT INTO `sys_logininfor` VALUES (154, 'admin', '127.0.0.1', '内网IP', 'Chrome 12', 'Windows 10', '0', '退出成功', '2024-10-17 15:44:14');
INSERT INTO `sys_logininfor` VALUES (155, 'admin', '127.0.0.1', '内网IP', 'Chrome 12', 'Windows 10', '0', '登录成功', '2024-10-17 17:17:21');
INSERT INTO `sys_logininfor` VALUES (156, 'admin', '127.0.0.1', '内网IP', 'Chrome 12', 'Windows 10', '0', '退出成功', '2024-10-17 17:17:29');
INSERT INTO `sys_logininfor` VALUES (157, 'admin', '127.0.0.1', '内网IP', 'Chrome 12', 'Windows 10', '1', '验证码已失效', '2024-10-17 17:41:55');
INSERT INTO `sys_logininfor` VALUES (158, 'admin', '127.0.0.1', '内网IP', 'Chrome 12', 'Windows 10', '0', '登录成功', '2024-10-17 17:42:03');
INSERT INTO `sys_logininfor` VALUES (159, 'admin', '127.0.0.1', '内网IP', 'Chrome 12', 'Windows 10', '0', '退出成功', '2024-10-17 17:42:37');
INSERT INTO `sys_logininfor` VALUES (160, 'admin', '127.0.0.1', '内网IP', 'Chrome 12', 'Windows 10', '0', '登录成功', '2024-10-17 19:28:15');
INSERT INTO `sys_logininfor` VALUES (161, 'admin', '127.0.0.1', '内网IP', 'Chrome 12', 'Windows 10', '0', '退出成功', '2024-10-17 19:29:12');
INSERT INTO `sys_logininfor` VALUES (162, 'admin', '127.0.0.1', '内网IP', 'Chrome 12', 'Windows 10', '0', '登录成功', '2024-10-17 19:29:49');
INSERT INTO `sys_logininfor` VALUES (163, 'admin', '127.0.0.1', '内网IP', 'Chrome 12', 'Windows 10', '0', '退出成功', '2024-10-17 19:29:55');
INSERT INTO `sys_logininfor` VALUES (164, 'admin', '127.0.0.1', '内网IP', 'Chrome 12', 'Windows 10', '1', '验证码已失效', '2024-10-17 19:42:20');
INSERT INTO `sys_logininfor` VALUES (165, 'admin', '127.0.0.1', '内网IP', 'Chrome 12', 'Windows 10', '0', '登录成功', '2024-10-17 19:42:33');
INSERT INTO `sys_logininfor` VALUES (166, 'admin', '127.0.0.1', '内网IP', 'Chrome 12', 'Windows 10', '0', '退出成功', '2024-10-17 19:42:55');
INSERT INTO `sys_logininfor` VALUES (167, 'admin', '127.0.0.1', '内网IP', 'Chrome 12', 'Windows 10', '0', '登录成功', '2024-10-17 22:40:33');
INSERT INTO `sys_logininfor` VALUES (168, NULL, '127.0.0.1', '内网IP', 'Chrome 12', 'Windows 10', '1', 'UserDetailsService returned null, which is an interface contract violation', '2024-10-17 22:52:31');
INSERT INTO `sys_logininfor` VALUES (169, NULL, '127.0.0.1', '内网IP', 'Chrome 12', 'Windows 10', '1', 'UserDetailsService returned null, which is an interface contract violation', '2024-10-17 22:55:05');
INSERT INTO `sys_logininfor` VALUES (170, NULL, '127.0.0.1', '内网IP', 'Chrome 12', 'Windows 10', '1', 'UserDetailsService returned null, which is an interface contract violation', '2024-10-17 22:55:45');
INSERT INTO `sys_logininfor` VALUES (171, '123', '127.0.0.1', '内网IP', 'Chrome 12', 'Windows 10', '1', 'UserDetailsService returned null, which is an interface contract violation', '2024-10-17 22:57:15');
INSERT INTO `sys_logininfor` VALUES (172, '123', '127.0.0.1', '内网IP', 'Chrome 12', 'Windows 10', '1', 'UserDetailsService returned null, which is an interface contract violation', '2024-10-18 00:01:29');
INSERT INTO `sys_logininfor` VALUES (173, 'admin', '127.0.0.1', '内网IP', 'Chrome 12', 'Windows 10', '1', 'UserDetailsService returned null, which is an interface contract violation', '2024-10-18 00:16:15');
INSERT INTO `sys_logininfor` VALUES (174, 'admin', '127.0.0.1', '内网IP', 'Chrome 12', 'Windows 10', '1', '验证码错误', '2024-10-18 00:17:00');
INSERT INTO `sys_logininfor` VALUES (175, 'admin', '127.0.0.1', '内网IP', 'Chrome 12', 'Windows 10', '1', '验证码已失效', '2024-10-18 00:17:09');
INSERT INTO `sys_logininfor` VALUES (176, 'admin', '127.0.0.1', '内网IP', 'Chrome 12', 'Windows 10', '1', 'UserDetailsService returned null, which is an interface contract violation', '2024-10-18 00:17:12');
INSERT INTO `sys_logininfor` VALUES (177, 'admin', '127.0.0.1', '内网IP', 'Chrome 12', 'Windows 10', '1', 'UserDetailsService returned null, which is an interface contract violation', '2024-10-18 00:17:44');
INSERT INTO `sys_logininfor` VALUES (178, 'admin', '127.0.0.1', '内网IP', 'Chrome 12', 'Windows 10', '1', 'UserDetailsService returned null, which is an interface contract violation', '2024-10-18 00:19:15');
INSERT INTO `sys_logininfor` VALUES (179, '123', '127.0.0.1', '内网IP', 'Chrome 12', 'Windows 10', '1', 'UserDetailsService returned null, which is an interface contract violation', '2024-10-18 00:19:32');
INSERT INTO `sys_logininfor` VALUES (180, '123', '127.0.0.1', '内网IP', 'Chrome 12', 'Windows 10', '1', 'UserDetailsService returned null, which is an interface contract violation', '2024-10-18 00:20:03');
INSERT INTO `sys_logininfor` VALUES (181, '123', '127.0.0.1', '内网IP', 'Chrome 12', 'Windows 10', '1', 'UserDetailsService returned null, which is an interface contract violation', '2024-10-18 00:20:13');
INSERT INTO `sys_logininfor` VALUES (182, '123', '127.0.0.1', '内网IP', 'Chrome 12', 'Windows 10', '1', 'UserDetailsService returned null, which is an interface contract violation', '2024-10-18 00:21:27');
INSERT INTO `sys_logininfor` VALUES (183, '123', '127.0.0.1', '内网IP', 'Chrome 12', 'Windows 10', '1', 'UserDetailsService returned null, which is an interface contract violation', '2024-10-18 00:22:01');
INSERT INTO `sys_logininfor` VALUES (184, 'admin', '127.0.0.1', '内网IP', 'Chrome 12', 'Windows 10', '1', 'UserDetailsService returned null, which is an interface contract violation', '2024-10-18 00:22:16');
INSERT INTO `sys_logininfor` VALUES (185, 'admin', '127.0.0.1', '内网IP', 'Chrome 12', 'Windows 10', '0', '登录成功', '2024-10-18 00:23:55');
INSERT INTO `sys_logininfor` VALUES (186, 'admin', '127.0.0.1', '内网IP', 'Chrome 12', 'Windows 10', '0', '登录成功', '2024-10-18 00:36:56');
INSERT INTO `sys_logininfor` VALUES (187, 'admin', '127.0.0.1', '内网IP', 'Chrome 12', 'Windows 10', '0', '登录成功', '2024-10-18 11:14:14');
INSERT INTO `sys_logininfor` VALUES (188, '123', '127.0.0.1', '内网IP', 'Chrome 12', 'Windows 10', '1', '用户不存在/密码错误', '2024-10-18 11:43:54');
INSERT INTO `sys_logininfor` VALUES (189, '123', '127.0.0.1', '内网IP', 'Chrome 12', 'Windows 10', '1', '用户不存在/密码错误', '2024-10-18 11:44:15');
INSERT INTO `sys_logininfor` VALUES (190, '123', '127.0.0.1', '内网IP', 'Chrome 12', 'Windows 10', '1', '用户不存在/密码错误', '2024-10-18 11:45:10');
INSERT INTO `sys_logininfor` VALUES (191, '123', '127.0.0.1', '内网IP', 'Chrome 12', 'Windows 10', '1', '用户不存在/密码错误', '2024-10-18 11:45:58');
INSERT INTO `sys_logininfor` VALUES (192, '123', '127.0.0.1', '内网IP', 'Chrome 12', 'Windows 10', '1', '用户不存在/密码错误', '2024-10-18 11:49:16');
INSERT INTO `sys_logininfor` VALUES (193, '123', '127.0.0.1', '内网IP', 'Chrome 12', 'Windows 10', '1', NULL, '2024-10-18 11:52:42');
INSERT INTO `sys_logininfor` VALUES (194, '123', '127.0.0.1', '内网IP', 'Chrome 12', 'Windows 10', '1', '用户不存在/密码错误', '2024-10-18 11:53:34');
INSERT INTO `sys_logininfor` VALUES (195, '123', '127.0.0.1', '内网IP', 'Chrome 12', 'Windows 10', '1', '用户不存在/密码错误', '2024-10-18 11:53:40');
INSERT INTO `sys_logininfor` VALUES (196, '123', '127.0.0.1', '内网IP', 'Chrome 12', 'Windows 10', '1', '用户不存在/密码错误', '2024-10-18 11:57:04');
INSERT INTO `sys_logininfor` VALUES (197, '123', '127.0.0.1', '内网IP', 'Chrome 12', 'Windows 10', '1', NULL, '2024-10-18 12:01:08');
INSERT INTO `sys_logininfor` VALUES (198, '123', '127.0.0.1', '内网IP', 'Chrome 12', 'Windows 10', '1', NULL, '2024-10-18 12:01:18');
INSERT INTO `sys_logininfor` VALUES (199, '123', '127.0.0.1', '内网IP', 'Chrome 12', 'Windows 10', '1', NULL, '2024-10-18 12:01:33');
INSERT INTO `sys_logininfor` VALUES (200, '123', '127.0.0.1', '内网IP', 'Chrome 12', 'Windows 10', '1', NULL, '2024-10-18 12:01:50');
INSERT INTO `sys_logininfor` VALUES (201, '123', '127.0.0.1', '内网IP', 'Chrome 12', 'Windows 10', '1', NULL, '2024-10-18 12:03:19');
INSERT INTO `sys_logininfor` VALUES (202, '123', '127.0.0.1', '内网IP', 'Chrome 12', 'Windows 10', '1', NULL, '2024-10-18 12:12:36');
INSERT INTO `sys_logininfor` VALUES (203, '123', '127.0.0.1', '内网IP', 'Chrome 12', 'Windows 10', '1', NULL, '2024-10-18 12:13:09');
INSERT INTO `sys_logininfor` VALUES (204, '123', '127.0.0.1', '内网IP', 'Chrome 12', 'Windows 10', '1', NULL, '2024-10-18 12:18:56');
INSERT INTO `sys_logininfor` VALUES (205, '123', '127.0.0.1', '内网IP', 'Chrome 12', 'Windows 10', '1', NULL, '2024-10-18 12:19:46');
INSERT INTO `sys_logininfor` VALUES (206, '123', '127.0.0.1', '内网IP', 'Chrome 12', 'Windows 10', '1', NULL, '2024-10-18 12:20:42');
INSERT INTO `sys_logininfor` VALUES (207, '123', '127.0.0.1', '内网IP', 'Chrome 12', 'Windows 10', '1', NULL, '2024-10-18 12:21:34');
INSERT INTO `sys_logininfor` VALUES (208, '123', '127.0.0.1', '内网IP', 'Chrome 12', 'Windows 10', '1', NULL, '2024-10-18 12:23:12');
INSERT INTO `sys_logininfor` VALUES (209, '123', '127.0.0.1', '内网IP', 'Chrome 12', 'Windows 10', '1', NULL, '2024-10-18 12:23:47');
INSERT INTO `sys_logininfor` VALUES (210, '123', '127.0.0.1', '内网IP', 'Chrome 12', 'Windows 10', '1', NULL, '2024-10-18 12:24:20');
INSERT INTO `sys_logininfor` VALUES (211, '123', '127.0.0.1', '内网IP', 'Chrome 12', 'Windows 10', '1', NULL, '2024-10-18 12:24:30');
INSERT INTO `sys_logininfor` VALUES (212, '123', '127.0.0.1', '内网IP', 'Chrome 12', 'Windows 10', '0', '登录成功', '2024-10-18 12:25:47');
INSERT INTO `sys_logininfor` VALUES (213, '123', '127.0.0.1', '内网IP', 'Chrome 12', 'Windows 10', '0', '登录成功', '2024-10-18 12:28:48');
INSERT INTO `sys_logininfor` VALUES (214, '123', '127.0.0.1', '内网IP', 'Chrome 12', 'Windows 10', '0', '登录成功', '2024-10-18 12:46:48');
INSERT INTO `sys_logininfor` VALUES (215, '123', '127.0.0.1', '内网IP', 'Chrome 12', 'Windows 10', '0', '登录成功', '2024-10-18 14:35:00');
INSERT INTO `sys_logininfor` VALUES (216, '123', '127.0.0.1', '内网IP', 'Chrome 12', 'Windows 10', '0', '登录成功', '2024-10-18 14:36:07');
INSERT INTO `sys_logininfor` VALUES (217, '123', '127.0.0.1', '内网IP', 'Chrome 12', 'Windows 10', '0', '登录成功', '2024-10-18 14:36:22');
INSERT INTO `sys_logininfor` VALUES (218, '123', '127.0.0.1', '内网IP', 'Chrome 12', 'Windows 10', '0', '登录成功', '2024-10-18 14:37:00');
INSERT INTO `sys_logininfor` VALUES (219, '123', '127.0.0.1', '内网IP', 'Chrome 12', 'Windows 10', '0', '登录成功', '2024-10-18 14:37:15');
INSERT INTO `sys_logininfor` VALUES (220, '123', '127.0.0.1', '内网IP', 'Chrome 12', 'Windows 10', '0', '登录成功', '2024-10-18 14:38:35');
INSERT INTO `sys_logininfor` VALUES (221, '123', '127.0.0.1', '内网IP', 'Chrome 12', 'Windows 10', '0', '登录成功', '2024-10-18 14:39:39');
INSERT INTO `sys_logininfor` VALUES (222, '123', '127.0.0.1', '内网IP', 'Chrome 12', 'Windows 10', '0', '登录成功', '2024-10-18 14:39:59');
INSERT INTO `sys_logininfor` VALUES (223, '123', '127.0.0.1', '内网IP', 'Chrome 12', 'Windows 10', '0', '登录成功', '2024-10-18 14:40:01');
INSERT INTO `sys_logininfor` VALUES (224, '123', '127.0.0.1', '内网IP', 'Chrome 12', 'Windows 10', '0', '登录成功', '2024-10-18 14:40:11');
INSERT INTO `sys_logininfor` VALUES (225, '123', '127.0.0.1', '内网IP', 'Chrome 12', 'Windows 10', '0', '登录成功', '2024-10-18 14:40:21');
INSERT INTO `sys_logininfor` VALUES (226, '123', '127.0.0.1', '内网IP', 'Chrome 12', 'Windows 10', '0', '登录成功', '2024-10-18 14:54:22');
INSERT INTO `sys_logininfor` VALUES (227, '123', '127.0.0.1', '内网IP', 'Chrome 12', 'Windows 10', '0', '登录成功', '2024-10-18 14:54:35');
INSERT INTO `sys_logininfor` VALUES (228, '123', '127.0.0.1', '内网IP', 'Chrome 12', 'Windows 10', '0', '登录成功', '2024-10-18 14:55:07');
INSERT INTO `sys_logininfor` VALUES (229, '123', '127.0.0.1', '内网IP', 'Chrome 12', 'Windows 10', '0', '登录成功', '2024-10-18 15:19:45');
INSERT INTO `sys_logininfor` VALUES (230, '123', '127.0.0.1', '内网IP', 'Chrome 12', 'Windows 10', '0', '登录成功', '2024-10-18 15:20:00');
INSERT INTO `sys_logininfor` VALUES (231, '123', '127.0.0.1', '内网IP', 'Chrome 12', 'Windows 10', '0', '登录成功', '2024-10-18 15:21:33');
INSERT INTO `sys_logininfor` VALUES (232, '123', '127.0.0.1', '内网IP', 'Chrome 12', 'Windows 10', '0', '登录成功', '2024-10-18 15:21:55');
INSERT INTO `sys_logininfor` VALUES (233, '123', '127.0.0.1', '内网IP', 'Chrome 12', 'Windows 10', '0', '登录成功', '2024-10-18 16:14:06');
INSERT INTO `sys_logininfor` VALUES (234, '123', '127.0.0.1', '内网IP', 'Chrome 12', 'Windows 10', '0', '登录成功', '2024-10-18 16:14:06');
INSERT INTO `sys_logininfor` VALUES (235, '123', '127.0.0.1', '内网IP', 'Chrome 12', 'Windows 10', '0', '登录成功', '2024-10-18 16:14:33');
INSERT INTO `sys_logininfor` VALUES (236, '123', '127.0.0.1', '内网IP', 'Chrome 12', 'Windows 10', '0', '登录成功', '2024-10-18 16:22:30');
INSERT INTO `sys_logininfor` VALUES (237, NULL, '127.0.0.1', '内网IP', 'Chrome 12', 'Windows 10', '1', '用户不存在/密码错误', '2024-10-18 18:59:31');
INSERT INTO `sys_logininfor` VALUES (238, NULL, '127.0.0.1', '内网IP', 'Chrome 12', 'Windows 10', '1', '用户不存在/密码错误', '2024-10-18 18:59:39');
INSERT INTO `sys_logininfor` VALUES (239, NULL, '127.0.0.1', '内网IP', 'Chrome 12', 'Windows 10', '1', '用户不存在/密码错误', '2024-10-18 18:59:53');
INSERT INTO `sys_logininfor` VALUES (240, NULL, '127.0.0.1', '内网IP', 'Chrome 12', 'Windows 10', '1', '用户不存在/密码错误', '2024-10-18 22:24:42');
INSERT INTO `sys_logininfor` VALUES (241, NULL, '127.0.0.1', '内网IP', 'Chrome 12', 'Windows 10', '1', '用户不存在/密码错误', '2024-10-18 22:24:48');
INSERT INTO `sys_logininfor` VALUES (242, NULL, '127.0.0.1', '内网IP', 'Chrome 12', 'Windows 10', '1', '用户不存在/密码错误', '2024-10-18 22:24:51');
INSERT INTO `sys_logininfor` VALUES (243, NULL, '127.0.0.1', '内网IP', 'Chrome 12', 'Windows 10', '1', '用户不存在/密码错误', '2024-10-18 22:24:51');
INSERT INTO `sys_logininfor` VALUES (244, NULL, '127.0.0.1', '内网IP', 'Chrome 12', 'Windows 10', '1', '用户不存在/密码错误', '2024-10-18 22:24:51');
INSERT INTO `sys_logininfor` VALUES (245, NULL, '127.0.0.1', '内网IP', 'Chrome 12', 'Windows 10', '1', '用户不存在/密码错误', '2024-10-18 22:24:51');
INSERT INTO `sys_logininfor` VALUES (246, NULL, '127.0.0.1', '内网IP', 'Chrome 12', 'Windows 10', '1', '用户不存在/密码错误', '2024-10-18 22:24:58');
INSERT INTO `sys_logininfor` VALUES (247, NULL, '127.0.0.1', '内网IP', 'Chrome 12', 'Windows 10', '1', '用户不存在/密码错误', '2024-10-18 22:25:37');
INSERT INTO `sys_logininfor` VALUES (248, NULL, '127.0.0.1', '内网IP', 'Chrome 12', 'Windows 10', '1', '用户不存在/密码错误', '2024-10-18 22:25:48');
INSERT INTO `sys_logininfor` VALUES (249, NULL, '127.0.0.1', '内网IP', 'Chrome 12', 'Windows 10', '1', '用户不存在/密码错误', '2024-10-18 22:25:56');
INSERT INTO `sys_logininfor` VALUES (250, NULL, '127.0.0.1', '内网IP', 'Chrome 12', 'Windows 10', '1', '用户不存在/密码错误', '2024-10-18 22:26:23');
INSERT INTO `sys_logininfor` VALUES (251, NULL, '127.0.0.1', '内网IP', 'Chrome 12', 'Windows 10', '1', '用户不存在/密码错误', '2024-10-18 22:26:39');
INSERT INTO `sys_logininfor` VALUES (252, NULL, '127.0.0.1', '内网IP', 'Chrome 12', 'Windows 10', '1', '用户不存在/密码错误', '2024-10-18 22:28:52');
INSERT INTO `sys_logininfor` VALUES (253, NULL, '127.0.0.1', '内网IP', 'Chrome 12', 'Windows 10', '1', '用户不存在/密码错误', '2024-10-18 22:29:29');
INSERT INTO `sys_logininfor` VALUES (254, '', '127.0.0.1', '内网IP', 'Chrome 12', 'Windows 10', '1', '用户不存在/密码错误', '2024-10-18 22:30:14');
INSERT INTO `sys_logininfor` VALUES (255, '123', '127.0.0.1', '内网IP', 'Chrome 12', 'Windows 10', '0', '登录成功', '2024-10-18 22:30:23');
INSERT INTO `sys_logininfor` VALUES (256, 'admin', '127.0.0.1', '内网IP', 'Chrome 12', 'Windows 10', '0', '登录成功', '2024-10-18 23:14:00');
INSERT INTO `sys_logininfor` VALUES (257, '123', '127.0.0.1', '内网IP', 'Chrome 12', 'Windows 10', '0', '登录成功', '2024-10-18 23:15:59');
INSERT INTO `sys_logininfor` VALUES (258, 'admin', '127.0.0.1', '内网IP', 'Chrome 12', 'Windows 10', '0', '登录成功', '2024-10-18 23:20:49');
INSERT INTO `sys_logininfor` VALUES (259, 'admin', '127.0.0.1', '内网IP', 'Chrome 12', 'Windows 10', '0', '退出成功', '2024-10-18 23:23:18');
INSERT INTO `sys_logininfor` VALUES (260, 'admin', '127.0.0.1', '内网IP', 'Chrome 12', 'Windows 10', '0', '登录成功', '2024-10-18 23:23:21');
INSERT INTO `sys_logininfor` VALUES (261, 'admin', '127.0.0.1', '内网IP', 'Chrome 12', 'Windows 10', '0', '退出成功', '2024-10-18 23:23:29');
INSERT INTO `sys_logininfor` VALUES (262, 'admin', '127.0.0.1', '内网IP', 'Chrome 12', 'Windows 10', '0', '登录成功', '2024-10-18 23:23:38');
INSERT INTO `sys_logininfor` VALUES (263, 'admin', '127.0.0.1', '内网IP', 'Chrome 12', 'Windows 10', '0', '退出成功', '2024-10-18 23:24:21');
INSERT INTO `sys_logininfor` VALUES (264, 'admin', '127.0.0.1', '内网IP', 'Chrome 12', 'Windows 10', '0', '登录成功', '2024-10-18 23:24:28');
INSERT INTO `sys_logininfor` VALUES (265, 'admin', '127.0.0.1', '内网IP', 'Chrome 12', 'Windows 10', '0', '退出成功', '2024-10-18 23:24:33');
INSERT INTO `sys_logininfor` VALUES (266, 'admin', '127.0.0.1', '内网IP', 'Chrome 12', 'Windows 10', '0', '登录成功', '2024-10-18 23:24:38');
INSERT INTO `sys_logininfor` VALUES (267, '123', '127.0.0.1', '内网IP', 'Chrome 12', 'Windows 10', '0', '登录成功', '2024-10-18 23:26:23');
INSERT INTO `sys_logininfor` VALUES (268, '123', '127.0.0.1', '内网IP', 'Chrome 12', 'Windows 10', '0', '登录成功', '2024-10-18 23:26:45');
INSERT INTO `sys_logininfor` VALUES (269, 'admin', '127.0.0.1', '内网IP', 'Chrome 12', 'Windows 10', '0', '退出成功', '2024-10-18 23:30:25');
INSERT INTO `sys_logininfor` VALUES (270, 'admin', '127.0.0.1', '内网IP', 'Chrome 12', 'Windows 10', '0', '登录成功', '2024-10-18 23:30:55');
INSERT INTO `sys_logininfor` VALUES (271, '123', '127.0.0.1', '内网IP', 'Chrome 12', 'Windows 10', '0', '登录成功', '2024-10-18 23:32:55');
INSERT INTO `sys_logininfor` VALUES (272, '123', '127.0.0.1', '内网IP', 'Chrome 12', 'Windows 10', '0', '登录成功', '2024-10-18 23:33:17');
INSERT INTO `sys_logininfor` VALUES (273, 'admin', '127.0.0.1', '内网IP', 'Chrome 12', 'Windows 10', '0', '登录成功', '2024-10-19 11:28:30');
INSERT INTO `sys_logininfor` VALUES (274, 'admin', '127.0.0.1', '内网IP', 'Chrome 12', 'Windows 10', '0', '登录成功', '2024-10-19 11:31:32');
INSERT INTO `sys_logininfor` VALUES (275, '123', '127.0.0.1', '内网IP', 'Chrome 12', 'Windows 10', '0', '登录成功', '2024-10-19 11:37:18');
INSERT INTO `sys_logininfor` VALUES (276, '123123', '127.0.0.1', '内网IP', 'Chrome 12', 'Windows 10', '1', '用户不存在/密码错误', '2024-10-19 13:25:23');
INSERT INTO `sys_logininfor` VALUES (277, '123123', '127.0.0.1', '内网IP', 'Chrome 12', 'Windows 10', '1', '用户不存在/密码错误', '2024-10-19 13:25:25');
INSERT INTO `sys_logininfor` VALUES (278, '123123', '127.0.0.1', '内网IP', 'Chrome 12', 'Windows 10', '1', '用户不存在/密码错误', '2024-10-19 13:25:33');
INSERT INTO `sys_logininfor` VALUES (279, '123', '127.0.0.1', '内网IP', 'Chrome 12', 'Windows 10', '0', '登录成功', '2024-10-19 13:25:40');
INSERT INTO `sys_logininfor` VALUES (280, '123', '127.0.0.1', '内网IP', 'Chrome 13', 'Windows 10', '0', '登录成功', '2024-10-20 15:02:34');
INSERT INTO `sys_logininfor` VALUES (281, '123', '127.0.0.1', '内网IP', 'Chrome 12', 'Windows 10', '0', '登录成功', '2024-10-20 15:42:09');
INSERT INTO `sys_logininfor` VALUES (282, '123', '127.0.0.1', '内网IP', 'Chrome 13', 'Windows 10', '0', '登录成功', '2024-10-21 21:12:25');
INSERT INTO `sys_logininfor` VALUES (283, '123', '127.0.0.1', '内网IP', 'Chrome 13', 'Windows 10', '0', '登录成功', '2024-10-21 23:23:34');
INSERT INTO `sys_logininfor` VALUES (284, '123', '127.0.0.1', '内网IP', 'Chrome 13', 'Windows 10', '0', '登录成功', '2024-10-22 09:35:39');
INSERT INTO `sys_logininfor` VALUES (285, '123', '127.0.0.1', '内网IP', 'Chrome 12', 'Windows 10', '0', '登录成功', '2024-10-22 15:06:45');
INSERT INTO `sys_logininfor` VALUES (286, '123', '127.0.0.1', '内网IP', 'Chrome 12', 'Windows 10', '0', '登录成功', '2024-10-22 15:19:37');
INSERT INTO `sys_logininfor` VALUES (287, '123', '127.0.0.1', '内网IP', 'Chrome 13', 'Windows 10', '0', '登录成功', '2024-10-23 08:36:08');
INSERT INTO `sys_logininfor` VALUES (288, '123', '127.0.0.1', '内网IP', 'Chrome 13', 'Windows 10', '0', '登录成功', '2024-10-23 10:28:18');
INSERT INTO `sys_logininfor` VALUES (289, '123', '127.0.0.1', '内网IP', 'Chrome 13', 'Windows 10', '0', '登录成功', '2024-10-23 12:10:59');
INSERT INTO `sys_logininfor` VALUES (290, '123', '127.0.0.1', '内网IP', 'Chrome 13', 'Windows 10', '0', '登录成功', '2024-10-23 16:25:45');
INSERT INTO `sys_logininfor` VALUES (291, '123', '127.0.0.1', '内网IP', 'Chrome 12', 'Windows 10', '0', '登录成功', '2024-10-23 22:55:29');
INSERT INTO `sys_logininfor` VALUES (292, '123', '127.0.0.1', '内网IP', 'Chrome 13', 'Windows 10', '0', '登录成功', '2024-10-23 22:55:38');
INSERT INTO `sys_logininfor` VALUES (293, '123', '127.0.0.1', '内网IP', 'Chrome 13', 'Windows 10', '0', '登录成功', '2024-10-24 13:05:59');
INSERT INTO `sys_logininfor` VALUES (294, '123', '127.0.0.1', '内网IP', 'Chrome 13', 'Windows 10', '0', '登录成功', '2024-10-24 13:08:46');
INSERT INTO `sys_logininfor` VALUES (295, 'admin', '127.0.0.1', '内网IP', 'Chrome 13', 'Windows 10', '0', '登录成功', '2024-10-24 13:09:38');
INSERT INTO `sys_logininfor` VALUES (296, 'admin', '127.0.0.1', '内网IP', 'Chrome 13', 'Windows 10', '0', '登录成功', '2024-10-24 13:10:10');
INSERT INTO `sys_logininfor` VALUES (297, 'admin', '127.0.0.1', '内网IP', 'Chrome 13', 'Windows 10', '0', '登录成功', '2024-10-24 13:10:28');
INSERT INTO `sys_logininfor` VALUES (298, 'admin', '127.0.0.1', '内网IP', 'Chrome 13', 'Windows 10', '0', '登录成功', '2024-10-24 13:12:34');
INSERT INTO `sys_logininfor` VALUES (299, 'admin', '127.0.0.1', '内网IP', 'Chrome 13', 'Windows 10', '0', '退出成功', '2024-10-24 13:15:05');
INSERT INTO `sys_logininfor` VALUES (300, 'admin', '127.0.0.1', '内网IP', 'Chrome 13', 'Windows 10', '0', '登录成功', '2024-10-24 13:15:11');
INSERT INTO `sys_logininfor` VALUES (301, 'admin', '127.0.0.1', '内网IP', 'Chrome 13', 'Windows 10', '0', '退出成功', '2024-10-24 13:15:14');
INSERT INTO `sys_logininfor` VALUES (302, 'admin', '127.0.0.1', '内网IP', 'Chrome 13', 'Windows 10', '0', '登录成功', '2024-10-24 13:15:28');
INSERT INTO `sys_logininfor` VALUES (303, '123', '127.0.0.1', '内网IP', 'Chrome 13', 'Windows 10', '0', '登录成功', '2024-10-24 13:15:50');
INSERT INTO `sys_logininfor` VALUES (304, '123', '127.0.0.1', '内网IP', 'Chrome 12', 'Windows 10', '0', '登录成功', '2024-10-24 13:16:07');
INSERT INTO `sys_logininfor` VALUES (305, 'admin', '127.0.0.1', '内网IP', 'Chrome 13', 'Windows 10', '0', '登录成功', '2024-10-25 09:28:40');
INSERT INTO `sys_logininfor` VALUES (306, '123', '127.0.0.1', '内网IP', 'Chrome 13', 'Windows 10', '0', '登录成功', '2024-10-25 09:29:28');
INSERT INTO `sys_logininfor` VALUES (307, '123', '127.0.0.1', '内网IP', 'Chrome 13', 'Windows 10', '0', '登录成功', '2024-10-25 09:29:28');
INSERT INTO `sys_logininfor` VALUES (308, '123', '127.0.0.1', '内网IP', 'Chrome 13', 'Windows 10', '0', '登录成功', '2024-10-25 09:29:28');
INSERT INTO `sys_logininfor` VALUES (309, '123', '127.0.0.1', '内网IP', 'Chrome 13', 'Windows 10', '0', '登录成功', '2024-10-25 09:41:47');
INSERT INTO `sys_logininfor` VALUES (310, '123', '127.0.0.1', '内网IP', 'Chrome 13', 'Windows 10', '0', '登录成功', '2024-10-25 09:42:23');
INSERT INTO `sys_logininfor` VALUES (311, '123', '127.0.0.1', '内网IP', 'Chrome 13', 'Windows 10', '0', '登录成功', '2024-10-25 09:42:36');
INSERT INTO `sys_logininfor` VALUES (312, 'admin', '127.0.0.1', '内网IP', 'Chrome 13', 'Windows 10', '0', '登录成功', '2024-10-25 09:42:54');
INSERT INTO `sys_logininfor` VALUES (313, '123', '127.0.0.1', '内网IP', 'Chrome 13', 'Windows 10', '0', '登录成功', '2024-10-25 09:48:31');
INSERT INTO `sys_logininfor` VALUES (314, '123', '127.0.0.1', '内网IP', 'Chrome 13', 'Windows 10', '0', '登录成功', '2024-10-25 09:49:15');
INSERT INTO `sys_logininfor` VALUES (315, '123', '127.0.0.1', '内网IP', 'Chrome 13', 'Windows 10', '0', '登录成功', '2024-10-25 09:58:25');
INSERT INTO `sys_logininfor` VALUES (316, '123', '127.0.0.1', '内网IP', 'Chrome 13', 'Windows 10', '1', '用户不存在/密码错误', '2024-10-25 10:37:49');
INSERT INTO `sys_logininfor` VALUES (317, '123', '127.0.0.1', '内网IP', 'Chrome 13', 'Windows 10', '1', '用户不存在/密码错误', '2024-10-25 10:37:52');
INSERT INTO `sys_logininfor` VALUES (318, '123', '127.0.0.1', '内网IP', 'Chrome 13', 'Windows 10', '1', '用户不存在/密码错误', '2024-10-25 10:38:03');
INSERT INTO `sys_logininfor` VALUES (319, 'Wzz', '127.0.0.1', '内网IP', 'Chrome 13', 'Windows 10', '0', '登录成功', '2024-10-25 10:38:08');
INSERT INTO `sys_logininfor` VALUES (320, '123', '127.0.0.1', '内网IP', 'Chrome 13', 'Windows 10', '0', '登录成功', '2024-10-25 10:39:03');
INSERT INTO `sys_logininfor` VALUES (321, '123', '127.0.0.1', '内网IP', 'Chrome 12', 'Windows 10', '0', '登录成功', '2024-10-25 11:21:43');
INSERT INTO `sys_logininfor` VALUES (322, 'admin', '127.0.0.1', '内网IP', 'Chrome 13', 'Windows 10', '0', '登录成功', '2024-10-25 15:01:48');
INSERT INTO `sys_logininfor` VALUES (323, 'admin', '127.0.0.1', '内网IP', 'Chrome 13', 'Windows 10', '0', '登录成功', '2024-10-25 20:38:03');
INSERT INTO `sys_logininfor` VALUES (324, '123', '127.0.0.1', '内网IP', 'Chrome 13', 'Windows 10', '1', '用户不存在/密码错误', '2024-10-25 20:48:47');
INSERT INTO `sys_logininfor` VALUES (325, '123', '127.0.0.1', '内网IP', 'Chrome 13', 'Windows 10', '1', '用户不存在/密码错误', '2024-10-25 20:48:54');
INSERT INTO `sys_logininfor` VALUES (326, '123', '127.0.0.1', '内网IP', 'Chrome 13', 'Windows 10', '1', '用户不存在/密码错误', '2024-10-25 20:48:58');
INSERT INTO `sys_logininfor` VALUES (327, '123', '127.0.0.1', '内网IP', 'Chrome 13', 'Windows 10', '1', '用户不存在/密码错误', '2024-10-25 20:49:05');
INSERT INTO `sys_logininfor` VALUES (328, 'Wzz', '127.0.0.1', '内网IP', 'Chrome 13', 'Windows 10', '1', '用户不存在/密码错误', '2024-10-25 20:49:14');
INSERT INTO `sys_logininfor` VALUES (329, '123', '127.0.0.1', '内网IP', 'Chrome 13', 'Windows 10', '1', '用户不存在/密码错误', '2024-10-25 20:49:40');
INSERT INTO `sys_logininfor` VALUES (330, '123', '127.0.0.1', '内网IP', 'Chrome 13', 'Windows 10', '1', '用户不存在/密码错误', '2024-10-25 20:49:48');
INSERT INTO `sys_logininfor` VALUES (331, '123', '127.0.0.1', '内网IP', 'Chrome 13', 'Windows 10', '1', '用户不存在/密码错误', '2024-10-25 20:50:22');
INSERT INTO `sys_logininfor` VALUES (332, '123', '127.0.0.1', '内网IP', 'Chrome 13', 'Windows 10', '1', '用户不存在/密码错误', '2024-10-25 20:50:54');
INSERT INTO `sys_logininfor` VALUES (333, '123', '127.0.0.1', '内网IP', 'Chrome 13', 'Windows 10', '1', '用户不存在/密码错误', '2024-10-25 20:51:59');
INSERT INTO `sys_logininfor` VALUES (334, '123', '127.0.0.1', '内网IP', 'Chrome 13', 'Windows 10', '1', '用户不存在/密码错误', '2024-10-25 20:54:44');
INSERT INTO `sys_logininfor` VALUES (335, '123', '127.0.0.1', '内网IP', 'Chrome 13', 'Windows 10', '1', '用户不存在/密码错误', '2024-10-25 20:55:32');
INSERT INTO `sys_logininfor` VALUES (336, '123', '127.0.0.1', '内网IP', 'Chrome 13', 'Windows 10', '1', '用户不存在/密码错误', '2024-10-25 20:56:03');
INSERT INTO `sys_logininfor` VALUES (337, '123', '127.0.0.1', '内网IP', 'Chrome 13', 'Windows 10', '1', '用户不存在/密码错误', '2024-10-25 20:57:24');
INSERT INTO `sys_logininfor` VALUES (338, 'admin', '127.0.0.1', '内网IP', 'Chrome 13', 'Windows 10', '0', '登录成功', '2024-10-25 20:57:48');
INSERT INTO `sys_logininfor` VALUES (339, '123', '127.0.0.1', '内网IP', 'Chrome 13', 'Windows 10', '1', '用户不存在/密码错误', '2024-10-25 20:58:01');
INSERT INTO `sys_logininfor` VALUES (340, '123', '127.0.0.1', '内网IP', 'Chrome 13', 'Windows 10', '1', '用户不存在/密码错误', '2024-10-25 20:58:30');
INSERT INTO `sys_logininfor` VALUES (341, '123', '127.0.0.1', '内网IP', 'Chrome 13', 'Windows 10', '0', '登录成功', '2024-10-25 20:58:58');
INSERT INTO `sys_logininfor` VALUES (342, 'admin', '127.0.0.1', '内网IP', 'Chrome 13', 'Windows 10', '0', '退出成功', '2024-10-25 23:12:59');
INSERT INTO `sys_logininfor` VALUES (343, 'admin', '127.0.0.1', '内网IP', 'Chrome 13', 'Windows 10', '0', '登录成功', '2024-10-25 23:13:06');
INSERT INTO `sys_logininfor` VALUES (344, 'admin', '127.0.0.1', '内网IP', 'Chrome 13', 'Windows 10', '0', '退出成功', '2024-10-25 23:13:34');
INSERT INTO `sys_logininfor` VALUES (345, 'zww', '127.0.0.1', '内网IP', 'Chrome 13', 'Windows 10', '1', '用户不存在/密码错误', '2024-10-25 23:13:38');
INSERT INTO `sys_logininfor` VALUES (346, 'zww', '127.0.0.1', '内网IP', 'Chrome 13', 'Windows 10', '0', '登录成功', '2024-10-25 23:13:47');
INSERT INTO `sys_logininfor` VALUES (347, 'zww', '127.0.0.1', '内网IP', 'Chrome 13', 'Windows 10', '0', '退出成功', '2024-10-25 23:13:58');
INSERT INTO `sys_logininfor` VALUES (348, 'admin', '127.0.0.1', '内网IP', 'Chrome 13', 'Windows 10', '0', '登录成功', '2024-10-25 23:14:05');
INSERT INTO `sys_logininfor` VALUES (349, 'admin', '127.0.0.1', '内网IP', 'Chrome 13', 'Windows 10', '0', '退出成功', '2024-10-25 23:15:14');
INSERT INTO `sys_logininfor` VALUES (350, 'admin', '127.0.0.1', '内网IP', 'Chrome 13', 'Windows 10', '1', '验证码错误', '2024-10-25 23:15:17');
INSERT INTO `sys_logininfor` VALUES (351, 'admin', '127.0.0.1', '内网IP', 'Chrome 13', 'Windows 10', '1', '用户不存在/密码错误', '2024-10-25 23:15:20');
INSERT INTO `sys_logininfor` VALUES (352, 'admin', '127.0.0.1', '内网IP', 'Chrome 13', 'Windows 10', '1', '验证码错误', '2024-10-25 23:15:21');
INSERT INTO `sys_logininfor` VALUES (353, 'admin', '127.0.0.1', '内网IP', 'Chrome 13', 'Windows 10', '1', '用户不存在/密码错误', '2024-10-25 23:15:27');
INSERT INTO `sys_logininfor` VALUES (354, 'admin', '127.0.0.1', '内网IP', 'Chrome 13', 'Windows 10', '1', '用户不存在/密码错误', '2024-10-25 23:15:48');
INSERT INTO `sys_logininfor` VALUES (355, 'admin', '127.0.0.1', '内网IP', 'Chrome 13', 'Windows 10', '1', '用户不存在/密码错误', '2024-10-25 23:15:54');
INSERT INTO `sys_logininfor` VALUES (356, 'admin', '127.0.0.1', '内网IP', 'Chrome 13', 'Windows 10', '0', '登录成功', '2024-10-25 23:16:44');
INSERT INTO `sys_logininfor` VALUES (357, 'admin', '127.0.0.1', '内网IP', 'Chrome 13', 'Windows 10', '0', '退出成功', '2024-10-25 23:16:49');
INSERT INTO `sys_logininfor` VALUES (358, 'admin', '127.0.0.1', '内网IP', 'Chrome 13', 'Windows 10', '0', '登录成功', '2024-10-25 23:16:54');
INSERT INTO `sys_logininfor` VALUES (359, 'admin', '127.0.0.1', '内网IP', 'Chrome 13', 'Windows 10', '0', '退出成功', '2024-10-25 23:17:02');
INSERT INTO `sys_logininfor` VALUES (360, 'admin', '127.0.0.1', '内网IP', 'Chrome 13', 'Windows 10', '0', '登录成功', '2024-10-25 23:17:06');
INSERT INTO `sys_logininfor` VALUES (361, 'admin', '127.0.0.1', '内网IP', 'Chrome 13', 'Windows 10', '0', '退出成功', '2024-10-25 23:21:37');
INSERT INTO `sys_logininfor` VALUES (362, 'zww', '127.0.0.1', '内网IP', 'Chrome 13', 'Windows 10', '0', '登录成功', '2024-10-25 23:21:45');
INSERT INTO `sys_logininfor` VALUES (363, 'zww', '127.0.0.1', '内网IP', 'Chrome 13', 'Windows 10', '0', '退出成功', '2024-10-25 23:21:47');
INSERT INTO `sys_logininfor` VALUES (364, 'zww', '127.0.0.1', '内网IP', 'Chrome 13', 'Windows 10', '1', '验证码已失效', '2024-10-26 00:18:05');
INSERT INTO `sys_logininfor` VALUES (365, 'zww', '127.0.0.1', '内网IP', 'Chrome 13', 'Windows 10', '1', '验证码错误', '2024-10-26 00:18:08');
INSERT INTO `sys_logininfor` VALUES (366, 'zww', '127.0.0.1', '内网IP', 'Chrome 13', 'Windows 10', '1', '用户不存在/密码错误', '2024-10-26 00:18:10');
INSERT INTO `sys_logininfor` VALUES (367, 'zww', '127.0.0.1', '内网IP', 'Chrome 13', 'Windows 10', '0', '登录成功', '2024-10-26 00:18:16');
INSERT INTO `sys_logininfor` VALUES (368, 'zww', '127.0.0.1', '内网IP', 'Chrome 13', 'Windows 10', '0', '退出成功', '2024-10-26 00:20:44');
INSERT INTO `sys_logininfor` VALUES (369, 'admin', '127.0.0.1', '内网IP', 'Chrome 13', 'Windows 10', '0', '登录成功', '2024-10-26 00:20:53');
INSERT INTO `sys_logininfor` VALUES (370, '123', '127.0.0.1', '内网IP', 'Chrome 13', 'Windows 10', '0', '登录成功', '2024-10-26 10:26:39');
INSERT INTO `sys_logininfor` VALUES (371, 'admin', '127.0.0.1', '内网IP', 'Chrome 13', 'Windows 10', '1', '用户不存在/密码错误', '2024-10-26 11:50:03');
INSERT INTO `sys_logininfor` VALUES (372, 'admin', '127.0.0.1', '内网IP', 'Chrome 13', 'Windows 10', '1', '用户不存在/密码错误', '2024-10-26 11:51:31');
INSERT INTO `sys_logininfor` VALUES (373, 'admin', '127.0.0.1', '内网IP', 'Chrome 13', 'Windows 10', '1', '用户不存在/密码错误', '2024-10-26 11:52:06');
INSERT INTO `sys_logininfor` VALUES (374, 'admin', '127.0.0.1', '内网IP', 'Chrome 13', 'Windows 10', '0', '登录成功', '2024-10-26 11:52:46');
INSERT INTO `sys_logininfor` VALUES (375, 'admin', '127.0.0.1', '内网IP', 'Chrome 13', 'Windows 10', '0', '退出成功', '2024-10-26 16:34:38');
INSERT INTO `sys_logininfor` VALUES (376, 'zww', '127.0.0.1', '内网IP', 'Chrome 13', 'Windows 10', '0', '登录成功', '2024-10-26 16:34:45');
INSERT INTO `sys_logininfor` VALUES (377, '123', '127.0.0.1', '内网IP', 'Chrome 13', 'Windows 10', '0', '登录成功', '2024-10-27 00:34:28');
INSERT INTO `sys_logininfor` VALUES (378, 'admin', '127.0.0.1', '内网IP', 'Chrome 13', 'Windows 10', '0', '登录成功', '2024-10-27 11:58:59');
INSERT INTO `sys_logininfor` VALUES (379, 'admin', '127.0.0.1', '内网IP', 'Chrome 13', 'Windows 10', '0', '退出成功', '2024-10-27 11:59:11');
INSERT INTO `sys_logininfor` VALUES (380, 'admin', '127.0.0.1', '内网IP', 'Chrome 13', 'Windows 10', '0', '登录成功', '2024-10-27 11:59:51');
INSERT INTO `sys_logininfor` VALUES (381, 'zww', '127.0.0.1', '内网IP', 'Chrome 13', 'Windows 10', '0', '登录成功', '2024-10-27 12:00:13');
INSERT INTO `sys_logininfor` VALUES (382, 'zww', '127.0.0.1', '内网IP', 'Chrome 13', 'Windows 10', '0', '退出成功', '2024-10-27 12:00:16');
INSERT INTO `sys_logininfor` VALUES (383, 'zww', '127.0.0.1', '内网IP', 'Chrome 13', 'Windows 10', '0', '登录成功', '2024-10-27 12:00:22');
INSERT INTO `sys_logininfor` VALUES (384, 'zww', '127.0.0.1', '内网IP', 'Chrome 13', 'Windows 10', '0', '退出成功', '2024-10-27 12:01:01');
INSERT INTO `sys_logininfor` VALUES (385, 'zww', '127.0.0.1', '内网IP', 'Chrome 13', 'Windows 10', '1', '用户不存在/密码错误', '2024-10-27 12:01:15');
INSERT INTO `sys_logininfor` VALUES (386, 'zww', '127.0.0.1', '内网IP', 'Chrome 13', 'Windows 10', '0', '登录成功', '2024-10-27 12:01:30');
INSERT INTO `sys_logininfor` VALUES (387, 'zww', '127.0.0.1', '内网IP', 'Chrome 13', 'Windows 10', '0', '退出成功', '2024-10-27 12:01:57');
INSERT INTO `sys_logininfor` VALUES (388, 'zww', '127.0.0.1', '内网IP', 'Chrome 13', 'Windows 10', '1', '用户不存在/密码错误', '2024-10-27 12:02:03');
INSERT INTO `sys_logininfor` VALUES (389, 'zww', '127.0.0.1', '内网IP', 'Chrome 13', 'Windows 10', '1', '用户不存在/密码错误', '2024-10-27 12:02:06');
INSERT INTO `sys_logininfor` VALUES (390, 'zww', '127.0.0.1', '内网IP', 'Chrome 13', 'Windows 10', '1', '用户不存在/密码错误', '2024-10-27 12:05:29');
INSERT INTO `sys_logininfor` VALUES (391, 'zww', '127.0.0.1', '内网IP', 'Chrome 13', 'Windows 10', '1', '用户不存在/密码错误', '2024-10-27 12:05:32');
INSERT INTO `sys_logininfor` VALUES (392, 'zww', '127.0.0.1', '内网IP', 'Chrome 13', 'Windows 10', '0', '登录成功', '2024-10-27 12:09:44');
INSERT INTO `sys_logininfor` VALUES (393, 'zww', '127.0.0.1', '内网IP', 'Chrome 13', 'Windows 10', '0', '退出成功', '2024-10-27 12:09:56');
INSERT INTO `sys_logininfor` VALUES (394, 'zww', '127.0.0.1', '内网IP', 'Chrome 13', 'Windows 10', '0', '登录成功', '2024-10-27 12:10:00');
INSERT INTO `sys_logininfor` VALUES (395, 'zww', '127.0.0.1', '内网IP', 'Chrome 13', 'Windows 10', '0', '退出成功', '2024-10-27 12:10:08');
INSERT INTO `sys_logininfor` VALUES (396, 'zww', '127.0.0.1', '内网IP', 'Chrome 13', 'Windows 10', '0', '登录成功', '2024-10-27 12:10:59');
INSERT INTO `sys_logininfor` VALUES (397, 'zww', '127.0.0.1', '内网IP', 'Chrome 13', 'Windows 10', '0', '退出成功', '2024-10-27 12:12:16');
INSERT INTO `sys_logininfor` VALUES (398, 'zww', '127.0.0.1', '内网IP', 'Chrome 13', 'Windows 10', '0', '登录成功', '2024-10-27 12:12:22');
INSERT INTO `sys_logininfor` VALUES (399, 'zww', '127.0.0.1', '内网IP', 'Chrome 13', 'Windows 10', '0', '退出成功', '2024-10-27 13:59:57');
INSERT INTO `sys_logininfor` VALUES (400, '123', '127.0.0.1', '内网IP', 'Chrome 13', 'Windows 10', '1', '用户不存在/密码错误', '2024-10-27 14:00:04');
INSERT INTO `sys_logininfor` VALUES (401, '123', '127.0.0.1', '内网IP', 'Chrome 13', 'Windows 10', '1', '用户不存在/密码错误', '2024-10-27 14:00:09');
INSERT INTO `sys_logininfor` VALUES (402, '123', '127.0.0.1', '内网IP', 'Chrome 13', 'Windows 10', '0', '登录成功', '2024-10-27 14:00:22');
INSERT INTO `sys_logininfor` VALUES (403, '123', '127.0.0.1', '内网IP', 'Chrome 13', 'Windows 10', '0', '退出成功', '2024-10-27 14:00:29');
INSERT INTO `sys_logininfor` VALUES (404, 'admin', '127.0.0.1', '内网IP', 'Chrome 13', 'Windows 10', '0', '登录成功', '2024-10-27 14:00:37');
INSERT INTO `sys_logininfor` VALUES (405, 'admin', '127.0.0.1', '内网IP', 'Chrome 13', 'Windows 10', '0', '退出成功', '2024-10-27 14:01:23');
INSERT INTO `sys_logininfor` VALUES (406, '123', '127.0.0.1', '内网IP', 'Chrome 13', 'Windows 10', '1', '验证码错误', '2024-10-27 14:01:30');
INSERT INTO `sys_logininfor` VALUES (407, '123', '127.0.0.1', '内网IP', 'Chrome 13', 'Windows 10', '1', '验证码错误', '2024-10-27 14:01:32');
INSERT INTO `sys_logininfor` VALUES (408, '123', '127.0.0.1', '内网IP', 'Chrome 13', 'Windows 10', '0', '登录成功', '2024-10-27 14:01:34');
INSERT INTO `sys_logininfor` VALUES (409, '123', '127.0.0.1', '内网IP', 'Chrome 13', 'Windows 10', '0', '退出成功', '2024-10-27 14:04:49');
INSERT INTO `sys_logininfor` VALUES (410, '123', '127.0.0.1', '内网IP', 'Chrome 13', 'Windows 10', '0', '登录成功', '2024-10-27 14:04:53');
INSERT INTO `sys_logininfor` VALUES (411, '123', '127.0.0.1', '内网IP', 'Chrome 13', 'Windows 10', '0', '退出成功', '2024-10-27 14:04:55');
INSERT INTO `sys_logininfor` VALUES (412, 'admin', '127.0.0.1', '内网IP', 'Chrome 13', 'Windows 10', '0', '登录成功', '2024-10-27 14:05:02');
INSERT INTO `sys_logininfor` VALUES (413, 'admin', '127.0.0.1', '内网IP', 'Chrome 13', 'Windows 10', '0', '退出成功', '2024-10-27 14:05:16');
INSERT INTO `sys_logininfor` VALUES (414, 'admin', '127.0.0.1', '内网IP', 'Chrome 13', 'Windows 10', '1', '验证码错误', '2024-10-27 14:05:20');
INSERT INTO `sys_logininfor` VALUES (415, 'admin', '127.0.0.1', '内网IP', 'Chrome 13', 'Windows 10', '0', '登录成功', '2024-10-27 14:05:55');
INSERT INTO `sys_logininfor` VALUES (416, 'zww', '127.0.0.1', '内网IP', 'Chrome 13', 'Windows 10', '1', '用户不存在/密码错误', '2024-10-27 16:31:15');
INSERT INTO `sys_logininfor` VALUES (417, 'zww', '127.0.0.1', '内网IP', 'Chrome 13', 'Windows 10', '1', '用户不存在/密码错误', '2024-10-27 16:31:17');
INSERT INTO `sys_logininfor` VALUES (418, 'zww1', '127.0.0.1', '内网IP', 'Chrome 13', 'Windows 10', '1', '用户不存在/密码错误', '2024-10-27 16:31:20');
INSERT INTO `sys_logininfor` VALUES (419, '123', '127.0.0.1', '内网IP', 'Chrome 13', 'Windows 10', '0', '登录成功', '2024-10-27 16:31:24');
INSERT INTO `sys_logininfor` VALUES (420, '123', '127.0.0.1', '内网IP', 'Chrome 13', 'Windows 10', '0', '登录成功', '2024-10-27 17:19:41');
INSERT INTO `sys_logininfor` VALUES (421, '123', '127.0.0.1', '内网IP', 'Chrome 13', 'Windows 10', '0', '退出成功', '2024-10-27 19:24:37');
INSERT INTO `sys_logininfor` VALUES (422, '123', '127.0.0.1', '内网IP', 'Chrome 13', 'Windows 10', '0', '登录成功', '2024-10-27 19:25:07');
INSERT INTO `sys_logininfor` VALUES (423, 'admin', '127.0.0.1', '内网IP', 'Chrome 13', 'Windows 10', '0', '登录成功', '2024-10-27 20:44:11');
INSERT INTO `sys_logininfor` VALUES (424, '123', '127.0.0.1', '内网IP', 'Chrome 13', 'Windows 10', '0', '退出成功', '2024-10-27 20:50:24');
INSERT INTO `sys_logininfor` VALUES (425, 'zww', '127.0.0.1', '内网IP', 'Chrome 13', 'Windows 10', '1', '用户不存在/密码错误', '2024-10-27 20:50:34');
INSERT INTO `sys_logininfor` VALUES (426, 'zww', '127.0.0.1', '内网IP', 'Chrome 13', 'Windows 10', '0', '登录成功', '2024-10-27 20:50:36');
INSERT INTO `sys_logininfor` VALUES (427, 'zww', '127.0.0.1', '内网IP', 'Chrome 13', 'Windows 10', '0', '退出成功', '2024-10-27 21:06:46');
INSERT INTO `sys_logininfor` VALUES (428, 'zww', '127.0.0.1', '内网IP', 'Chrome 13', 'Windows 10', '0', '登录成功', '2024-10-27 21:06:50');
INSERT INTO `sys_logininfor` VALUES (429, 'admin', '127.0.0.1', '内网IP', 'Chrome 13', 'Windows 10', '0', '登录成功', '2024-10-27 23:16:47');
INSERT INTO `sys_logininfor` VALUES (430, 'admin', '127.0.0.1', '内网IP', 'Chrome 13', 'Windows 10', '0', '退出成功', '2024-10-27 23:17:18');
INSERT INTO `sys_logininfor` VALUES (431, 'zww', '127.0.0.1', '内网IP', 'Chrome 13', 'Windows 10', '0', '登录成功', '2024-10-27 23:17:29');
INSERT INTO `sys_logininfor` VALUES (432, 'zww', '127.0.0.1', '内网IP', 'Chrome 13', 'Windows 10', '0', '登录成功', '2024-10-29 19:24:58');
INSERT INTO `sys_logininfor` VALUES (433, 'zww', '127.0.0.1', '内网IP', 'Chrome 13', 'Windows 10', '0', '登录成功', '2024-10-31 19:26:46');
INSERT INTO `sys_logininfor` VALUES (434, 'zww', '127.0.0.1', '内网IP', 'Chrome 13', 'Windows 10', '0', '登录成功', '2024-11-04 12:01:15');
INSERT INTO `sys_logininfor` VALUES (435, 'zww', '127.0.0.1', '内网IP', 'Chrome 13', 'Windows 10', '0', '退出成功', '2024-11-04 12:05:28');
INSERT INTO `sys_logininfor` VALUES (436, 'admin', '127.0.0.1', '内网IP', 'Chrome 13', 'Windows 10', '1', '用户不存在/密码错误', '2025-01-23 20:38:42');
INSERT INTO `sys_logininfor` VALUES (437, 'admin', '127.0.0.1', '内网IP', 'Chrome 13', 'Windows 10', '1', '验证码错误', '2025-01-23 20:38:46');
INSERT INTO `sys_logininfor` VALUES (438, 'admin', '127.0.0.1', '内网IP', 'Chrome 13', 'Windows 10', '1', '用户不存在/密码错误', '2025-01-23 20:38:48');
INSERT INTO `sys_logininfor` VALUES (439, 'admin', '127.0.0.1', '内网IP', 'Chrome 13', 'Windows 10', '1', '用户不存在/密码错误', '2025-01-23 20:39:35');
INSERT INTO `sys_logininfor` VALUES (440, 'admin', '127.0.0.1', '内网IP', 'Chrome 13', 'Windows 10', '1', '验证码错误', '2025-01-23 20:39:35');
INSERT INTO `sys_logininfor` VALUES (441, 'zww', '127.0.0.1', '内网IP', 'Chrome 13', 'Windows 10', '1', '用户不存在/密码错误', '2025-01-23 20:39:47');
INSERT INTO `sys_logininfor` VALUES (442, 'zww', '127.0.0.1', '内网IP', 'Chrome 13', 'Windows 10', '1', '验证码已失效', '2025-01-23 20:42:07');
INSERT INTO `sys_logininfor` VALUES (443, 'zww', '127.0.0.1', '内网IP', 'Chrome 13', 'Windows 10', '1', '用户不存在/密码错误', '2025-01-23 20:42:09');
INSERT INTO `sys_logininfor` VALUES (444, 'zww', '127.0.0.1', '内网IP', 'Chrome 13', 'Windows 10', '1', '用户不存在/密码错误', '2025-01-23 20:42:19');
INSERT INTO `sys_logininfor` VALUES (445, 'zww', '127.0.0.1', '内网IP', 'Chrome 13', 'Windows 10', '1', '用户不存在/密码错误', '2025-01-23 20:42:22');
INSERT INTO `sys_logininfor` VALUES (446, 'admin', '127.0.0.1', '内网IP', 'Chrome 13', 'Windows 10', '1', '用户不存在/密码错误', '2025-01-23 20:43:54');
INSERT INTO `sys_logininfor` VALUES (447, 'admin', '127.0.0.1', '内网IP', 'Chrome 13', 'Windows 10', '1', '验证码错误', '2025-01-23 20:43:55');
INSERT INTO `sys_logininfor` VALUES (448, 'admin', '127.0.0.1', '内网IP', 'Chrome 13', 'Windows 10', '1', '用户不存在/密码错误', '2025-01-23 20:44:03');
INSERT INTO `sys_logininfor` VALUES (449, 'admin', '127.0.0.1', '内网IP', 'Chrome 13', 'Windows 10', '1', '用户不存在/密码错误', '2025-01-23 20:45:07');
INSERT INTO `sys_logininfor` VALUES (450, 'admin', '127.0.0.1', '内网IP', 'Chrome 13', 'Windows 10', '1', '用户不存在/密码错误', '2025-01-23 20:45:47');
INSERT INTO `sys_logininfor` VALUES (451, 'admin', '127.0.0.1', '内网IP', 'Chrome 13', 'Windows 10', '1', '验证码错误', '2025-01-23 20:45:48');
INSERT INTO `sys_logininfor` VALUES (452, 'admin', '127.0.0.1', '内网IP', 'Chrome 13', 'Windows 10', '1', '验证码错误', '2025-01-23 20:45:52');
INSERT INTO `sys_logininfor` VALUES (453, 'admin', '127.0.0.1', '内网IP', 'Chrome 13', 'Windows 10', '1', '用户不存在/密码错误', '2025-01-23 20:46:02');
INSERT INTO `sys_logininfor` VALUES (454, 'admin', '127.0.0.1', '内网IP', 'Chrome 13', 'Windows 10', '1', '验证码错误', '2025-01-23 20:47:14');
INSERT INTO `sys_logininfor` VALUES (455, 'admin', '127.0.0.1', '内网IP', 'Chrome 13', 'Windows 10', '1', '用户不存在/密码错误', '2025-01-23 20:47:18');
INSERT INTO `sys_logininfor` VALUES (456, 'admin', '127.0.0.1', '内网IP', 'Chrome 13', 'Windows 10', '1', '验证码错误', '2025-01-23 20:47:18');
INSERT INTO `sys_logininfor` VALUES (457, 'admin', '127.0.0.1', '内网IP', 'Chrome 13', 'Windows 10', '1', '验证码已失效', '2025-01-23 20:51:02');
INSERT INTO `sys_logininfor` VALUES (458, 'admin', '127.0.0.1', '内网IP', 'Chrome 13', 'Windows 10', '1', '用户不存在/密码错误', '2025-01-23 20:51:16');
INSERT INTO `sys_logininfor` VALUES (459, 'admin', '127.0.0.1', '内网IP', 'Chrome 13', 'Windows 10', '1', '验证码已失效', '2025-01-23 20:55:05');
INSERT INTO `sys_logininfor` VALUES (460, 'admin', '127.0.0.1', '内网IP', 'Chrome 13', 'Windows 10', '1', '用户不存在/密码错误', '2025-01-23 20:55:13');
INSERT INTO `sys_logininfor` VALUES (461, 'admin', '127.0.0.1', '内网IP', 'Chrome 13', 'Windows 10', '1', '用户不存在/密码错误', '2025-01-23 20:57:59');
INSERT INTO `sys_logininfor` VALUES (462, 'admin', '127.0.0.1', '内网IP', 'Chrome 13', 'Windows 10', '1', '用户不存在/密码错误', '2025-01-23 20:59:02');
INSERT INTO `sys_logininfor` VALUES (463, 'ry', '127.0.0.1', '内网IP', 'Chrome 13', 'Windows 10', '1', '用户不存在/密码错误', '2025-01-23 20:59:38');
INSERT INTO `sys_logininfor` VALUES (464, 'ry', '127.0.0.1', '内网IP', 'Chrome 13', 'Windows 10', '1', '验证码已失效', '2025-01-23 21:01:42');
INSERT INTO `sys_logininfor` VALUES (465, 'ry', '127.0.0.1', '内网IP', 'Chrome 13', 'Windows 10', '1', '用户不存在/密码错误', '2025-01-23 21:01:54');
INSERT INTO `sys_logininfor` VALUES (466, 'admin', '127.0.0.1', '内网IP', 'Chrome 13', 'Windows 10', '1', '用户不存在/密码错误', '2025-01-23 21:02:52');
INSERT INTO `sys_logininfor` VALUES (467, 'admin', '127.0.0.1', '内网IP', 'Chrome 13', 'Windows 10', '1', '用户不存在/密码错误', '2025-01-23 21:04:53');
INSERT INTO `sys_logininfor` VALUES (468, 'admin', '127.0.0.1', '内网IP', 'Chrome 13', 'Windows 10', '1', '用户不存在/密码错误', '2025-01-23 21:05:03');
INSERT INTO `sys_logininfor` VALUES (469, 'admin', '127.0.0.1', '内网IP', 'Chrome 13', 'Windows 10', '1', '用户不存在/密码错误', '2025-01-23 21:05:47');
INSERT INTO `sys_logininfor` VALUES (470, 'admin', '127.0.0.1', '内网IP', 'Chrome 13', 'Windows 10', '1', '用户不存在/密码错误', '2025-01-23 21:06:14');
INSERT INTO `sys_logininfor` VALUES (471, 'admin', '127.0.0.1', '内网IP', 'Chrome 13', 'Windows 10', '1', '用户不存在/密码错误', '2025-01-23 21:06:56');
INSERT INTO `sys_logininfor` VALUES (472, 'admin', '127.0.0.1', '内网IP', 'Chrome 13', 'Windows 10', '1', '用户不存在/密码错误', '2025-01-23 21:07:13');
INSERT INTO `sys_logininfor` VALUES (473, 'admin', '127.0.0.1', '内网IP', 'Chrome 13', 'Windows 10', '1', '验证码错误', '2025-01-23 21:07:56');
INSERT INTO `sys_logininfor` VALUES (474, 'admin', '127.0.0.1', '内网IP', 'Chrome 13', 'Windows 10', '1', '用户不存在/密码错误', '2025-01-23 21:08:24');
INSERT INTO `sys_logininfor` VALUES (475, 'admin', '127.0.0.1', '内网IP', 'Chrome 13', 'Windows 10', '1', '用户不存在/密码错误', '2025-01-23 21:09:00');
INSERT INTO `sys_logininfor` VALUES (476, 'admin', '127.0.0.1', '内网IP', 'Chrome 13', 'Windows 10', '1', '用户不存在/密码错误', '2025-01-23 21:09:09');
INSERT INTO `sys_logininfor` VALUES (477, 'admin', '127.0.0.1', '内网IP', 'Chrome 13', 'Windows 10', '1', '用户不存在/密码错误', '2025-01-23 21:10:01');
INSERT INTO `sys_logininfor` VALUES (478, 'admin', '127.0.0.1', '内网IP', 'Chrome 13', 'Windows 10', '1', '用户不存在/密码错误', '2025-01-23 21:11:04');
INSERT INTO `sys_logininfor` VALUES (479, 'admin', '127.0.0.1', '内网IP', 'Chrome 13', 'Windows 10', '1', '用户不存在/密码错误', '2025-01-23 21:11:47');
INSERT INTO `sys_logininfor` VALUES (480, 'admin', '127.0.0.1', '内网IP', 'Chrome 13', 'Windows 10', '1', '用户不存在/密码错误', '2025-01-23 21:13:36');
INSERT INTO `sys_logininfor` VALUES (481, 'zww', '127.0.0.1', '内网IP', 'Chrome 13', 'Windows 10', '1', '用户不存在/密码错误', '2025-01-23 21:16:30');
INSERT INTO `sys_logininfor` VALUES (482, 'zww', '127.0.0.1', '内网IP', 'Chrome 13', 'Windows 10', '0', '登录成功', '2025-01-23 21:17:00');
INSERT INTO `sys_logininfor` VALUES (483, 'zww', '127.0.0.1', '内网IP', 'Chrome 13', 'Windows 10', '0', '退出成功', '2025-01-23 21:21:21');
INSERT INTO `sys_logininfor` VALUES (484, 'zww', '127.0.0.1', '内网IP', 'Chrome 13', 'Windows 10', '0', '登录成功', '2025-01-23 21:21:26');
INSERT INTO `sys_logininfor` VALUES (485, 'zww', '127.0.0.1', '内网IP', 'Chrome 13', 'Windows 10', '0', '退出成功', '2025-01-23 21:23:11');
INSERT INTO `sys_logininfor` VALUES (486, 'zww', '127.0.0.1', '内网IP', 'Chrome 13', 'Windows 10', '1', '用户不存在/密码错误', '2025-01-23 21:23:16');
INSERT INTO `sys_logininfor` VALUES (487, 'zww', '127.0.0.1', '内网IP', 'Chrome 13', 'Windows 10', '1', '用户不存在/密码错误', '2025-01-23 21:24:11');
INSERT INTO `sys_logininfor` VALUES (488, '1', '127.0.0.1', '内网IP', 'Chrome 13', 'Windows 10', '1', '用户不存在/密码错误', '2025-04-04 15:46:39');
INSERT INTO `sys_logininfor` VALUES (489, '1', '127.0.0.1', '内网IP', 'Chrome 13', 'Windows 10', '1', '用户不存在/密码错误', '2025-04-04 16:04:59');
INSERT INTO `sys_logininfor` VALUES (490, 'admin', '127.0.0.1', '内网IP', 'Chrome 13', 'Windows 10', '1', '用户不存在/密码错误', '2025-04-04 16:14:32');
INSERT INTO `sys_logininfor` VALUES (491, 'admin', '127.0.0.1', '内网IP', 'Chrome 13', 'Windows 10', '1', '验证码已失效', '2025-04-04 16:16:42');
INSERT INTO `sys_logininfor` VALUES (492, 'admin', '127.0.0.1', '内网IP', 'Chrome 13', 'Windows 10', '1', '用户不存在/密码错误', '2025-04-04 16:16:44');
INSERT INTO `sys_logininfor` VALUES (493, 'admin', '127.0.0.1', '内网IP', 'Chrome 13', 'Windows 10', '1', '用户不存在/密码错误', '2025-04-04 16:23:00');
INSERT INTO `sys_logininfor` VALUES (494, 'zww', '127.0.0.1', '内网IP', 'Chrome 13', 'Windows 10', '0', '登录成功', '2025-04-04 16:25:46');
INSERT INTO `sys_logininfor` VALUES (495, 'admin', '127.0.0.1', '内网IP', 'Chrome 13', 'Windows 10', '1', '用户不存在/密码错误', '2025-04-04 16:25:58');
INSERT INTO `sys_logininfor` VALUES (496, 'admin', '127.0.0.1', '内网IP', 'Chrome 13', 'Windows 10', '1', '验证码错误', '2025-04-04 16:25:59');
INSERT INTO `sys_logininfor` VALUES (497, 'admin', '127.0.0.1', '内网IP', 'Chrome 13', 'Windows 10', '1', '用户不存在/密码错误', '2025-04-04 16:27:21');
INSERT INTO `sys_logininfor` VALUES (498, 'admin', '127.0.0.1', '内网IP', 'Chrome 13', 'Windows 10', '1', '用户不存在/密码错误', '2025-04-04 16:27:45');
INSERT INTO `sys_logininfor` VALUES (499, 'zww', '127.0.0.1', '内网IP', 'Chrome 13', 'Windows 10', '1', '用户不存在/密码错误', '2025-04-04 16:27:51');
INSERT INTO `sys_logininfor` VALUES (500, 'zww', '127.0.0.1', '内网IP', 'Chrome 13', 'Windows 10', '1', '验证码错误', '2025-04-04 16:27:52');
INSERT INTO `sys_logininfor` VALUES (501, 'zww', '127.0.0.1', '内网IP', 'Chrome 13', 'Windows 10', '1', '用户不存在/密码错误', '2025-04-04 16:32:52');
INSERT INTO `sys_logininfor` VALUES (502, 'zww', '127.0.0.1', '内网IP', 'Chrome 13', 'Windows 10', '1', '用户不存在/密码错误', '2025-04-04 16:33:17');
INSERT INTO `sys_logininfor` VALUES (503, 'zww', '127.0.0.1', '内网IP', 'Chrome 13', 'Windows 10', '1', '用户不存在/密码错误', '2025-04-04 16:34:14');
INSERT INTO `sys_logininfor` VALUES (504, 'admin', '127.0.0.1', '内网IP', 'Chrome 13', 'Windows 10', '1', '用户不存在/密码错误', '2025-04-04 16:34:19');
INSERT INTO `sys_logininfor` VALUES (505, 'admin', '127.0.0.1', '内网IP', 'Chrome 13', 'Windows 10', '1', '用户不存在/密码错误', '2025-04-04 16:34:28');
INSERT INTO `sys_logininfor` VALUES (506, 'zww', '127.0.0.1', '内网IP', 'Chrome 13', 'Windows 10', '0', '登录成功', '2025-04-04 16:39:07');
INSERT INTO `sys_logininfor` VALUES (507, 'admin', '127.0.0.1', '内网IP', 'Chrome 13', 'Windows 10', '1', '验证码已失效', '2025-04-04 16:40:31');
INSERT INTO `sys_logininfor` VALUES (508, 'admin', '127.0.0.1', '内网IP', 'Chrome 13', 'Windows 10', '1', '用户不存在/密码错误', '2025-04-04 16:40:34');
INSERT INTO `sys_logininfor` VALUES (509, 'zww', '127.0.0.1', '内网IP', 'Chrome 13', 'Windows 10', '0', '退出成功', '2025-04-04 16:40:36');
INSERT INTO `sys_logininfor` VALUES (510, 'zww', '127.0.0.1', '内网IP', 'Chrome 13', 'Windows 10', '0', '登录成功', '2025-04-04 16:40:40');
INSERT INTO `sys_logininfor` VALUES (511, 'admin', '127.0.0.1', '内网IP', 'Chrome 13', 'Windows 10', '0', '登录成功', '2025-04-04 16:44:02');
INSERT INTO `sys_logininfor` VALUES (512, 'admin', '127.0.0.1', '内网IP', 'Chrome 13', 'Windows 10', '0', '退出成功', '2025-04-04 16:44:35');
INSERT INTO `sys_logininfor` VALUES (513, 'admin', '127.0.0.1', '内网IP', 'Chrome 13', 'Windows 10', '1', '用户不存在/密码错误', '2025-04-04 16:44:39');
INSERT INTO `sys_logininfor` VALUES (514, 'admin', '127.0.0.1', '内网IP', 'Chrome 13', 'Windows 10', '1', '用户不存在/密码错误', '2025-04-04 20:20:46');
INSERT INTO `sys_logininfor` VALUES (515, 'admin', '127.0.0.1', '内网IP', 'Chrome 13', 'Windows 10', '0', '登录成功', '2025-04-04 20:20:52');
INSERT INTO `sys_logininfor` VALUES (516, 'zww', '127.0.0.1', '内网IP', 'Chrome 13', 'Windows 10', '0', '退出成功', '2025-04-04 20:22:03');
INSERT INTO `sys_logininfor` VALUES (517, 'admin', '127.0.0.1', '内网IP', 'Chrome 13', 'Windows 10', '0', '退出成功', '2025-04-04 20:37:26');
INSERT INTO `sys_logininfor` VALUES (518, 'zww', '127.0.0.1', '内网IP', 'Chrome 13', 'Windows 10', '0', '登录成功', '2025-04-04 20:37:38');
INSERT INTO `sys_logininfor` VALUES (519, 'zww', '127.0.0.1', '内网IP', 'Chrome 13', 'Windows 10', '0', '登录成功', '2025-04-18 15:55:54');
INSERT INTO `sys_logininfor` VALUES (520, 'zww', '127.0.0.1', '内网IP', 'Chrome 13', 'Windows 10', '0', '登录成功', '2025-04-29 20:54:48');
INSERT INTO `sys_logininfor` VALUES (521, 'zww', '127.0.0.1', '内网IP', 'Chrome 13', 'Windows 10', '0', '登录成功', '2025-04-29 20:54:48');
INSERT INTO `sys_logininfor` VALUES (522, 'zww', '127.0.0.1', '内网IP', 'Chrome 13', 'Windows 10', '0', '登录成功', '2025-04-29 20:54:48');
INSERT INTO `sys_logininfor` VALUES (523, 'zww', '127.0.0.1', '内网IP', 'Chrome 13', 'Windows 10', '0', '登录成功', '2025-04-29 20:54:52');
INSERT INTO `sys_logininfor` VALUES (524, 'zww', '127.0.0.1', '内网IP', 'Chrome 13', 'Windows 10', '0', '登录成功', '2025-04-30 07:13:47');
INSERT INTO `sys_logininfor` VALUES (525, 'zww', '127.0.0.1', '内网IP', 'Chrome 14', 'Windows 10', '0', '登录成功', '2025-11-09 19:15:21');
INSERT INTO `sys_logininfor` VALUES (526, 'zww', '127.0.0.1', '内网IP', 'Chrome 14', 'Windows 10', '0', '登录成功', '2025-11-09 19:15:21');
INSERT INTO `sys_logininfor` VALUES (527, 'zww', '127.0.0.1', '内网IP', 'Chrome 14', 'Windows 10', '0', '登录成功', '2025-11-09 19:15:30');
INSERT INTO `sys_logininfor` VALUES (528, 'zww', '127.0.0.1', '内网IP', 'Chrome 14', 'Windows 10', '0', '登录成功', '2025-11-11 10:39:34');
INSERT INTO `sys_logininfor` VALUES (529, 'zww', '127.0.0.1', '内网IP', 'Chrome 14', 'Windows 10', '0', '退出成功', '2025-11-11 10:49:15');
INSERT INTO `sys_logininfor` VALUES (530, 'zww', '127.0.0.1', '内网IP', 'Chrome 14', 'Windows 10', '0', '登录成功', '2025-11-11 10:49:20');
INSERT INTO `sys_logininfor` VALUES (531, 'admin', '127.0.0.1', '内网IP', 'Chrome 14', 'Windows 10', '1', '用户不存在/密码错误', '2025-11-11 16:41:22');
INSERT INTO `sys_logininfor` VALUES (532, 'admin', '127.0.0.1', '内网IP', 'Chrome 14', 'Windows 10', '1', '用户不存在/密码错误', '2025-11-11 16:41:49');
INSERT INTO `sys_logininfor` VALUES (533, 'admin', '127.0.0.1', '内网IP', 'Chrome 14', 'Windows 10', '1', '验证码已失效', '2025-11-11 16:44:33');
INSERT INTO `sys_logininfor` VALUES (534, 'admin', '127.0.0.1', '内网IP', 'Chrome 14', 'Windows 10', '1', '用户不存在/密码错误', '2025-11-11 16:44:37');
INSERT INTO `sys_logininfor` VALUES (535, 'admin', '127.0.0.1', '内网IP', 'Chrome 14', 'Windows 10', '1', '验证码错误', '2025-11-11 16:44:47');
INSERT INTO `sys_logininfor` VALUES (536, 'admin', '127.0.0.1', '内网IP', 'Chrome 14', 'Windows 10', '1', '用户不存在/密码错误', '2025-11-11 16:44:52');
INSERT INTO `sys_logininfor` VALUES (537, 'admin', '127.0.0.1', '内网IP', 'Chrome 14', 'Windows 10', '0', '登录成功', '2025-11-11 16:45:39');
INSERT INTO `sys_logininfor` VALUES (538, 'admin', '127.0.0.1', '内网IP', 'Chrome 14', 'Windows 10', '0', '退出成功', '2025-11-11 16:46:04');
INSERT INTO `sys_logininfor` VALUES (539, 'zww', '127.0.0.1', '内网IP', 'Chrome 14', 'Windows 10', '0', '登录成功', '2025-11-11 16:46:31');
INSERT INTO `sys_logininfor` VALUES (540, 'zww', '127.0.0.1', '内网IP', 'Chrome 14', 'Windows 10', '0', '登录成功', '2025-11-11 23:12:42');
INSERT INTO `sys_logininfor` VALUES (541, 'zww', '127.0.0.1', '内网IP', 'Chrome 14', 'Windows 10', '0', '登录成功', '2025-11-11 23:13:04');
INSERT INTO `sys_logininfor` VALUES (542, 'zww', '127.0.0.1', '内网IP', 'Chrome 14', 'Windows 10', '0', '登录成功', '2025-11-12 17:44:37');
INSERT INTO `sys_logininfor` VALUES (543, 'zww', '127.0.0.1', '内网IP', 'Chrome 14', 'Windows 10', '0', '登录成功', '2025-11-12 21:35:52');

-- ----------------------------
-- Table structure for sys_menu
-- ----------------------------
DROP TABLE IF EXISTS `sys_menu`;
CREATE TABLE `sys_menu`  (
  `menu_id` bigint(20) NOT NULL AUTO_INCREMENT COMMENT '菜单ID',
  `menu_name` varchar(50) CHARACTER SET utf8mb4 COLLATE utf8mb4_general_ci NOT NULL COMMENT '菜单名称',
  `parent_id` bigint(20) NULL DEFAULT 0 COMMENT '父菜单ID',
  `order_num` int(4) NULL DEFAULT 0 COMMENT '显示顺序',
  `path` varchar(200) CHARACTER SET utf8mb4 COLLATE utf8mb4_general_ci NULL DEFAULT '' COMMENT '路由地址',
  `component` varchar(255) CHARACTER SET utf8mb4 COLLATE utf8mb4_general_ci NULL DEFAULT NULL COMMENT '组件路径',
  `query` varchar(255) CHARACTER SET utf8mb4 COLLATE utf8mb4_general_ci NULL DEFAULT NULL COMMENT '路由参数',
  `route_name` varchar(50) CHARACTER SET utf8mb4 COLLATE utf8mb4_general_ci NULL DEFAULT '' COMMENT '路由名称',
  `is_frame` int(1) NULL DEFAULT 1 COMMENT '是否为外链（0是 1否）',
  `is_cache` int(1) NULL DEFAULT 0 COMMENT '是否缓存（0缓存 1不缓存）',
  `menu_type` char(1) CHARACTER SET utf8mb4 COLLATE utf8mb4_general_ci NULL DEFAULT '' COMMENT '菜单类型（M目录 C菜单 F按钮）',
  `visible` char(1) CHARACTER SET utf8mb4 COLLATE utf8mb4_general_ci NULL DEFAULT '0' COMMENT '菜单状态（0显示 1隐藏）',
  `status` char(1) CHARACTER SET utf8mb4 COLLATE utf8mb4_general_ci NULL DEFAULT '0' COMMENT '菜单状态（0正常 1停用）',
  `perms` varchar(100) CHARACTER SET utf8mb4 COLLATE utf8mb4_general_ci NULL DEFAULT NULL COMMENT '权限标识',
  `icon` varchar(100) CHARACTER SET utf8mb4 COLLATE utf8mb4_general_ci NULL DEFAULT '#' COMMENT '菜单图标',
  `create_by` varchar(64) CHARACTER SET utf8mb4 COLLATE utf8mb4_general_ci NULL DEFAULT '' COMMENT '创建者',
  `create_time` datetime NULL DEFAULT NULL COMMENT '创建时间',
  `update_by` varchar(64) CHARACTER SET utf8mb4 COLLATE utf8mb4_general_ci NULL DEFAULT '' COMMENT '更新者',
  `update_time` datetime NULL DEFAULT NULL COMMENT '更新时间',
  `remark` varchar(500) CHARACTER SET utf8mb4 COLLATE utf8mb4_general_ci NULL DEFAULT '' COMMENT '备注',
  PRIMARY KEY (`menu_id`) USING BTREE
) ENGINE = InnoDB AUTO_INCREMENT = 2052 CHARACTER SET = utf8mb4 COLLATE = utf8mb4_general_ci COMMENT = '菜单权限表' ROW_FORMAT = Dynamic;

-- ----------------------------
-- Records of sys_menu
-- ----------------------------
INSERT INTO `sys_menu` VALUES (1, '系统管理', 0, 1, 'system', NULL, '', '', 1, 0, 'M', '0', '0', '', 'system', 'admin', '2024-10-06 10:58:19', '', NULL, '系统管理目录');
INSERT INTO `sys_menu` VALUES (2, '系统监控', 0, 2, 'monitor', NULL, '', '', 1, 0, 'M', '0', '0', '', 'monitor', 'admin', '2024-10-06 10:58:19', '', NULL, '系统监控目录');
INSERT INTO `sys_menu` VALUES (3, '系统工具', 0, 3, 'tool', NULL, '', '', 1, 0, 'M', '0', '0', '', 'tool', 'admin', '2024-10-06 10:58:19', '', NULL, '系统工具目录');
INSERT INTO `sys_menu` VALUES (4, '若依官网', 0, 4, 'http://ruoyi.vip', NULL, '', '', 0, 0, 'M', '1', '0', '', 'guide', 'admin', '2024-10-06 10:58:19', 'admin', '2024-10-16 11:19:27', '若依官网地址');
INSERT INTO `sys_menu` VALUES (100, '用户管理', 1, 1, 'user', 'system/user/index', '', '', 1, 0, 'C', '0', '0', 'system:user:list', 'user', 'admin', '2024-10-06 10:58:19', '', NULL, '用户管理菜单');
INSERT INTO `sys_menu` VALUES (101, '角色管理', 1, 2, 'role', 'system/role/index', '', '', 1, 0, 'C', '0', '0', 'system:role:list', 'peoples', 'admin', '2024-10-06 10:58:19', '', NULL, '角色管理菜单');
INSERT INTO `sys_menu` VALUES (102, '菜单管理', 1, 3, 'menu', 'system/menu/index', '', '', 1, 0, 'C', '0', '0', 'system:menu:list', 'tree-table', 'admin', '2024-10-06 10:58:19', '', NULL, '菜单管理菜单');
INSERT INTO `sys_menu` VALUES (103, '部门管理', 1, 4, 'dept', 'system/dept/index', '', '', 1, 0, 'C', '0', '0', 'system:dept:list', 'tree', 'admin', '2024-10-06 10:58:19', '', NULL, '部门管理菜单');
INSERT INTO `sys_menu` VALUES (104, '岗位管理', 1, 5, 'post', 'system/post/index', '', '', 1, 0, 'C', '0', '0', 'system:post:list', 'post', 'admin', '2024-10-06 10:58:19', '', NULL, '岗位管理菜单');
INSERT INTO `sys_menu` VALUES (105, '字典管理', 1, 6, 'dict', 'system/dict/index', '', '', 1, 0, 'C', '0', '0', 'system:dict:list', 'dict', 'admin', '2024-10-06 10:58:19', '', NULL, '字典管理菜单');
INSERT INTO `sys_menu` VALUES (106, '参数设置', 1, 7, 'config', 'system/config/index', '', '', 1, 0, 'C', '0', '0', 'system:config:list', 'edit', 'admin', '2024-10-06 10:58:19', '', NULL, '参数设置菜单');
INSERT INTO `sys_menu` VALUES (107, '通知公告', 1, 8, 'notice', 'system/notice/index', '', '', 1, 0, 'C', '0', '0', 'system:notice:list', 'message', 'admin', '2024-10-06 10:58:19', '', NULL, '通知公告菜单');
INSERT INTO `sys_menu` VALUES (108, '日志管理', 1, 9, 'log', '', '', '', 1, 0, 'M', '0', '0', '', 'log', 'admin', '2024-10-06 10:58:19', '', NULL, '日志管理菜单');
INSERT INTO `sys_menu` VALUES (109, '在线用户', 2, 1, 'online', 'monitor/online/index', '', '', 1, 0, 'C', '0', '0', 'monitor:online:list', 'online', 'admin', '2024-10-06 10:58:19', '', NULL, '在线用户菜单');
INSERT INTO `sys_menu` VALUES (110, '定时任务', 2, 2, 'job', 'monitor/job/index', '', '', 1, 0, 'C', '0', '0', 'monitor:job:list', 'job', 'admin', '2024-10-06 10:58:19', '', NULL, '定时任务菜单');
INSERT INTO `sys_menu` VALUES (111, '数据监控', 2, 3, 'druid', 'monitor/druid/index', '', '', 1, 0, 'C', '0', '0', 'monitor:druid:list', 'druid', 'admin', '2024-10-06 10:58:19', '', NULL, '数据监控菜单');
INSERT INTO `sys_menu` VALUES (112, '服务监控', 2, 4, 'server', 'monitor/server/index', '', '', 1, 0, 'C', '0', '0', 'monitor:server:list', 'server', 'admin', '2024-10-06 10:58:19', '', NULL, '服务监控菜单');
INSERT INTO `sys_menu` VALUES (113, '缓存监控', 2, 5, 'cache', 'monitor/cache/index', '', '', 1, 0, 'C', '0', '0', 'monitor:cache:list', 'redis', 'admin', '2024-10-06 10:58:19', '', NULL, '缓存监控菜单');
INSERT INTO `sys_menu` VALUES (114, '缓存列表', 2, 6, 'cacheList', 'monitor/cache/list', '', '', 1, 0, 'C', '0', '0', 'monitor:cache:list', 'redis-list', 'admin', '2024-10-06 10:58:19', '', NULL, '缓存列表菜单');
INSERT INTO `sys_menu` VALUES (115, '表单构建', 3, 1, 'build', 'tool/build/index', '', '', 1, 0, 'C', '0', '0', 'tool:build:list', 'build', 'admin', '2024-10-06 10:58:19', '', NULL, '表单构建菜单');
INSERT INTO `sys_menu` VALUES (116, '代码生成', 3, 2, 'gen', 'tool/gen/index', '', '', 1, 0, 'C', '0', '0', 'tool:gen:list', 'code', 'admin', '2024-10-06 10:58:19', '', NULL, '代码生成菜单');
INSERT INTO `sys_menu` VALUES (117, '系统接口', 3, 3, 'swagger', 'tool/swagger/index', '', '', 1, 0, 'C', '0', '0', 'tool:swagger:list', 'swagger', 'admin', '2024-10-06 10:58:19', '', NULL, '系统接口菜单');
INSERT INTO `sys_menu` VALUES (500, '操作日志', 108, 1, 'operlog', 'monitor/operlog/index', '', '', 1, 0, 'C', '0', '0', 'monitor:operlog:list', 'form', 'admin', '2024-10-06 10:58:19', '', NULL, '操作日志菜单');
INSERT INTO `sys_menu` VALUES (501, '登录日志', 108, 2, 'logininfor', 'monitor/logininfor/index', '', '', 1, 0, 'C', '0', '0', 'monitor:logininfor:list', 'logininfor', 'admin', '2024-10-06 10:58:19', '', NULL, '登录日志菜单');
INSERT INTO `sys_menu` VALUES (1000, '用户查询', 100, 1, '', '', '', '', 1, 0, 'F', '0', '0', 'system:user:query', '#', 'admin', '2024-10-06 10:58:19', '', NULL, '');
INSERT INTO `sys_menu` VALUES (1001, '用户新增', 100, 2, '', '', '', '', 1, 0, 'F', '0', '0', 'system:user:add', '#', 'admin', '2024-10-06 10:58:19', '', NULL, '');
INSERT INTO `sys_menu` VALUES (1002, '用户修改', 100, 3, '', '', '', '', 1, 0, 'F', '0', '0', 'system:user:edit', '#', 'admin', '2024-10-06 10:58:19', '', NULL, '');
INSERT INTO `sys_menu` VALUES (1003, '用户删除', 100, 4, '', '', '', '', 1, 0, 'F', '0', '0', 'system:user:remove', '#', 'admin', '2024-10-06 10:58:19', '', NULL, '');
INSERT INTO `sys_menu` VALUES (1004, '用户导出', 100, 5, '', '', '', '', 1, 0, 'F', '0', '0', 'system:user:export', '#', 'admin', '2024-10-06 10:58:19', '', NULL, '');
INSERT INTO `sys_menu` VALUES (1005, '用户导入', 100, 6, '', '', '', '', 1, 0, 'F', '0', '0', 'system:user:import', '#', 'admin', '2024-10-06 10:58:19', '', NULL, '');
INSERT INTO `sys_menu` VALUES (1006, '重置密码', 100, 7, '', '', '', '', 1, 0, 'F', '0', '0', 'system:user:resetPwd', '#', 'admin', '2024-10-06 10:58:19', '', NULL, '');
INSERT INTO `sys_menu` VALUES (1007, '角色查询', 101, 1, '', '', '', '', 1, 0, 'F', '0', '0', 'system:role:query', '#', 'admin', '2024-10-06 10:58:19', '', NULL, '');
INSERT INTO `sys_menu` VALUES (1008, '角色新增', 101, 2, '', '', '', '', 1, 0, 'F', '0', '0', 'system:role:add', '#', 'admin', '2024-10-06 10:58:19', '', NULL, '');
INSERT INTO `sys_menu` VALUES (1009, '角色修改', 101, 3, '', '', '', '', 1, 0, 'F', '0', '0', 'system:role:edit', '#', 'admin', '2024-10-06 10:58:19', '', NULL, '');
INSERT INTO `sys_menu` VALUES (1010, '角色删除', 101, 4, '', '', '', '', 1, 0, 'F', '0', '0', 'system:role:remove', '#', 'admin', '2024-10-06 10:58:19', '', NULL, '');
INSERT INTO `sys_menu` VALUES (1011, '角色导出', 101, 5, '', '', '', '', 1, 0, 'F', '0', '0', 'system:role:export', '#', 'admin', '2024-10-06 10:58:19', '', NULL, '');
INSERT INTO `sys_menu` VALUES (1012, '菜单查询', 102, 1, '', '', '', '', 1, 0, 'F', '0', '0', 'system:menu:query', '#', 'admin', '2024-10-06 10:58:19', '', NULL, '');
INSERT INTO `sys_menu` VALUES (1013, '菜单新增', 102, 2, '', '', '', '', 1, 0, 'F', '0', '0', 'system:menu:add', '#', 'admin', '2024-10-06 10:58:19', '', NULL, '');
INSERT INTO `sys_menu` VALUES (1014, '菜单修改', 102, 3, '', '', '', '', 1, 0, 'F', '0', '0', 'system:menu:edit', '#', 'admin', '2024-10-06 10:58:19', '', NULL, '');
INSERT INTO `sys_menu` VALUES (1015, '菜单删除', 102, 4, '', '', '', '', 1, 0, 'F', '0', '0', 'system:menu:remove', '#', 'admin', '2024-10-06 10:58:19', '', NULL, '');
INSERT INTO `sys_menu` VALUES (1016, '部门查询', 103, 1, '', '', '', '', 1, 0, 'F', '0', '0', 'system:dept:query', '#', 'admin', '2024-10-06 10:58:19', '', NULL, '');
INSERT INTO `sys_menu` VALUES (1017, '部门新增', 103, 2, '', '', '', '', 1, 0, 'F', '0', '0', 'system:dept:add', '#', 'admin', '2024-10-06 10:58:19', '', NULL, '');
INSERT INTO `sys_menu` VALUES (1018, '部门修改', 103, 3, '', '', '', '', 1, 0, 'F', '0', '0', 'system:dept:edit', '#', 'admin', '2024-10-06 10:58:19', '', NULL, '');
INSERT INTO `sys_menu` VALUES (1019, '部门删除', 103, 4, '', '', '', '', 1, 0, 'F', '0', '0', 'system:dept:remove', '#', 'admin', '2024-10-06 10:58:19', '', NULL, '');
INSERT INTO `sys_menu` VALUES (1020, '岗位查询', 104, 1, '', '', '', '', 1, 0, 'F', '0', '0', 'system:post:query', '#', 'admin', '2024-10-06 10:58:19', '', NULL, '');
INSERT INTO `sys_menu` VALUES (1021, '岗位新增', 104, 2, '', '', '', '', 1, 0, 'F', '0', '0', 'system:post:add', '#', 'admin', '2024-10-06 10:58:19', '', NULL, '');
INSERT INTO `sys_menu` VALUES (1022, '岗位修改', 104, 3, '', '', '', '', 1, 0, 'F', '0', '0', 'system:post:edit', '#', 'admin', '2024-10-06 10:58:19', '', NULL, '');
INSERT INTO `sys_menu` VALUES (1023, '岗位删除', 104, 4, '', '', '', '', 1, 0, 'F', '0', '0', 'system:post:remove', '#', 'admin', '2024-10-06 10:58:19', '', NULL, '');
INSERT INTO `sys_menu` VALUES (1024, '岗位导出', 104, 5, '', '', '', '', 1, 0, 'F', '0', '0', 'system:post:export', '#', 'admin', '2024-10-06 10:58:19', '', NULL, '');
INSERT INTO `sys_menu` VALUES (1025, '字典查询', 105, 1, '#', '', '', '', 1, 0, 'F', '0', '0', 'system:dict:query', '#', 'admin', '2024-10-06 10:58:19', '', NULL, '');
INSERT INTO `sys_menu` VALUES (1026, '字典新增', 105, 2, '#', '', '', '', 1, 0, 'F', '0', '0', 'system:dict:add', '#', 'admin', '2024-10-06 10:58:19', '', NULL, '');
INSERT INTO `sys_menu` VALUES (1027, '字典修改', 105, 3, '#', '', '', '', 1, 0, 'F', '0', '0', 'system:dict:edit', '#', 'admin', '2024-10-06 10:58:19', '', NULL, '');
INSERT INTO `sys_menu` VALUES (1028, '字典删除', 105, 4, '#', '', '', '', 1, 0, 'F', '0', '0', 'system:dict:remove', '#', 'admin', '2024-10-06 10:58:19', '', NULL, '');
INSERT INTO `sys_menu` VALUES (1029, '字典导出', 105, 5, '#', '', '', '', 1, 0, 'F', '0', '0', 'system:dict:export', '#', 'admin', '2024-10-06 10:58:19', '', NULL, '');
INSERT INTO `sys_menu` VALUES (1030, '参数查询', 106, 1, '#', '', '', '', 1, 0, 'F', '0', '0', 'system:config:query', '#', 'admin', '2024-10-06 10:58:19', '', NULL, '');
INSERT INTO `sys_menu` VALUES (1031, '参数新增', 106, 2, '#', '', '', '', 1, 0, 'F', '0', '0', 'system:config:add', '#', 'admin', '2024-10-06 10:58:19', '', NULL, '');
INSERT INTO `sys_menu` VALUES (1032, '参数修改', 106, 3, '#', '', '', '', 1, 0, 'F', '0', '0', 'system:config:edit', '#', 'admin', '2024-10-06 10:58:19', '', NULL, '');
INSERT INTO `sys_menu` VALUES (1033, '参数删除', 106, 4, '#', '', '', '', 1, 0, 'F', '0', '0', 'system:config:remove', '#', 'admin', '2024-10-06 10:58:19', '', NULL, '');
INSERT INTO `sys_menu` VALUES (1034, '参数导出', 106, 5, '#', '', '', '', 1, 0, 'F', '0', '0', 'system:config:export', '#', 'admin', '2024-10-06 10:58:19', '', NULL, '');
INSERT INTO `sys_menu` VALUES (1035, '公告查询', 107, 1, '#', '', '', '', 1, 0, 'F', '0', '0', 'system:notice:query', '#', 'admin', '2024-10-06 10:58:19', '', NULL, '');
INSERT INTO `sys_menu` VALUES (1036, '公告新增', 107, 2, '#', '', '', '', 1, 0, 'F', '0', '0', 'system:notice:add', '#', 'admin', '2024-10-06 10:58:20', '', NULL, '');
INSERT INTO `sys_menu` VALUES (1037, '公告修改', 107, 3, '#', '', '', '', 1, 0, 'F', '0', '0', 'system:notice:edit', '#', 'admin', '2024-10-06 10:58:20', '', NULL, '');
INSERT INTO `sys_menu` VALUES (1038, '公告删除', 107, 4, '#', '', '', '', 1, 0, 'F', '0', '0', 'system:notice:remove', '#', 'admin', '2024-10-06 10:58:20', '', NULL, '');
INSERT INTO `sys_menu` VALUES (1039, '操作查询', 500, 1, '#', '', '', '', 1, 0, 'F', '0', '0', 'monitor:operlog:query', '#', 'admin', '2024-10-06 10:58:20', '', NULL, '');
INSERT INTO `sys_menu` VALUES (1040, '操作删除', 500, 2, '#', '', '', '', 1, 0, 'F', '0', '0', 'monitor:operlog:remove', '#', 'admin', '2024-10-06 10:58:20', '', NULL, '');
INSERT INTO `sys_menu` VALUES (1041, '日志导出', 500, 3, '#', '', '', '', 1, 0, 'F', '0', '0', 'monitor:operlog:export', '#', 'admin', '2024-10-06 10:58:20', '', NULL, '');
INSERT INTO `sys_menu` VALUES (1042, '登录查询', 501, 1, '#', '', '', '', 1, 0, 'F', '0', '0', 'monitor:logininfor:query', '#', 'admin', '2024-10-06 10:58:20', '', NULL, '');
INSERT INTO `sys_menu` VALUES (1043, '登录删除', 501, 2, '#', '', '', '', 1, 0, 'F', '0', '0', 'monitor:logininfor:remove', '#', 'admin', '2024-10-06 10:58:20', '', NULL, '');
INSERT INTO `sys_menu` VALUES (1044, '日志导出', 501, 3, '#', '', '', '', 1, 0, 'F', '0', '0', 'monitor:logininfor:export', '#', 'admin', '2024-10-06 10:58:20', '', NULL, '');
INSERT INTO `sys_menu` VALUES (1045, '账户解锁', 501, 4, '#', '', '', '', 1, 0, 'F', '0', '0', 'monitor:logininfor:unlock', '#', 'admin', '2024-10-06 10:58:20', '', NULL, '');
INSERT INTO `sys_menu` VALUES (1046, '在线查询', 109, 1, '#', '', '', '', 1, 0, 'F', '0', '0', 'monitor:online:query', '#', 'admin', '2024-10-06 10:58:20', '', NULL, '');
INSERT INTO `sys_menu` VALUES (1047, '批量强退', 109, 2, '#', '', '', '', 1, 0, 'F', '0', '0', 'monitor:online:batchLogout', '#', 'admin', '2024-10-06 10:58:20', '', NULL, '');
INSERT INTO `sys_menu` VALUES (1048, '单条强退', 109, 3, '#', '', '', '', 1, 0, 'F', '0', '0', 'monitor:online:forceLogout', '#', 'admin', '2024-10-06 10:58:20', '', NULL, '');
INSERT INTO `sys_menu` VALUES (1049, '任务查询', 110, 1, '#', '', '', '', 1, 0, 'F', '0', '0', 'monitor:job:query', '#', 'admin', '2024-10-06 10:58:20', '', NULL, '');
INSERT INTO `sys_menu` VALUES (1050, '任务新增', 110, 2, '#', '', '', '', 1, 0, 'F', '0', '0', 'monitor:job:add', '#', 'admin', '2024-10-06 10:58:20', '', NULL, '');
INSERT INTO `sys_menu` VALUES (1051, '任务修改', 110, 3, '#', '', '', '', 1, 0, 'F', '0', '0', 'monitor:job:edit', '#', 'admin', '2024-10-06 10:58:20', '', NULL, '');
INSERT INTO `sys_menu` VALUES (1052, '任务删除', 110, 4, '#', '', '', '', 1, 0, 'F', '0', '0', 'monitor:job:remove', '#', 'admin', '2024-10-06 10:58:20', '', NULL, '');
INSERT INTO `sys_menu` VALUES (1053, '状态修改', 110, 5, '#', '', '', '', 1, 0, 'F', '0', '0', 'monitor:job:changeStatus', '#', 'admin', '2024-10-06 10:58:20', '', NULL, '');
INSERT INTO `sys_menu` VALUES (1054, '任务导出', 110, 6, '#', '', '', '', 1, 0, 'F', '0', '0', 'monitor:job:export', '#', 'admin', '2024-10-06 10:58:20', '', NULL, '');
INSERT INTO `sys_menu` VALUES (1055, '生成查询', 116, 1, '#', '', '', '', 1, 0, 'F', '0', '0', 'tool:gen:query', '#', 'admin', '2024-10-06 10:58:20', '', NULL, '');
INSERT INTO `sys_menu` VALUES (1056, '生成修改', 116, 2, '#', '', '', '', 1, 0, 'F', '0', '0', 'tool:gen:edit', '#', 'admin', '2024-10-06 10:58:20', '', NULL, '');
INSERT INTO `sys_menu` VALUES (1057, '生成删除', 116, 3, '#', '', '', '', 1, 0, 'F', '0', '0', 'tool:gen:remove', '#', 'admin', '2024-10-06 10:58:20', '', NULL, '');
INSERT INTO `sys_menu` VALUES (1058, '导入代码', 116, 4, '#', '', '', '', 1, 0, 'F', '0', '0', 'tool:gen:import', '#', 'admin', '2024-10-06 10:58:20', '', NULL, '');
INSERT INTO `sys_menu` VALUES (1059, '预览代码', 116, 5, '#', '', '', '', 1, 0, 'F', '0', '0', 'tool:gen:preview', '#', 'admin', '2024-10-06 10:58:20', '', NULL, '');
INSERT INTO `sys_menu` VALUES (1060, '生成代码', 116, 6, '#', '', '', '', 1, 0, 'F', '0', '0', 'tool:gen:code', '#', 'admin', '2024-10-06 10:58:20', '', NULL, '');
INSERT INTO `sys_menu` VALUES (2000, '题库管理', 0, 1, 'question', NULL, NULL, '', 1, 0, 'M', '0', '0', '', 'form', 'admin', '2024-10-08 16:29:43', 'admin', '2024-10-13 11:59:47', '');
INSERT INTO `sys_menu` VALUES (2011, '题目列表', 2000, 1, 'index', 'quiz/question/index', NULL, '', 1, 0, 'C', '0', '0', 'quiz:question:list', 'list', 'admin', '2024-10-08 21:33:31', 'admin', '2024-10-13 12:00:02', '题目管理菜单');
INSERT INTO `sys_menu` VALUES (2012, '题目管理查询', 2011, 1, '#', '', NULL, '', 1, 0, 'F', '0', '0', 'quiz:question:query', '#', 'admin', '2024-10-08 21:31:41', '', NULL, '');
INSERT INTO `sys_menu` VALUES (2013, '题目管理新增', 2011, 2, '#', '', NULL, '', 1, 0, 'F', '0', '0', 'quiz:question:add', '#', 'admin', '2024-10-08 21:31:41', '', NULL, '');
INSERT INTO `sys_menu` VALUES (2014, '题目管理修改', 2011, 3, '#', '', NULL, '', 1, 0, 'F', '0', '0', 'quiz:question:edit', '#', 'admin', '2024-10-08 21:31:41', '', NULL, '');
INSERT INTO `sys_menu` VALUES (2015, '题目管理删除', 2011, 4, '#', '', NULL, '', 1, 0, 'F', '0', '0', 'quiz:question:remove', '#', 'admin', '2024-10-08 21:31:41', '', NULL, '');
INSERT INTO `sys_menu` VALUES (2016, '题目管理导出', 2011, 5, '#', '', NULL, '', 1, 0, 'F', '0', '0', 'quiz:question:export', '#', 'admin', '2024-10-08 21:31:41', '', NULL, '');
INSERT INTO `sys_menu` VALUES (2018, '试卷管理', 0, 1, 'paper', NULL, NULL, '', 1, 0, 'M', '0', '0', '', 'table', 'admin', '2024-10-09 09:14:09', 'admin', '2024-10-13 12:01:47', '');
INSERT INTO `sys_menu` VALUES (2019, '选择题编写', 2000, 2, 'single', 'quiz/question/single/index', '', '', 1, 0, 'C', '0', '0', 'quiz:single:add', 'edit', 'admin', '2024-10-09 09:23:32', 'admin', '2024-10-16 10:10:27', '');
INSERT INTO `sys_menu` VALUES (2020, '试卷列表', 2018, 1, 'index', 'quiz/paper/index', NULL, '', 1, 0, 'C', '0', '0', 'quiz:paper:list', 'list', 'admin', '2024-10-10 11:18:06', 'admin', '2024-10-13 12:01:03', '试卷菜单');
INSERT INTO `sys_menu` VALUES (2021, '试卷查询', 2020, 1, '#', '', NULL, '', 1, 0, 'F', '0', '0', 'quiz:paper:query', '#', 'admin', '2024-10-10 11:18:06', '', NULL, '');
INSERT INTO `sys_menu` VALUES (2022, '试卷新增', 2020, 2, '#', '', NULL, '', 1, 0, 'F', '0', '0', 'quiz:paper:add', '#', 'admin', '2024-10-10 11:18:06', '', NULL, '');
INSERT INTO `sys_menu` VALUES (2023, '试卷修改', 2020, 3, '#', '', NULL, '', 1, 0, 'F', '0', '0', 'quiz:paper:edit', '#', 'admin', '2024-10-10 11:18:06', '', NULL, '');
INSERT INTO `sys_menu` VALUES (2024, '试卷删除', 2020, 4, '#', '', NULL, '', 1, 0, 'F', '0', '0', 'quiz:paper:remove', '#', 'admin', '2024-10-10 11:18:06', '', NULL, '');
INSERT INTO `sys_menu` VALUES (2025, '试卷导出', 2020, 5, '#', '', NULL, '', 1, 0, 'F', '0', '0', 'quiz:paper:export', '#', 'admin', '2024-10-10 11:18:06', '', NULL, '');
INSERT INTO `sys_menu` VALUES (2032, '试卷编写', 2018, 1, 'edit', 'quiz/paper/edit', NULL, '', 1, 0, 'C', '0', '0', 'quiz:paper:edit', 'edit', 'admin', '2024-10-10 11:46:46', 'admin', '2024-10-13 12:01:11', '');
INSERT INTO `sys_menu` VALUES (2033, '试卷作答情况', 2018, 1, 'paperAnswer', 'quiz/paperAnswer/index', NULL, '', 1, 0, 'C', '0', '0', 'quiz:paperAnswer:list', 'time', 'admin', '2024-10-13 11:57:48', 'admin', '2024-10-13 11:59:11', '试卷作答情况菜单');
INSERT INTO `sys_menu` VALUES (2034, '试卷作答情况查询', 2033, 1, '#', '', NULL, '', 1, 0, 'F', '0', '0', 'quiz:paperAnswer:query', '#', 'admin', '2024-10-13 11:57:48', '', NULL, '');
INSERT INTO `sys_menu` VALUES (2035, '试卷作答情况新增', 2033, 2, '#', '', NULL, '', 1, 0, 'F', '0', '0', 'quiz:paperAnswer:add', '#', 'admin', '2024-10-13 11:57:48', '', NULL, '');
INSERT INTO `sys_menu` VALUES (2036, '试卷作答情况修改', 2033, 3, '#', '', NULL, '', 1, 0, 'F', '0', '0', 'quiz:paperAnswer:edit', '#', 'admin', '2024-10-13 11:57:48', '', NULL, '');
INSERT INTO `sys_menu` VALUES (2037, '试卷作答情况删除', 2033, 4, '#', '', NULL, '', 1, 0, 'F', '0', '0', 'quiz:paperAnswer:remove', '#', 'admin', '2024-10-13 11:57:48', '', NULL, '');
INSERT INTO `sys_menu` VALUES (2038, '试卷作答情况导出', 2033, 5, '#', '', NULL, '', 1, 0, 'F', '0', '0', 'quiz:paperAnswer:export', '#', 'admin', '2024-10-13 11:57:48', '', NULL, '');
INSERT INTO `sys_menu` VALUES (2039, '题目回答情况表', 2000, 1, 'questionAnswer', 'quiz/questionAnswer/index', NULL, '', 1, 0, 'C', '0', '0', 'quiz:questionAnswer:list', 'log', 'admin', '2024-10-13 20:31:38', 'admin', '2024-10-13 20:41:08', '题目回答情况表菜单');
INSERT INTO `sys_menu` VALUES (2040, '题目回答情况表查询', 2039, 1, '#', '', NULL, '', 1, 0, 'F', '0', '0', 'quiz:questionAnswer:query', '#', 'admin', '2024-10-13 20:31:38', '', NULL, '');
INSERT INTO `sys_menu` VALUES (2041, '题目回答情况表新增', 2039, 2, '#', '', NULL, '', 1, 0, 'F', '0', '0', 'quiz:questionAnswer:add', '#', 'admin', '2024-10-13 20:31:38', '', NULL, '');
INSERT INTO `sys_menu` VALUES (2042, '题目回答情况表修改', 2039, 3, '#', '', NULL, '', 1, 0, 'F', '0', '0', 'quiz:questionAnswer:edit', '#', 'admin', '2024-10-13 20:31:38', '', NULL, '');
INSERT INTO `sys_menu` VALUES (2043, '题目回答情况表删除', 2039, 4, '#', '', NULL, '', 1, 0, 'F', '0', '0', 'quiz:questionAnswer:remove', '#', 'admin', '2024-10-13 20:31:38', '', NULL, '');
INSERT INTO `sys_menu` VALUES (2044, '题目回答情况表导出', 2039, 5, '#', '', NULL, '', 1, 0, 'F', '0', '0', 'quiz:questionAnswer:export', '#', 'admin', '2024-10-13 20:31:38', '', NULL, '');
INSERT INTO `sys_menu` VALUES (2100, '科目管理', 2000, 4, 'subject', 'quiz/subject/index', NULL, '', 1, 0, 'C', '0', '0', 'quiz:subject:list', 'education', 'admin', '2025-11-18 10:00:00', 'admin', '2025-11-18 10:00:00', '科目管理菜单');
INSERT INTO `sys_menu` VALUES (2101, '科目管理查询', 2100, 1, '#', '', NULL, '', 1, 0, 'F', '0', '0', 'quiz:subject:query', '#', 'admin', '2025-11-18 10:00:00', '', NULL, '');
INSERT INTO `sys_menu` VALUES (2102, '科目管理新增', 2100, 2, '#', '', NULL, '', 1, 0, 'F', '0', '0', 'quiz:subject:add', '#', 'admin', '2025-11-18 10:00:00', '', NULL, '');
INSERT INTO `sys_menu` VALUES (2103, '科目管理修改', 2100, 3, '#', '', NULL, '', 1, 0, 'F', '0', '0', 'quiz:subject:edit', '#', 'admin', '2025-11-18 10:00:00', '', NULL, '');
INSERT INTO `sys_menu` VALUES (2104, '科目管理删除', 2100, 4, '#', '', NULL, '', 1, 0, 'F', '0', '0', 'quiz:subject:remove', '#', 'admin', '2025-11-18 10:00:00', '', NULL, '');
INSERT INTO `sys_menu` VALUES (2105, '科目管理导出', 2100, 5, '#', '', NULL, '', 1, 0, 'F', '0', '0', 'quiz:subject:export', '#', 'admin', '2025-11-18 10:00:00', '', NULL, '');
INSERT INTO `sys_menu` VALUES (2045, '用户管理', 0, 1, 'paperUser', NULL, NULL, '', 1, 0, 'M', '0', '0', '', 'clipboard', 'admin', '2024-10-18 00:25:54', 'admin', '2024-10-18 00:40:29', '');
INSERT INTO `sys_menu` VALUES (2046, '刷题用户', 2045, 1, 'index', 'quiz/user/index', NULL, '', 1, 0, 'C', '0', '0', 'quiz:user:list', 'checkbox', 'admin', '2024-10-18 00:38:00', 'admin', '2024-10-18 00:40:20', '刷题用户菜单');
INSERT INTO `sys_menu` VALUES (2047, '刷题用户查询', 2046, 1, '#', '', NULL, '', 1, 0, 'F', '0', '0', 'quiz:user:query', '#', 'admin', '2024-10-18 00:38:00', '', NULL, '');
INSERT INTO `sys_menu` VALUES (2048, '刷题用户新增', 2046, 2, '#', '', NULL, '', 1, 0, 'F', '0', '0', 'quiz:user:add', '#', 'admin', '2024-10-18 00:38:00', '', NULL, '');
INSERT INTO `sys_menu` VALUES (2049, '刷题用户修改', 2046, 3, '#', '', NULL, '', 1, 0, 'F', '0', '0', 'quiz:user:edit', '#', 'admin', '2024-10-18 00:38:00', '', NULL, '');
INSERT INTO `sys_menu` VALUES (2050, '刷题用户删除', 2046, 4, '#', '', NULL, '', 1, 0, 'F', '0', '0', 'quiz:user:remove', '#', 'admin', '2024-10-18 00:38:00', '', NULL, '');
INSERT INTO `sys_menu` VALUES (2051, '刷题用户导出', 2046, 5, '#', '', NULL, '', 1, 0, 'F', '0', '0', 'quiz:user:export', '#', 'admin', '2024-10-18 00:38:00', '', NULL, '');

-- ----------------------------
-- Table structure for sys_notice
-- ----------------------------
DROP TABLE IF EXISTS `sys_notice`;
CREATE TABLE `sys_notice`  (
  `notice_id` int(4) NOT NULL AUTO_INCREMENT COMMENT '公告ID',
  `notice_title` varchar(50) CHARACTER SET utf8mb4 COLLATE utf8mb4_general_ci NOT NULL COMMENT '公告标题',
  `notice_type` char(1) CHARACTER SET utf8mb4 COLLATE utf8mb4_general_ci NOT NULL COMMENT '公告类型（1通知 2公告）',
  `notice_content` longblob NULL COMMENT '公告内容',
  `status` char(1) CHARACTER SET utf8mb4 COLLATE utf8mb4_general_ci NULL DEFAULT '0' COMMENT '公告状态（0正常 1关闭）',
  `create_by` varchar(64) CHARACTER SET utf8mb4 COLLATE utf8mb4_general_ci NULL DEFAULT '' COMMENT '创建者',
  `create_time` datetime NULL DEFAULT NULL COMMENT '创建时间',
  `update_by` varchar(64) CHARACTER SET utf8mb4 COLLATE utf8mb4_general_ci NULL DEFAULT '' COMMENT '更新者',
  `update_time` datetime NULL DEFAULT NULL COMMENT '更新时间',
  `remark` varchar(255) CHARACTER SET utf8mb4 COLLATE utf8mb4_general_ci NULL DEFAULT NULL COMMENT '备注',
  PRIMARY KEY (`notice_id`) USING BTREE
) ENGINE = InnoDB AUTO_INCREMENT = 3 CHARACTER SET = utf8mb4 COLLATE = utf8mb4_general_ci COMMENT = '通知公告表' ROW_FORMAT = Dynamic;

-- ----------------------------
-- Records of sys_notice
-- ----------------------------
INSERT INTO `sys_notice` VALUES (1, '温馨提醒：2018-07-01 若依新版本发布啦', '2', 0xE696B0E78988E69CACE58685E5AEB9, '0', 'admin', '2024-10-06 10:58:21', '', NULL, '管理员');
INSERT INTO `sys_notice` VALUES (2, '维护通知：2018-07-01 若依系统凌晨维护', '1', 0xE7BBB4E68AA4E58685E5AEB9, '0', 'admin', '2024-10-06 10:58:21', '', NULL, '管理员');

-- ----------------------------
-- Table structure for sys_oper_log
-- ----------------------------
DROP TABLE IF EXISTS `sys_oper_log`;
CREATE TABLE `sys_oper_log`  (
  `oper_id` bigint(20) NOT NULL AUTO_INCREMENT COMMENT '日志主键',
  `title` varchar(50) CHARACTER SET utf8mb4 COLLATE utf8mb4_general_ci NULL DEFAULT '' COMMENT '模块标题',
  `business_type` int(2) NULL DEFAULT 0 COMMENT '业务类型（0其它 1新增 2修改 3删除）',
  `method` varchar(200) CHARACTER SET utf8mb4 COLLATE utf8mb4_general_ci NULL DEFAULT '' COMMENT '方法名称',
  `request_method` varchar(10) CHARACTER SET utf8mb4 COLLATE utf8mb4_general_ci NULL DEFAULT '' COMMENT '请求方式',
  `operator_type` int(1) NULL DEFAULT 0 COMMENT '操作类别（0其它 1后台用户 2手机端用户）',
  `oper_name` varchar(50) CHARACTER SET utf8mb4 COLLATE utf8mb4_general_ci NULL DEFAULT '' COMMENT '操作人员',
  `dept_name` varchar(50) CHARACTER SET utf8mb4 COLLATE utf8mb4_general_ci NULL DEFAULT '' COMMENT '部门名称',
  `oper_url` varchar(255) CHARACTER SET utf8mb4 COLLATE utf8mb4_general_ci NULL DEFAULT '' COMMENT '请求URL',
  `oper_ip` varchar(128) CHARACTER SET utf8mb4 COLLATE utf8mb4_general_ci NULL DEFAULT '' COMMENT '主机地址',
  `oper_location` varchar(255) CHARACTER SET utf8mb4 COLLATE utf8mb4_general_ci NULL DEFAULT '' COMMENT '操作地点',
  `oper_param` varchar(2000) CHARACTER SET utf8mb4 COLLATE utf8mb4_general_ci NULL DEFAULT '' COMMENT '请求参数',
  `json_result` varchar(2000) CHARACTER SET utf8mb4 COLLATE utf8mb4_general_ci NULL DEFAULT '' COMMENT '返回参数',
  `status` int(1) NULL DEFAULT 0 COMMENT '操作状态（0正常 1异常）',
  `error_msg` varchar(2000) CHARACTER SET utf8mb4 COLLATE utf8mb4_general_ci NULL DEFAULT '' COMMENT '错误消息',
  `oper_time` datetime NULL DEFAULT NULL COMMENT '操作时间',
  `cost_time` bigint(20) NULL DEFAULT 0 COMMENT '消耗时间',
  PRIMARY KEY (`oper_id`) USING BTREE,
  INDEX `idx_sys_oper_log_bt`(`business_type`) USING BTREE,
  INDEX `idx_sys_oper_log_s`(`status`) USING BTREE,
  INDEX `idx_sys_oper_log_ot`(`oper_time`) USING BTREE
) ENGINE = InnoDB AUTO_INCREMENT = 573 CHARACTER SET = utf8mb4 COLLATE = utf8mb4_general_ci COMMENT = '操作日志记录' ROW_FORMAT = Dynamic;

-- ----------------------------
-- Records of sys_oper_log
-- ----------------------------
INSERT INTO `sys_oper_log` VALUES (100, '菜单管理', 1, 'com.ruoyi.web.controller.system.SysMenuController.add()', 'POST', 1, 'admin', '研发部门', '/system/menu', '127.0.0.1', '内网IP', '{\"children\":[],\"createBy\":\"admin\",\"icon\":\"dict\",\"isCache\":\"0\",\"isFrame\":\"1\",\"menuName\":\"题库管理\",\"menuType\":\"M\",\"orderNum\":1,\"params\":{},\"parentId\":0,\"path\":\"paper\",\"status\":\"0\",\"visible\":\"0\"}', '{\"msg\":\"操作成功\",\"code\":200}', 0, NULL, '2024-10-08 16:29:43', 38);
INSERT INTO `sys_oper_log` VALUES (101, '菜单管理', 2, 'com.ruoyi.web.controller.system.SysMenuController.edit()', 'PUT', 1, 'admin', '研发部门', '/system/menu', '127.0.0.1', '内网IP', '{\"children\":[],\"createTime\":\"2024-10-08 16:29:43\",\"icon\":\"dict\",\"isCache\":\"0\",\"isFrame\":\"1\",\"menuId\":2000,\"menuName\":\"题库管理\",\"menuType\":\"M\",\"orderNum\":1,\"params\":{},\"parentId\":0,\"path\":\"questionBank\",\"perms\":\"\",\"routeName\":\"\",\"status\":\"0\",\"updateBy\":\"admin\",\"visible\":\"0\"}', '{\"msg\":\"操作成功\",\"code\":200}', 0, NULL, '2024-10-08 16:30:20', 12);
INSERT INTO `sys_oper_log` VALUES (102, '代码生成', 6, 'com.ruoyi.generator.controller.GenController.importTableSave()', 'POST', 1, 'admin', '研发部门', '/tool/gen/importTable', '127.0.0.1', '内网IP', '{\"tables\":\"daming_options,daming_paper_answers,daming_question_answers,daming_question,daming_paper_question,daming_paper,sys_config,sys_role_dept,sys_oper_log,sys_logininfor\"}', '{\"msg\":\"操作成功\",\"code\":200}', 0, NULL, '2024-10-08 18:22:36', 237);
INSERT INTO `sys_oper_log` VALUES (103, '代码生成', 8, 'com.ruoyi.generator.controller.GenController.batchGenCode()', 'GET', 1, 'admin', '研发部门', '/tool/gen/batchGenCode', '127.0.0.1', '内网IP', '{\"tables\":\"daming_paper\"}', NULL, 0, NULL, '2024-10-08 18:23:28', 170);
INSERT INTO `sys_oper_log` VALUES (104, '代码生成', 2, 'com.ruoyi.generator.controller.GenController.editSave()', 'PUT', 1, 'admin', '研发部门', '/tool/gen', '127.0.0.1', '内网IP', '{\"businessName\":\"paper\",\"className\":\"DamingPaper\",\"columns\":[{\"capJavaField\":\"PaperId\",\"columnComment\":\"试卷id\",\"columnId\":5,\"columnName\":\"paper_id\",\"columnType\":\"int(11)\",\"createBy\":\"admin\",\"createTime\":\"2024-10-08 18:22:36\",\"dictType\":\"\",\"edit\":false,\"htmlType\":\"input\",\"increment\":true,\"insert\":true,\"isIncrement\":\"1\",\"isInsert\":\"1\",\"isPk\":\"1\",\"isRequired\":\"0\",\"javaField\":\"paperId\",\"javaType\":\"Long\",\"list\":false,\"params\":{},\"pk\":true,\"query\":false,\"queryType\":\"EQ\",\"required\":false,\"sort\":1,\"superColumn\":false,\"tableId\":2,\"updateBy\":\"\",\"usableColumn\":false},{\"capJavaField\":\"PaperName\",\"columnComment\":\"试卷名\",\"columnId\":6,\"columnName\":\"paper_name\",\"columnType\":\"varchar(255)\",\"createBy\":\"admin\",\"createTime\":\"2024-10-08 18:22:36\",\"dictType\":\"\",\"edit\":true,\"htmlType\":\"input\",\"increment\":false,\"insert\":true,\"isEdit\":\"1\",\"isIncrement\":\"0\",\"isInsert\":\"1\",\"isList\":\"1\",\"isPk\":\"0\",\"isQuery\":\"1\",\"isRequired\":\"1\",\"javaField\":\"paperName\",\"javaType\":\"String\",\"list\":true,\"params\":{},\"pk\":false,\"query\":true,\"queryType\":\"LIKE\",\"required\":true,\"sort\":2,\"superColumn\":false,\"tableId\":2,\"updateBy\":\"\",\"usableColumn\":false},{\"capJavaField\":\"SubjectId\",\"columnComment\":\"试卷所属科目\",\"columnId\":7,\"columnName\":\"subject_id\",\"columnType\":\"int(11)\",\"createBy\":\"admin\",\"createTime\":\"2024-10-08 18:22:36\",\"dictType\":\"\",\"edit\":true,\"htmlType\":\"input\",\"increment\":false,\"insert\":true,\"isEdit\":\"1\",\"isIncrement\":\"0\",\"isInsert\":\"1\",\"isList\":\"1\",\"isPk\":\"0\",\"isQuery\":\"1\",\"isRequired\":\"1\",\"javaField\":\"subjectId\",\"javaType\":\"Long\",\"list\":true,\"params\":{},\"pk\":false,\"query\":true,\"queryType\":\"EQ\",\"required\":true,\"sort\":3,\"superColumn\":false,\"tableId\":2,\"updateBy\":\"\",\"usableColumn\":false},{\"capJavaField\":\"Score\",\"columnComment\":\"试卷总分\",\"columnId\":8,\"columnName\":\"score\",\"columnType\":\"int(11)\",\"createBy\":\"admin\",\"createTime\":\"2024-10-08 18:22:36\",\"dictType\":\"\",\"edit\":true,\"htmlType\":\"input\",\"increment\":false,\"insert\":true,\"isEdit\":\"1\",\"isIncrement\":\"0\",\"isInsert\":\"1\",\"isList\":\"1\",\"isPk\":\"0\",\"isQuery\":\"1\",\"isRequired\":\"1\",\"j', '{\"msg\":\"操作成功\",\"code\":200}', 0, NULL, '2024-10-08 20:18:31', 73);
INSERT INTO `sys_oper_log` VALUES (105, '代码生成', 8, 'com.ruoyi.generator.controller.GenController.batchGenCode()', 'GET', 1, 'admin', '研发部门', '/tool/gen/batchGenCode', '127.0.0.1', '内网IP', '{\"tables\":\"daming_options\"}', NULL, 0, NULL, '2024-10-08 20:18:41', 82);
INSERT INTO `sys_oper_log` VALUES (106, '代码生成', 2, 'com.ruoyi.generator.controller.GenController.editSave()', 'PUT', 1, 'admin', '研发部门', '/tool/gen', '127.0.0.1', '内网IP', '{\"businessName\":\"options\",\"className\":\"DamingOptions\",\"columns\":[{\"capJavaField\":\"OptionId\",\"columnComment\":\"选项id\",\"columnId\":1,\"columnName\":\"option_id\",\"columnType\":\"int(11)\",\"createBy\":\"admin\",\"createTime\":\"2024-10-08 18:22:36\",\"dictType\":\"\",\"edit\":false,\"htmlType\":\"input\",\"increment\":true,\"insert\":true,\"isIncrement\":\"1\",\"isInsert\":\"1\",\"isPk\":\"1\",\"isRequired\":\"0\",\"javaField\":\"optionId\",\"javaType\":\"Long\",\"list\":false,\"params\":{},\"pk\":true,\"query\":false,\"queryType\":\"EQ\",\"required\":false,\"sort\":1,\"superColumn\":false,\"tableId\":1,\"updateBy\":\"\",\"usableColumn\":false},{\"capJavaField\":\"QuestionId\",\"columnComment\":\"题目id\",\"columnId\":2,\"columnName\":\"question_id\",\"columnType\":\"int(11)\",\"createBy\":\"admin\",\"createTime\":\"2024-10-08 18:22:36\",\"dictType\":\"\",\"edit\":true,\"htmlType\":\"input\",\"increment\":false,\"insert\":true,\"isEdit\":\"1\",\"isIncrement\":\"0\",\"isInsert\":\"1\",\"isList\":\"1\",\"isPk\":\"0\",\"isQuery\":\"1\",\"isRequired\":\"1\",\"javaField\":\"questionId\",\"javaType\":\"Long\",\"list\":true,\"params\":{},\"pk\":false,\"query\":true,\"queryType\":\"EQ\",\"required\":true,\"sort\":2,\"superColumn\":false,\"tableId\":1,\"updateBy\":\"\",\"usableColumn\":false},{\"capJavaField\":\"OptionText\",\"columnComment\":\"选项内容\",\"columnId\":3,\"columnName\":\"option_text\",\"columnType\":\"varchar(255)\",\"createBy\":\"admin\",\"createTime\":\"2024-10-08 18:22:36\",\"dictType\":\"\",\"edit\":true,\"htmlType\":\"input\",\"increment\":false,\"insert\":true,\"isEdit\":\"1\",\"isIncrement\":\"0\",\"isInsert\":\"1\",\"isList\":\"1\",\"isPk\":\"0\",\"isQuery\":\"1\",\"isRequired\":\"1\",\"javaField\":\"optionText\",\"javaType\":\"String\",\"list\":true,\"params\":{},\"pk\":false,\"query\":true,\"queryType\":\"EQ\",\"required\":true,\"sort\":3,\"superColumn\":false,\"tableId\":1,\"updateBy\":\"\",\"usableColumn\":false},{\"capJavaField\":\"IsCorrect\",\"columnComment\":\"是否为正确答案\",\"columnId\":4,\"columnName\":\"is_correct\",\"columnType\":\"tinyint(4)\",\"createBy\":\"admin\",\"createTime\":\"2024-10-08 18:22:36\",\"dictType\":\"\",\"edit\":true,\"htmlType\":\"input\",\"increment\":false,\"insert\":true,\"isEdit\":\"1\",\"isIncrement\":\"0\",\"isInsert\":\"1\",\"isList\":\"1\",\"isPk\":\"0\",\"isQuery', '{\"msg\":\"操作成功\",\"code\":200}', 0, NULL, '2024-10-08 20:20:47', 16);
INSERT INTO `sys_oper_log` VALUES (107, '代码生成', 2, 'com.ruoyi.generator.controller.GenController.editSave()', 'PUT', 1, 'admin', '研发部门', '/tool/gen', '127.0.0.1', '内网IP', '{\"businessName\":\"answers\",\"className\":\"DamingPaperAnswers\",\"columns\":[{\"capJavaField\":\"PaperAnswerId\",\"columnComment\":\"试卷答题记录id\",\"columnId\":13,\"columnName\":\"paper_answer_id\",\"columnType\":\"int(11)\",\"createBy\":\"admin\",\"createTime\":\"2024-10-08 18:22:36\",\"dictType\":\"\",\"edit\":false,\"htmlType\":\"input\",\"increment\":true,\"insert\":true,\"isIncrement\":\"1\",\"isInsert\":\"1\",\"isPk\":\"1\",\"isRequired\":\"0\",\"javaField\":\"paperAnswerId\",\"javaType\":\"Long\",\"list\":false,\"params\":{},\"pk\":true,\"query\":false,\"queryType\":\"EQ\",\"required\":false,\"sort\":1,\"superColumn\":false,\"tableId\":3,\"updateBy\":\"\",\"usableColumn\":false},{\"capJavaField\":\"PaperName\",\"columnComment\":\"试卷名称\",\"columnId\":14,\"columnName\":\"paper_name\",\"columnType\":\"varchar(255)\",\"createBy\":\"admin\",\"createTime\":\"2024-10-08 18:22:36\",\"dictType\":\"\",\"edit\":true,\"htmlType\":\"input\",\"increment\":false,\"insert\":true,\"isEdit\":\"1\",\"isIncrement\":\"0\",\"isInsert\":\"1\",\"isList\":\"1\",\"isPk\":\"0\",\"isQuery\":\"1\",\"isRequired\":\"1\",\"javaField\":\"paperName\",\"javaType\":\"String\",\"list\":true,\"params\":{},\"pk\":false,\"query\":true,\"queryType\":\"LIKE\",\"required\":true,\"sort\":2,\"superColumn\":false,\"tableId\":3,\"updateBy\":\"\",\"usableColumn\":false},{\"capJavaField\":\"PaperId\",\"columnComment\":\"试卷id\",\"columnId\":15,\"columnName\":\"paper_id\",\"columnType\":\"int(11)\",\"createBy\":\"admin\",\"createTime\":\"2024-10-08 18:22:36\",\"dictType\":\"\",\"edit\":true,\"htmlType\":\"input\",\"increment\":false,\"insert\":true,\"isEdit\":\"1\",\"isIncrement\":\"0\",\"isInsert\":\"1\",\"isList\":\"1\",\"isPk\":\"0\",\"isQuery\":\"1\",\"isRequired\":\"1\",\"javaField\":\"paperId\",\"javaType\":\"Long\",\"list\":true,\"params\":{},\"pk\":false,\"query\":true,\"queryType\":\"EQ\",\"required\":true,\"sort\":3,\"superColumn\":false,\"tableId\":3,\"updateBy\":\"\",\"usableColumn\":false},{\"capJavaField\":\"UserId\",\"columnComment\":\"答题人\",\"columnId\":16,\"columnName\":\"user_id\",\"columnType\":\"int(11)\",\"createBy\":\"admin\",\"createTime\":\"2024-10-08 18:22:36\",\"dictType\":\"\",\"edit\":true,\"htmlType\":\"input\",\"increment\":false,\"insert\":true,\"isEdit\":\"1\",\"isIncrement\":\"0\",\"isInsert\":\"1\",\"isList\":\"1\",\"isPk\":\"0\",\"i', '{\"msg\":\"操作成功\",\"code\":200}', 0, NULL, '2024-10-08 20:22:07', 27);
INSERT INTO `sys_oper_log` VALUES (108, '代码生成', 2, 'com.ruoyi.generator.controller.GenController.editSave()', 'PUT', 1, 'admin', '研发部门', '/tool/gen', '127.0.0.1', '内网IP', '{\"businessName\":\"question\",\"className\":\"DamingPaperQuestion\",\"columns\":[{\"capJavaField\":\"PaperId\",\"columnComment\":\"试卷id\",\"columnId\":23,\"columnName\":\"paper_id\",\"columnType\":\"int(11)\",\"createBy\":\"admin\",\"createTime\":\"2024-10-08 18:22:36\",\"dictType\":\"\",\"edit\":false,\"htmlType\":\"input\",\"increment\":false,\"insert\":true,\"isIncrement\":\"0\",\"isInsert\":\"1\",\"isPk\":\"1\",\"isRequired\":\"1\",\"javaField\":\"paperId\",\"javaType\":\"Long\",\"list\":false,\"params\":{},\"pk\":true,\"query\":false,\"queryType\":\"EQ\",\"required\":true,\"sort\":1,\"superColumn\":false,\"tableId\":4,\"updateBy\":\"\",\"usableColumn\":false},{\"capJavaField\":\"QuestionId\",\"columnComment\":\"题目id\",\"columnId\":24,\"columnName\":\"question_id\",\"columnType\":\"int(11)\",\"createBy\":\"admin\",\"createTime\":\"2024-10-08 18:22:36\",\"dictType\":\"\",\"edit\":false,\"htmlType\":\"input\",\"increment\":false,\"insert\":true,\"isIncrement\":\"0\",\"isInsert\":\"1\",\"isPk\":\"1\",\"isRequired\":\"1\",\"javaField\":\"questionId\",\"javaType\":\"Long\",\"list\":false,\"params\":{},\"pk\":true,\"query\":false,\"queryType\":\"EQ\",\"required\":true,\"sort\":2,\"superColumn\":false,\"tableId\":4,\"updateBy\":\"\",\"usableColumn\":false}],\"crud\":true,\"functionAuthor\":\"zww\",\"functionName\":\"试卷题目关系表\",\"genPath\":\"/\",\"genType\":\"0\",\"moduleName\":\"quiz\",\"options\":\"{\\\"parentMenuId\\\":2000}\",\"packageName\":\"com.dm.quiz\",\"params\":{\"parentMenuId\":2000},\"parentMenuId\":2000,\"remark\":\"试卷题目关系表\",\"sub\":false,\"tableComment\":\"试卷题目关系表\",\"tableId\":4,\"tableName\":\"daming_paper_question\",\"tplCategory\":\"crud\",\"tplWebType\":\"element-ui\",\"tree\":false}', '{\"msg\":\"操作成功\",\"code\":200}', 0, NULL, '2024-10-08 20:25:09', 9);
INSERT INTO `sys_oper_log` VALUES (109, '菜单管理', 1, 'com.ruoyi.web.controller.system.SysMenuController.add()', 'POST', 1, 'admin', '研发部门', '/system/menu', '127.0.0.1', '内网IP', '{\"children\":[],\"component\":\"quiz/options/index\",\"createBy\":\"admin\",\"icon\":\"row\",\"isCache\":\"0\",\"isFrame\":\"1\",\"menuName\":\"选项管理\",\"menuType\":\"C\",\"orderNum\":1,\"params\":{},\"parentId\":2000,\"path\":\"options\",\"perms\":\"quiz:options:list\",\"status\":\"0\",\"visible\":\"0\"}', '{\"msg\":\"操作成功\",\"code\":200}', 0, NULL, '2024-10-08 20:30:37', 98);
INSERT INTO `sys_oper_log` VALUES (110, '菜单管理', 2, 'com.ruoyi.web.controller.system.SysMenuController.edit()', 'PUT', 1, 'admin', '研发部门', '/system/menu', '127.0.0.1', '内网IP', '{\"children\":[],\"component\":\"quiz/options/index\",\"createTime\":\"2024-10-08 20:30:37\",\"icon\":\"chart\",\"isCache\":\"0\",\"isFrame\":\"1\",\"menuId\":2001,\"menuName\":\"选项管理\",\"menuType\":\"C\",\"orderNum\":1,\"params\":{},\"parentId\":2000,\"path\":\"options\",\"perms\":\"quiz:options:list\",\"routeName\":\"\",\"status\":\"0\",\"updateBy\":\"admin\",\"visible\":\"0\"}', '{\"msg\":\"操作成功\",\"code\":200}', 0, NULL, '2024-10-08 20:30:47', 41);
INSERT INTO `sys_oper_log` VALUES (111, '代码生成', 2, 'com.ruoyi.generator.controller.GenController.editSave()', 'PUT', 1, 'admin', '研发部门', '/tool/gen', '127.0.0.1', '内网IP', '{\"businessName\":\"options\",\"className\":\"DamingOptions\",\"columns\":[{\"capJavaField\":\"OptionId\",\"columnComment\":\"选项id\",\"columnId\":1,\"columnName\":\"option_id\",\"columnType\":\"int(11)\",\"createBy\":\"admin\",\"createTime\":\"2024-10-08 18:22:36\",\"dictType\":\"\",\"edit\":false,\"htmlType\":\"input\",\"increment\":true,\"insert\":true,\"isIncrement\":\"1\",\"isInsert\":\"1\",\"isPk\":\"1\",\"isRequired\":\"0\",\"javaField\":\"optionId\",\"javaType\":\"Long\",\"list\":false,\"params\":{},\"pk\":true,\"query\":false,\"queryType\":\"EQ\",\"required\":false,\"sort\":1,\"superColumn\":false,\"tableId\":1,\"updateBy\":\"\",\"updateTime\":\"2024-10-08 20:20:47\",\"usableColumn\":false},{\"capJavaField\":\"QuestionId\",\"columnComment\":\"\",\"columnId\":2,\"columnName\":\"question_id\",\"columnType\":\"int(11)\",\"createBy\":\"admin\",\"createTime\":\"2024-10-08 18:22:36\",\"dictType\":\"\",\"edit\":true,\"htmlType\":\"input\",\"increment\":false,\"insert\":true,\"isEdit\":\"1\",\"isIncrement\":\"0\",\"isInsert\":\"1\",\"isList\":\"1\",\"isPk\":\"0\",\"isQuery\":\"1\",\"isRequired\":\"1\",\"javaField\":\"questionId\",\"javaType\":\"Long\",\"list\":true,\"params\":{},\"pk\":false,\"query\":true,\"queryType\":\"EQ\",\"required\":true,\"sort\":2,\"superColumn\":false,\"tableId\":1,\"updateBy\":\"\",\"updateTime\":\"2024-10-08 20:20:47\",\"usableColumn\":false},{\"capJavaField\":\"OptionText\",\"columnComment\":\"选项内容\",\"columnId\":3,\"columnName\":\"option_text\",\"columnType\":\"varchar(255)\",\"createBy\":\"admin\",\"createTime\":\"2024-10-08 18:22:36\",\"dictType\":\"\",\"edit\":true,\"htmlType\":\"input\",\"increment\":false,\"insert\":true,\"isEdit\":\"1\",\"isIncrement\":\"0\",\"isInsert\":\"1\",\"isList\":\"1\",\"isPk\":\"0\",\"isQuery\":\"1\",\"isRequired\":\"1\",\"javaField\":\"optionText\",\"javaType\":\"String\",\"list\":true,\"params\":{},\"pk\":false,\"query\":true,\"queryType\":\"EQ\",\"required\":true,\"sort\":3,\"superColumn\":false,\"tableId\":1,\"updateBy\":\"\",\"updateTime\":\"2024-10-08 20:20:47\",\"usableColumn\":false},{\"capJavaField\":\"IsCorrect\",\"columnComment\":\"是否为正确答案\",\"columnId\":4,\"columnName\":\"is_correct\",\"columnType\":\"tinyint(4)\",\"createBy\":\"admin\",\"createTime\":\"2024-10-08 18:22:36\",\"dictType\":\"\",\"edit\":true,\"htmlType\":\"input\",\"incremen', '{\"msg\":\"操作成功\",\"code\":200}', 0, NULL, '2024-10-08 20:34:29', 76);
INSERT INTO `sys_oper_log` VALUES (112, '代码生成', 8, 'com.ruoyi.generator.controller.GenController.batchGenCode()', 'GET', 1, 'admin', '研发部门', '/tool/gen/batchGenCode', '127.0.0.1', '内网IP', '{\"tables\":\"daming_options\"}', NULL, 0, NULL, '2024-10-08 20:36:33', 84);
INSERT INTO `sys_oper_log` VALUES (113, '代码生成', 2, 'com.ruoyi.generator.controller.GenController.editSave()', 'PUT', 1, 'admin', '研发部门', '/tool/gen', '127.0.0.1', '内网IP', '{\"businessName\":\"options\",\"className\":\"DamingOptions\",\"columns\":[{\"capJavaField\":\"OptionId\",\"columnComment\":\"选项id\",\"columnId\":1,\"columnName\":\"option_id\",\"columnType\":\"int(11)\",\"createBy\":\"admin\",\"createTime\":\"2024-10-08 18:22:36\",\"dictType\":\"\",\"edit\":false,\"htmlType\":\"input\",\"increment\":true,\"insert\":true,\"isIncrement\":\"1\",\"isInsert\":\"1\",\"isPk\":\"1\",\"isRequired\":\"0\",\"javaField\":\"optionId\",\"javaType\":\"Long\",\"list\":false,\"params\":{},\"pk\":true,\"query\":false,\"queryType\":\"EQ\",\"required\":false,\"sort\":1,\"superColumn\":false,\"tableId\":1,\"updateBy\":\"\",\"updateTime\":\"2024-10-08 20:34:29\",\"usableColumn\":false},{\"capJavaField\":\"QuestionId\",\"columnComment\":\"题目id\",\"columnId\":2,\"columnName\":\"question_id\",\"columnType\":\"int(11)\",\"createBy\":\"admin\",\"createTime\":\"2024-10-08 18:22:36\",\"dictType\":\"\",\"edit\":true,\"htmlType\":\"input\",\"increment\":false,\"insert\":true,\"isEdit\":\"1\",\"isIncrement\":\"0\",\"isInsert\":\"1\",\"isList\":\"1\",\"isPk\":\"0\",\"isQuery\":\"1\",\"isRequired\":\"1\",\"javaField\":\"questionId\",\"javaType\":\"Long\",\"list\":true,\"params\":{},\"pk\":false,\"query\":true,\"queryType\":\"EQ\",\"required\":true,\"sort\":2,\"superColumn\":false,\"tableId\":1,\"updateBy\":\"\",\"updateTime\":\"2024-10-08 20:34:29\",\"usableColumn\":false},{\"capJavaField\":\"OptionText\",\"columnComment\":\"选项内容\",\"columnId\":3,\"columnName\":\"option_text\",\"columnType\":\"varchar(255)\",\"createBy\":\"admin\",\"createTime\":\"2024-10-08 18:22:36\",\"dictType\":\"\",\"edit\":true,\"htmlType\":\"input\",\"increment\":false,\"insert\":true,\"isEdit\":\"1\",\"isIncrement\":\"0\",\"isInsert\":\"1\",\"isList\":\"1\",\"isPk\":\"0\",\"isQuery\":\"1\",\"isRequired\":\"1\",\"javaField\":\"optionText\",\"javaType\":\"String\",\"list\":true,\"params\":{},\"pk\":false,\"query\":true,\"queryType\":\"EQ\",\"required\":true,\"sort\":3,\"superColumn\":false,\"tableId\":1,\"updateBy\":\"\",\"updateTime\":\"2024-10-08 20:34:29\",\"usableColumn\":false},{\"capJavaField\":\"IsCorrect\",\"columnComment\":\"是否为正确答案\",\"columnId\":4,\"columnName\":\"is_correct\",\"columnType\":\"tinyint(4)\",\"createBy\":\"admin\",\"createTime\":\"2024-10-08 18:22:36\",\"dictType\":\"\",\"edit\":true,\"htmlType\":\"input\",\"incr', '{\"msg\":\"操作成功\",\"code\":200}', 0, NULL, '2024-10-08 20:37:28', 20);
INSERT INTO `sys_oper_log` VALUES (114, '代码生成', 2, 'com.ruoyi.generator.controller.GenController.editSave()', 'PUT', 1, 'admin', '研发部门', '/tool/gen', '127.0.0.1', '内网IP', '{\"businessName\":\"question\",\"className\":\"DamingQuestion\",\"columns\":[{\"capJavaField\":\"Id\",\"columnComment\":\"题目id\",\"columnId\":25,\"columnName\":\"id\",\"columnType\":\"int(11)\",\"createBy\":\"admin\",\"createTime\":\"2024-10-08 18:22:36\",\"dictType\":\"\",\"edit\":false,\"htmlType\":\"input\",\"increment\":true,\"insert\":true,\"isIncrement\":\"1\",\"isInsert\":\"1\",\"isPk\":\"1\",\"isRequired\":\"0\",\"javaField\":\"id\",\"javaType\":\"Long\",\"list\":false,\"params\":{},\"pk\":true,\"query\":false,\"queryType\":\"EQ\",\"required\":false,\"sort\":1,\"superColumn\":false,\"tableId\":5,\"updateBy\":\"\",\"usableColumn\":false},{\"capJavaField\":\"QuestionType\",\"columnComment\":\"tinyint题目类型\",\"columnId\":26,\"columnName\":\"question_type\",\"columnType\":\"tinyint(4)\",\"createBy\":\"admin\",\"createTime\":\"2024-10-08 18:22:36\",\"dictType\":\"\",\"edit\":true,\"htmlType\":\"select\",\"increment\":false,\"insert\":true,\"isEdit\":\"1\",\"isIncrement\":\"0\",\"isInsert\":\"1\",\"isList\":\"1\",\"isPk\":\"0\",\"isQuery\":\"1\",\"isRequired\":\"1\",\"javaField\":\"questionType\",\"javaType\":\"Integer\",\"list\":true,\"params\":{},\"pk\":false,\"query\":true,\"queryType\":\"EQ\",\"required\":true,\"sort\":2,\"superColumn\":false,\"tableId\":5,\"updateBy\":\"\",\"usableColumn\":false},{\"capJavaField\":\"QuestionText\",\"columnComment\":\"题目题干内容\",\"columnId\":27,\"columnName\":\"question_text\",\"columnType\":\"text\",\"createBy\":\"admin\",\"createTime\":\"2024-10-08 18:22:36\",\"dictType\":\"\",\"edit\":true,\"htmlType\":\"textarea\",\"increment\":false,\"insert\":true,\"isEdit\":\"1\",\"isIncrement\":\"0\",\"isInsert\":\"1\",\"isList\":\"1\",\"isPk\":\"0\",\"isQuery\":\"1\",\"isRequired\":\"1\",\"javaField\":\"questionText\",\"javaType\":\"String\",\"list\":true,\"params\":{},\"pk\":false,\"query\":true,\"queryType\":\"EQ\",\"required\":true,\"sort\":3,\"superColumn\":false,\"tableId\":5,\"updateBy\":\"\",\"usableColumn\":false},{\"capJavaField\":\"Score\",\"columnComment\":\"题目分数\",\"columnId\":28,\"columnName\":\"score\",\"columnType\":\"int(11)\",\"createBy\":\"admin\",\"createTime\":\"2024-10-08 18:22:36\",\"dictType\":\"\",\"edit\":true,\"htmlType\":\"input\",\"increment\":false,\"insert\":true,\"isEdit\":\"1\",\"isIncrement\":\"0\",\"isInsert\":\"1\",\"isList\":\"1\",\"isPk\":\"0\",\"isQuery\":\"1\"', '{\"msg\":\"操作成功\",\"code\":200}', 0, NULL, '2024-10-08 20:41:33', 27);
INSERT INTO `sys_oper_log` VALUES (115, '代码生成', 2, 'com.ruoyi.generator.controller.GenController.editSave()', 'PUT', 1, 'admin', '研发部门', '/tool/gen', '127.0.0.1', '内网IP', '{\"businessName\":\"answers\",\"className\":\"DamingQuestionAnswers\",\"columns\":[{\"capJavaField\":\"AnswerId\",\"columnComment\":\"答题记录id\",\"columnId\":35,\"columnName\":\"answer_id\",\"columnType\":\"int(11)\",\"createBy\":\"admin\",\"createTime\":\"2024-10-08 18:22:36\",\"dictType\":\"\",\"edit\":false,\"htmlType\":\"input\",\"increment\":true,\"insert\":true,\"isIncrement\":\"1\",\"isInsert\":\"1\",\"isPk\":\"1\",\"isRequired\":\"0\",\"javaField\":\"answerId\",\"javaType\":\"Long\",\"list\":false,\"params\":{},\"pk\":true,\"query\":false,\"queryType\":\"EQ\",\"required\":false,\"sort\":1,\"superColumn\":false,\"tableId\":6,\"updateBy\":\"\",\"usableColumn\":false},{\"capJavaField\":\"UserId\",\"columnComment\":\"答题人\",\"columnId\":36,\"columnName\":\"user_id\",\"columnType\":\"int(11)\",\"createBy\":\"admin\",\"createTime\":\"2024-10-08 18:22:36\",\"dictType\":\"\",\"edit\":true,\"htmlType\":\"input\",\"increment\":false,\"insert\":true,\"isEdit\":\"1\",\"isIncrement\":\"0\",\"isInsert\":\"1\",\"isList\":\"1\",\"isPk\":\"0\",\"isQuery\":\"1\",\"isRequired\":\"1\",\"javaField\":\"userId\",\"javaType\":\"Long\",\"list\":true,\"params\":{},\"pk\":false,\"query\":true,\"queryType\":\"EQ\",\"required\":true,\"sort\":2,\"superColumn\":false,\"tableId\":6,\"updateBy\":\"\",\"usableColumn\":false},{\"capJavaField\":\"PaperId\",\"columnComment\":\"所属试卷id(后续用来连表连表返回用户查看题目记录复习)\",\"columnId\":37,\"columnName\":\"paper_id\",\"columnType\":\"int(11)\",\"createBy\":\"admin\",\"createTime\":\"2024-10-08 18:22:36\",\"dictType\":\"\",\"edit\":true,\"htmlType\":\"input\",\"increment\":false,\"insert\":true,\"isEdit\":\"1\",\"isIncrement\":\"0\",\"isInsert\":\"1\",\"isList\":\"1\",\"isPk\":\"0\",\"isQuery\":\"1\",\"isRequired\":\"1\",\"javaField\":\"paperId\",\"javaType\":\"Long\",\"list\":true,\"params\":{},\"pk\":false,\"query\":true,\"queryType\":\"EQ\",\"required\":true,\"sort\":3,\"superColumn\":false,\"tableId\":6,\"updateBy\":\"\",\"usableColumn\":false},{\"capJavaField\":\"UserAnswer\",\"columnComment\":\"用户答案\",\"columnId\":38,\"columnName\":\"user_answer\",\"columnType\":\"varchar(255)\",\"createBy\":\"admin\",\"createTime\":\"2024-10-08 18:22:36\",\"dictType\":\"\",\"edit\":true,\"htmlType\":\"input\",\"increment\":false,\"insert\":true,\"isEdit\":\"1\",\"isIncrement\":\"0\",\"isInsert\":\"1\",\"isList\":\"1\",\"isPk\":\"0', '{\"msg\":\"操作成功\",\"code\":200}', 0, NULL, '2024-10-08 20:43:14', 20);
INSERT INTO `sys_oper_log` VALUES (116, '代码生成', 8, 'com.ruoyi.generator.controller.GenController.batchGenCode()', 'GET', 1, 'admin', '研发部门', '/tool/gen/batchGenCode', '127.0.0.1', '内网IP', '{\"tables\":\"daming_options,daming_paper,daming_paper_answers,daming_paper_question,daming_question,daming_question_answers\"}', NULL, 0, NULL, '2024-10-08 20:43:21', 406);
INSERT INTO `sys_oper_log` VALUES (117, '菜单管理', 1, 'com.ruoyi.web.controller.system.SysMenuController.add()', 'POST', 1, 'admin', '研发部门', '/system/menu', '127.0.0.1', '内网IP', '{\"children\":[],\"component\":\"quiz/paper/index\",\"createBy\":\"admin\",\"icon\":\"bug\",\"isCache\":\"0\",\"isFrame\":\"1\",\"menuName\":\"试卷管理\",\"menuType\":\"C\",\"orderNum\":1,\"params\":{},\"parentId\":2000,\"path\":\"paper\",\"perms\":\"quiz:paper:list\",\"status\":\"0\",\"visible\":\"0\"}', '{\"msg\":\"操作成功\",\"code\":200}', 0, NULL, '2024-10-08 20:48:54', 10);
INSERT INTO `sys_oper_log` VALUES (118, '菜单管理', 1, 'com.ruoyi.web.controller.system.SysMenuController.add()', 'POST', 1, 'admin', '研发部门', '/system/menu', '127.0.0.1', '内网IP', '{\"children\":[],\"component\":\"quiz/question/index\",\"createBy\":\"admin\",\"icon\":\"druid\",\"isCache\":\"0\",\"isFrame\":\"1\",\"menuName\":\"题目管理\",\"menuType\":\"C\",\"orderNum\":1,\"params\":{},\"parentId\":2000,\"path\":\"question\",\"perms\":\"quiz:question:list\",\"status\":\"0\",\"visible\":\"0\"}', '{\"msg\":\"操作成功\",\"code\":200}', 0, NULL, '2024-10-08 20:49:50', 12);
INSERT INTO `sys_oper_log` VALUES (119, '菜单管理', 1, 'com.ruoyi.web.controller.system.SysMenuController.add()', 'POST', 1, 'admin', '研发部门', '/system/menu', '127.0.0.1', '内网IP', '{\"children\":[],\"component\":\"quiz/paperAnswer/index\",\"createBy\":\"admin\",\"icon\":\"druid\",\"isCache\":\"0\",\"isFrame\":\"1\",\"menuName\":\"试卷结果\",\"menuType\":\"C\",\"orderNum\":1,\"params\":{},\"parentId\":2000,\"path\":\"paperAnswer\",\"perms\":\"quiz:paperAnswer:list\",\"status\":\"0\",\"visible\":\"0\"}', '{\"msg\":\"操作成功\",\"code\":200}', 0, NULL, '2024-10-08 20:51:24', 11);
INSERT INTO `sys_oper_log` VALUES (120, '菜单管理', 3, 'com.ruoyi.web.controller.system.SysMenuController.remove()', 'DELETE', 1, 'admin', '研发部门', '/system/menu/2001', '127.0.0.1', '内网IP', '{}', '{\"msg\":\"操作成功\",\"code\":200}', 0, NULL, '2024-10-08 20:51:48', 14);
INSERT INTO `sys_oper_log` VALUES (121, '代码生成', 8, 'com.ruoyi.generator.controller.GenController.batchGenCode()', 'GET', 1, 'admin', '研发部门', '/tool/gen/batchGenCode', '127.0.0.1', '内网IP', '{\"tables\":\"daming_question_answers\"}', NULL, 0, NULL, '2024-10-08 20:52:48', 106);
INSERT INTO `sys_oper_log` VALUES (122, '代码生成', 2, 'com.ruoyi.generator.controller.GenController.editSave()', 'PUT', 1, 'admin', '研发部门', '/tool/gen', '127.0.0.1', '内网IP', '{\"businessName\":\"paperAnswers\",\"className\":\"DamingPaperAnswers\",\"columns\":[{\"capJavaField\":\"PaperAnswerId\",\"columnComment\":\"试卷答题记录id\",\"columnId\":13,\"columnName\":\"paper_answer_id\",\"columnType\":\"int(11)\",\"createBy\":\"admin\",\"createTime\":\"2024-10-08 18:22:36\",\"dictType\":\"\",\"edit\":false,\"htmlType\":\"input\",\"increment\":true,\"insert\":true,\"isIncrement\":\"1\",\"isInsert\":\"1\",\"isPk\":\"1\",\"isRequired\":\"0\",\"javaField\":\"paperAnswerId\",\"javaType\":\"Long\",\"list\":false,\"params\":{},\"pk\":true,\"query\":false,\"queryType\":\"EQ\",\"required\":false,\"sort\":1,\"superColumn\":false,\"tableId\":3,\"updateBy\":\"\",\"updateTime\":\"2024-10-08 20:22:07\",\"usableColumn\":false},{\"capJavaField\":\"PaperName\",\"columnComment\":\"试卷名称\",\"columnId\":14,\"columnName\":\"paper_name\",\"columnType\":\"varchar(255)\",\"createBy\":\"admin\",\"createTime\":\"2024-10-08 18:22:36\",\"dictType\":\"\",\"edit\":true,\"htmlType\":\"input\",\"increment\":false,\"insert\":true,\"isEdit\":\"1\",\"isIncrement\":\"0\",\"isInsert\":\"1\",\"isList\":\"1\",\"isPk\":\"0\",\"isQuery\":\"1\",\"isRequired\":\"1\",\"javaField\":\"paperName\",\"javaType\":\"String\",\"list\":true,\"params\":{},\"pk\":false,\"query\":true,\"queryType\":\"LIKE\",\"required\":true,\"sort\":2,\"superColumn\":false,\"tableId\":3,\"updateBy\":\"\",\"updateTime\":\"2024-10-08 20:22:07\",\"usableColumn\":false},{\"capJavaField\":\"PaperId\",\"columnComment\":\"试卷id\",\"columnId\":15,\"columnName\":\"paper_id\",\"columnType\":\"int(11)\",\"createBy\":\"admin\",\"createTime\":\"2024-10-08 18:22:36\",\"dictType\":\"\",\"edit\":true,\"htmlType\":\"input\",\"increment\":false,\"insert\":true,\"isEdit\":\"1\",\"isIncrement\":\"0\",\"isInsert\":\"1\",\"isList\":\"1\",\"isPk\":\"0\",\"isQuery\":\"1\",\"isRequired\":\"1\",\"javaField\":\"paperId\",\"javaType\":\"Long\",\"list\":true,\"params\":{},\"pk\":false,\"query\":true,\"queryType\":\"EQ\",\"required\":true,\"sort\":3,\"superColumn\":false,\"tableId\":3,\"updateBy\":\"\",\"updateTime\":\"2024-10-08 20:22:07\",\"usableColumn\":false},{\"capJavaField\":\"UserId\",\"columnComment\":\"答题人\",\"columnId\":16,\"columnName\":\"user_id\",\"columnType\":\"int(11)\",\"createBy\":\"admin\",\"createTime\":\"2024-10-08 18:22:36\",\"dictType\":\"\",\"edit\":true,\"htmlType\":\"i', '{\"msg\":\"操作成功\",\"code\":200}', 0, NULL, '2024-10-08 21:17:54', 123);
INSERT INTO `sys_oper_log` VALUES (123, '代码生成', 2, 'com.ruoyi.generator.controller.GenController.editSave()', 'PUT', 1, 'admin', '研发部门', '/tool/gen', '127.0.0.1', '内网IP', '{\"businessName\":\"questionAnswer\",\"className\":\"DamingQuestionAnswers\",\"columns\":[{\"capJavaField\":\"AnswerId\",\"columnComment\":\"答题记录id\",\"columnId\":35,\"columnName\":\"answer_id\",\"columnType\":\"int(11)\",\"createBy\":\"admin\",\"createTime\":\"2024-10-08 18:22:36\",\"dictType\":\"\",\"edit\":false,\"htmlType\":\"input\",\"increment\":true,\"insert\":true,\"isIncrement\":\"1\",\"isInsert\":\"1\",\"isPk\":\"1\",\"isRequired\":\"0\",\"javaField\":\"answerId\",\"javaType\":\"Long\",\"list\":false,\"params\":{},\"pk\":true,\"query\":false,\"queryType\":\"EQ\",\"required\":false,\"sort\":1,\"superColumn\":false,\"tableId\":6,\"updateBy\":\"\",\"updateTime\":\"2024-10-08 20:43:14\",\"usableColumn\":false},{\"capJavaField\":\"UserId\",\"columnComment\":\"答题人\",\"columnId\":36,\"columnName\":\"user_id\",\"columnType\":\"int(11)\",\"createBy\":\"admin\",\"createTime\":\"2024-10-08 18:22:36\",\"dictType\":\"\",\"edit\":true,\"htmlType\":\"input\",\"increment\":false,\"insert\":true,\"isEdit\":\"1\",\"isIncrement\":\"0\",\"isInsert\":\"1\",\"isList\":\"1\",\"isPk\":\"0\",\"isQuery\":\"1\",\"isRequired\":\"1\",\"javaField\":\"userId\",\"javaType\":\"Long\",\"list\":true,\"params\":{},\"pk\":false,\"query\":true,\"queryType\":\"EQ\",\"required\":true,\"sort\":2,\"superColumn\":false,\"tableId\":6,\"updateBy\":\"\",\"updateTime\":\"2024-10-08 20:43:14\",\"usableColumn\":false},{\"capJavaField\":\"PaperId\",\"columnComment\":\"所属试卷id(后续用来连表连表返回用户查看题目记录复习)\",\"columnId\":37,\"columnName\":\"paper_id\",\"columnType\":\"int(11)\",\"createBy\":\"admin\",\"createTime\":\"2024-10-08 18:22:36\",\"dictType\":\"\",\"edit\":true,\"htmlType\":\"input\",\"increment\":false,\"insert\":true,\"isEdit\":\"1\",\"isIncrement\":\"0\",\"isInsert\":\"1\",\"isList\":\"1\",\"isPk\":\"0\",\"isQuery\":\"1\",\"isRequired\":\"1\",\"javaField\":\"paperId\",\"javaType\":\"Long\",\"list\":true,\"params\":{},\"pk\":false,\"query\":true,\"queryType\":\"EQ\",\"required\":true,\"sort\":3,\"superColumn\":false,\"tableId\":6,\"updateBy\":\"\",\"updateTime\":\"2024-10-08 20:43:14\",\"usableColumn\":false},{\"capJavaField\":\"UserAnswer\",\"columnComment\":\"用户答案\",\"columnId\":38,\"columnName\":\"user_answer\",\"columnType\":\"varchar(255)\",\"createBy\":\"admin\",\"createTime\":\"2024-10-08 18:22:36\",\"dictType\":\"\",\"edit\":true,\"htmlTy', '{\"msg\":\"操作成功\",\"code\":200}', 0, NULL, '2024-10-08 21:18:15', 57);
INSERT INTO `sys_oper_log` VALUES (124, '代码生成', 2, 'com.ruoyi.generator.controller.GenController.synchDb()', 'GET', 1, 'admin', '研发部门', '/tool/gen/synchDb/daming_options', '127.0.0.1', '内网IP', '{}', NULL, 1, '同步数据失败，原表结构不存在', '2024-10-08 21:18:47', 41);
INSERT INTO `sys_oper_log` VALUES (125, '代码生成', 2, 'com.ruoyi.generator.controller.GenController.synchDb()', 'GET', 1, 'admin', '研发部门', '/tool/gen/synchDb/daming_paper', '127.0.0.1', '内网IP', '{}', '{\"msg\":\"操作成功\",\"code\":200}', 0, NULL, '2024-10-08 21:18:50', 46);
INSERT INTO `sys_oper_log` VALUES (126, '代码生成', 2, 'com.ruoyi.generator.controller.GenController.editSave()', 'PUT', 1, 'admin', '研发部门', '/tool/gen', '127.0.0.1', '内网IP', '{\"businessName\":\"options\",\"className\":\"DamingOption\",\"columns\":[{\"capJavaField\":\"OptionId\",\"columnComment\":\"选项id\",\"columnId\":1,\"columnName\":\"option_id\",\"columnType\":\"int(11)\",\"createBy\":\"admin\",\"createTime\":\"2024-10-08 18:22:36\",\"dictType\":\"\",\"edit\":false,\"htmlType\":\"input\",\"increment\":true,\"insert\":true,\"isIncrement\":\"1\",\"isInsert\":\"1\",\"isPk\":\"1\",\"isRequired\":\"0\",\"javaField\":\"optionId\",\"javaType\":\"Long\",\"list\":false,\"params\":{},\"pk\":true,\"query\":false,\"queryType\":\"EQ\",\"required\":false,\"sort\":1,\"superColumn\":false,\"tableId\":1,\"updateBy\":\"\",\"updateTime\":\"2024-10-08 20:37:28\",\"usableColumn\":false},{\"capJavaField\":\"QuestionId\",\"columnComment\":\"题目id\",\"columnId\":2,\"columnName\":\"question_id\",\"columnType\":\"int(11)\",\"createBy\":\"admin\",\"createTime\":\"2024-10-08 18:22:36\",\"dictType\":\"\",\"edit\":true,\"htmlType\":\"input\",\"increment\":false,\"insert\":true,\"isEdit\":\"1\",\"isIncrement\":\"0\",\"isInsert\":\"1\",\"isList\":\"1\",\"isPk\":\"0\",\"isQuery\":\"1\",\"isRequired\":\"1\",\"javaField\":\"questionId\",\"javaType\":\"Long\",\"list\":true,\"params\":{},\"pk\":false,\"query\":true,\"queryType\":\"EQ\",\"required\":true,\"sort\":2,\"superColumn\":false,\"tableId\":1,\"updateBy\":\"\",\"updateTime\":\"2024-10-08 20:37:28\",\"usableColumn\":false},{\"capJavaField\":\"OptionText\",\"columnComment\":\"选项内容\",\"columnId\":3,\"columnName\":\"option_text\",\"columnType\":\"varchar(255)\",\"createBy\":\"admin\",\"createTime\":\"2024-10-08 18:22:36\",\"dictType\":\"\",\"edit\":true,\"htmlType\":\"input\",\"increment\":false,\"insert\":true,\"isEdit\":\"1\",\"isIncrement\":\"0\",\"isInsert\":\"1\",\"isList\":\"1\",\"isPk\":\"0\",\"isQuery\":\"1\",\"isRequired\":\"1\",\"javaField\":\"optionText\",\"javaType\":\"String\",\"list\":true,\"params\":{},\"pk\":false,\"query\":true,\"queryType\":\"EQ\",\"required\":true,\"sort\":3,\"superColumn\":false,\"tableId\":1,\"updateBy\":\"\",\"updateTime\":\"2024-10-08 20:37:28\",\"usableColumn\":false},{\"capJavaField\":\"IsCorrect\",\"columnComment\":\"是否为正确答案\",\"columnId\":4,\"columnName\":\"is_correct\",\"columnType\":\"tinyint(4)\",\"createBy\":\"admin\",\"createTime\":\"2024-10-08 18:22:36\",\"dictType\":\"\",\"edit\":true,\"htmlType\":\"input\",\"incre', '{\"msg\":\"操作成功\",\"code\":200}', 0, NULL, '2024-10-08 21:19:06', 26);
INSERT INTO `sys_oper_log` VALUES (127, '代码生成', 2, 'com.ruoyi.generator.controller.GenController.synchDb()', 'GET', 1, 'admin', '研发部门', '/tool/gen/synchDb/daming_option', '127.0.0.1', '内网IP', '{}', '{\"msg\":\"操作成功\",\"code\":200}', 0, NULL, '2024-10-08 21:19:09', 35);
INSERT INTO `sys_oper_log` VALUES (128, '代码生成', 2, 'com.ruoyi.generator.controller.GenController.editSave()', 'PUT', 1, 'admin', '研发部门', '/tool/gen', '127.0.0.1', '内网IP', '{\"businessName\":\"paperAnswers\",\"className\":\"DamingPaperAnswer\",\"columns\":[{\"capJavaField\":\"PaperAnswerId\",\"columnComment\":\"试卷答题记录id\",\"columnId\":13,\"columnName\":\"paper_answer_id\",\"columnType\":\"int(11)\",\"createBy\":\"admin\",\"createTime\":\"2024-10-08 18:22:36\",\"dictType\":\"\",\"edit\":false,\"htmlType\":\"input\",\"increment\":true,\"insert\":true,\"isIncrement\":\"1\",\"isInsert\":\"1\",\"isPk\":\"1\",\"isRequired\":\"0\",\"javaField\":\"paperAnswerId\",\"javaType\":\"Long\",\"list\":false,\"params\":{},\"pk\":true,\"query\":false,\"queryType\":\"EQ\",\"required\":false,\"sort\":1,\"superColumn\":false,\"tableId\":3,\"updateBy\":\"\",\"updateTime\":\"2024-10-08 21:17:54\",\"usableColumn\":false},{\"capJavaField\":\"PaperName\",\"columnComment\":\"试卷名称\",\"columnId\":14,\"columnName\":\"paper_name\",\"columnType\":\"varchar(255)\",\"createBy\":\"admin\",\"createTime\":\"2024-10-08 18:22:36\",\"dictType\":\"\",\"edit\":true,\"htmlType\":\"input\",\"increment\":false,\"insert\":true,\"isEdit\":\"1\",\"isIncrement\":\"0\",\"isInsert\":\"1\",\"isList\":\"1\",\"isPk\":\"0\",\"isQuery\":\"1\",\"isRequired\":\"1\",\"javaField\":\"paperName\",\"javaType\":\"String\",\"list\":true,\"params\":{},\"pk\":false,\"query\":true,\"queryType\":\"LIKE\",\"required\":true,\"sort\":2,\"superColumn\":false,\"tableId\":3,\"updateBy\":\"\",\"updateTime\":\"2024-10-08 21:17:54\",\"usableColumn\":false},{\"capJavaField\":\"PaperId\",\"columnComment\":\"试卷id\",\"columnId\":15,\"columnName\":\"paper_id\",\"columnType\":\"int(11)\",\"createBy\":\"admin\",\"createTime\":\"2024-10-08 18:22:36\",\"dictType\":\"\",\"edit\":true,\"htmlType\":\"input\",\"increment\":false,\"insert\":true,\"isEdit\":\"1\",\"isIncrement\":\"0\",\"isInsert\":\"1\",\"isList\":\"1\",\"isPk\":\"0\",\"isQuery\":\"1\",\"isRequired\":\"1\",\"javaField\":\"paperId\",\"javaType\":\"Long\",\"list\":true,\"params\":{},\"pk\":false,\"query\":true,\"queryType\":\"EQ\",\"required\":true,\"sort\":3,\"superColumn\":false,\"tableId\":3,\"updateBy\":\"\",\"updateTime\":\"2024-10-08 21:17:54\",\"usableColumn\":false},{\"capJavaField\":\"UserId\",\"columnComment\":\"答题人\",\"columnId\":16,\"columnName\":\"user_id\",\"columnType\":\"int(11)\",\"createBy\":\"admin\",\"createTime\":\"2024-10-08 18:22:36\",\"dictType\":\"\",\"edit\":true,\"htmlType\":\"in', '{\"msg\":\"操作成功\",\"code\":200}', 0, NULL, '2024-10-08 21:19:28', 33);
INSERT INTO `sys_oper_log` VALUES (129, '代码生成', 2, 'com.ruoyi.generator.controller.GenController.editSave()', 'PUT', 1, 'admin', '研发部门', '/tool/gen', '127.0.0.1', '内网IP', '{\"businessName\":\"questionAnswer\",\"className\":\"DamingQuestionAnswer\",\"columns\":[{\"capJavaField\":\"AnswerId\",\"columnComment\":\"答题记录id\",\"columnId\":35,\"columnName\":\"answer_id\",\"columnType\":\"int(11)\",\"createBy\":\"admin\",\"createTime\":\"2024-10-08 18:22:36\",\"dictType\":\"\",\"edit\":false,\"htmlType\":\"input\",\"increment\":true,\"insert\":true,\"isIncrement\":\"1\",\"isInsert\":\"1\",\"isPk\":\"1\",\"isRequired\":\"0\",\"javaField\":\"answerId\",\"javaType\":\"Long\",\"list\":false,\"params\":{},\"pk\":true,\"query\":false,\"queryType\":\"EQ\",\"required\":false,\"sort\":1,\"superColumn\":false,\"tableId\":6,\"updateBy\":\"\",\"updateTime\":\"2024-10-08 21:18:15\",\"usableColumn\":false},{\"capJavaField\":\"UserId\",\"columnComment\":\"答题人\",\"columnId\":36,\"columnName\":\"user_id\",\"columnType\":\"int(11)\",\"createBy\":\"admin\",\"createTime\":\"2024-10-08 18:22:36\",\"dictType\":\"\",\"edit\":true,\"htmlType\":\"input\",\"increment\":false,\"insert\":true,\"isEdit\":\"1\",\"isIncrement\":\"0\",\"isInsert\":\"1\",\"isList\":\"1\",\"isPk\":\"0\",\"isQuery\":\"1\",\"isRequired\":\"1\",\"javaField\":\"userId\",\"javaType\":\"Long\",\"list\":true,\"params\":{},\"pk\":false,\"query\":true,\"queryType\":\"EQ\",\"required\":true,\"sort\":2,\"superColumn\":false,\"tableId\":6,\"updateBy\":\"\",\"updateTime\":\"2024-10-08 21:18:15\",\"usableColumn\":false},{\"capJavaField\":\"PaperId\",\"columnComment\":\"所属试卷id(后续用来连表连表返回用户查看题目记录复习)\",\"columnId\":37,\"columnName\":\"paper_id\",\"columnType\":\"int(11)\",\"createBy\":\"admin\",\"createTime\":\"2024-10-08 18:22:36\",\"dictType\":\"\",\"edit\":true,\"htmlType\":\"input\",\"increment\":false,\"insert\":true,\"isEdit\":\"1\",\"isIncrement\":\"0\",\"isInsert\":\"1\",\"isList\":\"1\",\"isPk\":\"0\",\"isQuery\":\"1\",\"isRequired\":\"1\",\"javaField\":\"paperId\",\"javaType\":\"Long\",\"list\":true,\"params\":{},\"pk\":false,\"query\":true,\"queryType\":\"EQ\",\"required\":true,\"sort\":3,\"superColumn\":false,\"tableId\":6,\"updateBy\":\"\",\"updateTime\":\"2024-10-08 21:18:15\",\"usableColumn\":false},{\"capJavaField\":\"UserAnswer\",\"columnComment\":\"用户答案\",\"columnId\":38,\"columnName\":\"user_answer\",\"columnType\":\"varchar(255)\",\"createBy\":\"admin\",\"createTime\":\"2024-10-08 18:22:36\",\"dictType\":\"\",\"edit\":true,\"htmlTyp', '{\"msg\":\"操作成功\",\"code\":200}', 0, NULL, '2024-10-08 21:19:50', 41);
INSERT INTO `sys_oper_log` VALUES (130, '代码生成', 2, 'com.ruoyi.generator.controller.GenController.editSave()', 'PUT', 1, 'admin', '研发部门', '/tool/gen', '127.0.0.1', '内网IP', '{\"businessName\":\"paperQuestion\",\"className\":\"DamingPaperQuestion\",\"columns\":[{\"capJavaField\":\"PaperId\",\"columnComment\":\"试卷id\",\"columnId\":23,\"columnName\":\"paper_id\",\"columnType\":\"int(11)\",\"createBy\":\"admin\",\"createTime\":\"2024-10-08 18:22:36\",\"dictType\":\"\",\"edit\":false,\"htmlType\":\"input\",\"increment\":false,\"insert\":true,\"isIncrement\":\"0\",\"isInsert\":\"1\",\"isPk\":\"1\",\"isRequired\":\"1\",\"javaField\":\"paperId\",\"javaType\":\"Long\",\"list\":false,\"params\":{},\"pk\":true,\"query\":false,\"queryType\":\"EQ\",\"required\":true,\"sort\":1,\"superColumn\":false,\"tableId\":4,\"updateBy\":\"\",\"updateTime\":\"2024-10-08 20:25:09\",\"usableColumn\":false},{\"capJavaField\":\"QuestionId\",\"columnComment\":\"题目id\",\"columnId\":24,\"columnName\":\"question_id\",\"columnType\":\"int(11)\",\"createBy\":\"admin\",\"createTime\":\"2024-10-08 18:22:36\",\"dictType\":\"\",\"edit\":false,\"htmlType\":\"input\",\"increment\":false,\"insert\":true,\"isIncrement\":\"0\",\"isInsert\":\"1\",\"isPk\":\"1\",\"isRequired\":\"1\",\"javaField\":\"questionId\",\"javaType\":\"Long\",\"list\":false,\"params\":{},\"pk\":true,\"query\":false,\"queryType\":\"EQ\",\"required\":true,\"sort\":2,\"superColumn\":false,\"tableId\":4,\"updateBy\":\"\",\"updateTime\":\"2024-10-08 20:25:09\",\"usableColumn\":false}],\"crud\":true,\"functionAuthor\":\"zww\",\"functionName\":\"试卷题目关系表\",\"genPath\":\"/\",\"genType\":\"0\",\"moduleName\":\"quiz\",\"options\":\"{\\\"parentMenuId\\\":2000}\",\"packageName\":\"com.dm.quiz\",\"params\":{\"parentMenuId\":2000},\"parentMenuId\":2000,\"remark\":\"试卷题目关系表\",\"sub\":false,\"tableComment\":\"试卷题目关系表\",\"tableId\":4,\"tableName\":\"daming_paper_question\",\"tplCategory\":\"crud\",\"tplWebType\":\"element-ui\",\"tree\":false}', '{\"msg\":\"操作成功\",\"code\":200}', 0, NULL, '2024-10-08 21:20:20', 23);
INSERT INTO `sys_oper_log` VALUES (131, '代码生成', 8, 'com.ruoyi.generator.controller.GenController.batchGenCode()', 'GET', 1, 'admin', '研发部门', '/tool/gen/batchGenCode', '127.0.0.1', '内网IP', '{\"tables\":\"daming_question\"}', NULL, 0, NULL, '2024-10-08 21:20:32', 101);
INSERT INTO `sys_oper_log` VALUES (132, '代码生成', 2, 'com.ruoyi.generator.controller.GenController.editSave()', 'PUT', 1, 'admin', '研发部门', '/tool/gen', '127.0.0.1', '内网IP', '{\"businessName\":\"question\",\"className\":\"DamingQuestion\",\"columns\":[{\"capJavaField\":\"Id\",\"columnComment\":\"题目id\",\"columnId\":25,\"columnName\":\"id\",\"columnType\":\"int(11)\",\"createBy\":\"admin\",\"createTime\":\"2024-10-08 18:22:36\",\"dictType\":\"\",\"edit\":false,\"htmlType\":\"input\",\"increment\":true,\"insert\":true,\"isIncrement\":\"1\",\"isInsert\":\"1\",\"isPk\":\"1\",\"isRequired\":\"0\",\"javaField\":\"id\",\"javaType\":\"Long\",\"list\":false,\"params\":{},\"pk\":true,\"query\":false,\"queryType\":\"EQ\",\"required\":false,\"sort\":1,\"superColumn\":false,\"tableId\":5,\"updateBy\":\"\",\"updateTime\":\"2024-10-08 20:41:33\",\"usableColumn\":false},{\"capJavaField\":\"QuestionType\",\"columnComment\":\"tinyint题目类型\",\"columnId\":26,\"columnName\":\"question_type\",\"columnType\":\"tinyint(4)\",\"createBy\":\"admin\",\"createTime\":\"2024-10-08 18:22:36\",\"dictType\":\"\",\"edit\":true,\"htmlType\":\"select\",\"increment\":false,\"insert\":true,\"isEdit\":\"1\",\"isIncrement\":\"0\",\"isInsert\":\"1\",\"isList\":\"1\",\"isPk\":\"0\",\"isQuery\":\"1\",\"isRequired\":\"1\",\"javaField\":\"questionType\",\"javaType\":\"Integer\",\"list\":true,\"params\":{},\"pk\":false,\"query\":true,\"queryType\":\"EQ\",\"required\":true,\"sort\":2,\"superColumn\":false,\"tableId\":5,\"updateBy\":\"\",\"updateTime\":\"2024-10-08 20:41:33\",\"usableColumn\":false},{\"capJavaField\":\"QuestionText\",\"columnComment\":\"题目题干内容\",\"columnId\":27,\"columnName\":\"question_text\",\"columnType\":\"text\",\"createBy\":\"admin\",\"createTime\":\"2024-10-08 18:22:36\",\"dictType\":\"\",\"edit\":true,\"htmlType\":\"textarea\",\"increment\":false,\"insert\":true,\"isEdit\":\"1\",\"isIncrement\":\"0\",\"isInsert\":\"1\",\"isList\":\"1\",\"isPk\":\"0\",\"isQuery\":\"1\",\"isRequired\":\"1\",\"javaField\":\"questionText\",\"javaType\":\"String\",\"list\":true,\"params\":{},\"pk\":false,\"query\":true,\"queryType\":\"EQ\",\"required\":true,\"sort\":3,\"superColumn\":false,\"tableId\":5,\"updateBy\":\"\",\"updateTime\":\"2024-10-08 20:41:33\",\"usableColumn\":false},{\"capJavaField\":\"Score\",\"columnComment\":\"题目分数\",\"columnId\":28,\"columnName\":\"score\",\"columnType\":\"int(11)\",\"createBy\":\"admin\",\"createTime\":\"2024-10-08 18:22:36\",\"dictType\":\"\",\"edit\":true,\"htmlType\":\"input\",\"increment', '{\"msg\":\"操作成功\",\"code\":200}', 0, NULL, '2024-10-08 21:30:26', 19);
INSERT INTO `sys_oper_log` VALUES (133, '代码生成', 2, 'com.ruoyi.generator.controller.GenController.editSave()', 'PUT', 1, 'admin', '研发部门', '/tool/gen', '127.0.0.1', '内网IP', '{\"businessName\":\"question\",\"className\":\"DamingQuestion\",\"columns\":[{\"capJavaField\":\"Id\",\"columnComment\":\"题目id\",\"columnId\":25,\"columnName\":\"id\",\"columnType\":\"int(11)\",\"createBy\":\"admin\",\"createTime\":\"2024-10-08 18:22:36\",\"dictType\":\"\",\"edit\":false,\"htmlType\":\"input\",\"increment\":true,\"insert\":true,\"isIncrement\":\"1\",\"isInsert\":\"1\",\"isPk\":\"1\",\"isRequired\":\"0\",\"javaField\":\"id\",\"javaType\":\"Long\",\"list\":false,\"params\":{},\"pk\":true,\"query\":false,\"queryType\":\"EQ\",\"required\":false,\"sort\":1,\"superColumn\":false,\"tableId\":5,\"updateBy\":\"\",\"updateTime\":\"2024-10-08 21:30:26\",\"usableColumn\":false},{\"capJavaField\":\"QuestionType\",\"columnComment\":\"tinyint题目类型\",\"columnId\":26,\"columnName\":\"question_type\",\"columnType\":\"tinyint(4)\",\"createBy\":\"admin\",\"createTime\":\"2024-10-08 18:22:36\",\"dictType\":\"\",\"edit\":true,\"htmlType\":\"select\",\"increment\":false,\"insert\":true,\"isEdit\":\"1\",\"isIncrement\":\"0\",\"isInsert\":\"1\",\"isList\":\"1\",\"isPk\":\"0\",\"isQuery\":\"1\",\"isRequired\":\"1\",\"javaField\":\"questionType\",\"javaType\":\"Integer\",\"list\":true,\"params\":{},\"pk\":false,\"query\":true,\"queryType\":\"EQ\",\"required\":true,\"sort\":2,\"superColumn\":false,\"tableId\":5,\"updateBy\":\"\",\"updateTime\":\"2024-10-08 21:30:26\",\"usableColumn\":false},{\"capJavaField\":\"QuestionText\",\"columnComment\":\"题目题干内容\",\"columnId\":27,\"columnName\":\"question_text\",\"columnType\":\"text\",\"createBy\":\"admin\",\"createTime\":\"2024-10-08 18:22:36\",\"dictType\":\"\",\"edit\":true,\"htmlType\":\"textarea\",\"increment\":false,\"insert\":true,\"isEdit\":\"1\",\"isIncrement\":\"0\",\"isInsert\":\"1\",\"isList\":\"1\",\"isPk\":\"0\",\"isQuery\":\"1\",\"isRequired\":\"1\",\"javaField\":\"questionText\",\"javaType\":\"String\",\"list\":true,\"params\":{},\"pk\":false,\"query\":true,\"queryType\":\"EQ\",\"required\":true,\"sort\":3,\"superColumn\":false,\"tableId\":5,\"updateBy\":\"\",\"updateTime\":\"2024-10-08 21:30:26\",\"usableColumn\":false},{\"capJavaField\":\"Score\",\"columnComment\":\"题目分数\",\"columnId\":28,\"columnName\":\"score\",\"columnType\":\"int(11)\",\"createBy\":\"admin\",\"createTime\":\"2024-10-08 18:22:36\",\"dictType\":\"\",\"edit\":true,\"htmlType\":\"input\",\"increment', '{\"msg\":\"操作成功\",\"code\":200}', 0, NULL, '2024-10-08 21:30:56', 21);
INSERT INTO `sys_oper_log` VALUES (134, '菜单管理', 2, 'com.ruoyi.web.controller.system.SysMenuController.edit()', 'PUT', 1, 'admin', '研发部门', '/system/menu', '127.0.0.1', '内网IP', '{\"children\":[],\"component\":\"quiz/question/index\",\"createTime\":\"2024-10-08 21:33:31\",\"icon\":\"bug\",\"isCache\":\"0\",\"isFrame\":\"1\",\"menuId\":2011,\"menuName\":\"题目管理\",\"menuType\":\"C\",\"orderNum\":1,\"params\":{},\"parentId\":2000,\"path\":\"question\",\"perms\":\"quiz:question:list\",\"routeName\":\"\",\"status\":\"0\",\"updateBy\":\"admin\",\"visible\":\"0\"}', '{\"msg\":\"操作成功\",\"code\":200}', 0, NULL, '2024-10-08 21:34:12', 19);
INSERT INTO `sys_oper_log` VALUES (135, '代码生成', 2, 'com.ruoyi.generator.controller.GenController.editSave()', 'PUT', 1, 'admin', '研发部门', '/tool/gen', '127.0.0.1', '内网IP', '{\"businessName\":\"question\",\"className\":\"DamingQuestion\",\"columns\":[{\"capJavaField\":\"Id\",\"columnComment\":\"题目id\",\"columnId\":25,\"columnName\":\"id\",\"columnType\":\"int(11)\",\"createBy\":\"admin\",\"createTime\":\"2024-10-08 18:22:36\",\"dictType\":\"\",\"edit\":false,\"htmlType\":\"input\",\"increment\":true,\"insert\":true,\"isIncrement\":\"1\",\"isInsert\":\"1\",\"isPk\":\"1\",\"isRequired\":\"0\",\"javaField\":\"id\",\"javaType\":\"Long\",\"list\":false,\"params\":{},\"pk\":true,\"query\":false,\"queryType\":\"EQ\",\"required\":false,\"sort\":1,\"superColumn\":false,\"tableId\":5,\"updateBy\":\"\",\"updateTime\":\"2024-10-08 21:30:56\",\"usableColumn\":false},{\"capJavaField\":\"QuestionType\",\"columnComment\":\"题目类型\",\"columnId\":26,\"columnName\":\"question_type\",\"columnType\":\"tinyint(4)\",\"createBy\":\"admin\",\"createTime\":\"2024-10-08 18:22:36\",\"dictType\":\"\",\"edit\":true,\"htmlType\":\"select\",\"increment\":false,\"insert\":true,\"isEdit\":\"1\",\"isIncrement\":\"0\",\"isInsert\":\"1\",\"isList\":\"1\",\"isPk\":\"0\",\"isQuery\":\"1\",\"isRequired\":\"1\",\"javaField\":\"questionType\",\"javaType\":\"Integer\",\"list\":true,\"params\":{},\"pk\":false,\"query\":true,\"queryType\":\"EQ\",\"required\":true,\"sort\":2,\"superColumn\":false,\"tableId\":5,\"updateBy\":\"\",\"updateTime\":\"2024-10-08 21:30:56\",\"usableColumn\":false},{\"capJavaField\":\"QuestionText\",\"columnComment\":\"题目题干内容\",\"columnId\":27,\"columnName\":\"question_text\",\"columnType\":\"text\",\"createBy\":\"admin\",\"createTime\":\"2024-10-08 18:22:36\",\"dictType\":\"\",\"edit\":true,\"htmlType\":\"textarea\",\"increment\":false,\"insert\":true,\"isEdit\":\"1\",\"isIncrement\":\"0\",\"isInsert\":\"1\",\"isList\":\"1\",\"isPk\":\"0\",\"isQuery\":\"1\",\"isRequired\":\"1\",\"javaField\":\"questionText\",\"javaType\":\"String\",\"list\":true,\"params\":{},\"pk\":false,\"query\":true,\"queryType\":\"EQ\",\"required\":true,\"sort\":3,\"superColumn\":false,\"tableId\":5,\"updateBy\":\"\",\"updateTime\":\"2024-10-08 21:30:56\",\"usableColumn\":false},{\"capJavaField\":\"Score\",\"columnComment\":\"题目分数\",\"columnId\":28,\"columnName\":\"score\",\"columnType\":\"int(11)\",\"createBy\":\"admin\",\"createTime\":\"2024-10-08 18:22:36\",\"dictType\":\"\",\"edit\":true,\"htmlType\":\"input\",\"increment\":false', '{\"msg\":\"操作成功\",\"code\":200}', 0, NULL, '2024-10-08 21:53:39', 47);
INSERT INTO `sys_oper_log` VALUES (136, '题目表', 5, 'com.dm.quiz.controller.DamingQuestionController.export()', 'POST', 1, 'admin', '研发部门', '/quiz/question/export', '127.0.0.1', '内网IP', '{\"pageSize\":\"10\",\"pageNum\":\"1\"}', NULL, 0, NULL, '2024-10-08 21:57:08', 616);
INSERT INTO `sys_oper_log` VALUES (137, '代码生成', 2, 'com.ruoyi.generator.controller.GenController.editSave()', 'PUT', 1, 'admin', '研发部门', '/tool/gen', '127.0.0.1', '内网IP', '{\"businessName\":\"question\",\"className\":\"DamingQuestion\",\"columns\":[{\"capJavaField\":\"Id\",\"columnComment\":\"题目id\",\"columnId\":25,\"columnName\":\"id\",\"columnType\":\"int(11)\",\"createBy\":\"admin\",\"createTime\":\"2024-10-08 18:22:36\",\"dictType\":\"\",\"edit\":false,\"htmlType\":\"input\",\"increment\":true,\"insert\":true,\"isIncrement\":\"1\",\"isInsert\":\"1\",\"isPk\":\"1\",\"isRequired\":\"0\",\"javaField\":\"id\",\"javaType\":\"Long\",\"list\":false,\"params\":{},\"pk\":true,\"query\":false,\"queryType\":\"EQ\",\"required\":false,\"sort\":1,\"superColumn\":false,\"tableId\":5,\"updateBy\":\"\",\"updateTime\":\"2024-10-08 21:53:39\",\"usableColumn\":false},{\"capJavaField\":\"QuestionType\",\"columnComment\":\"题目类型\",\"columnId\":26,\"columnName\":\"question_type\",\"columnType\":\"tinyint(4)\",\"createBy\":\"admin\",\"createTime\":\"2024-10-08 18:22:36\",\"dictType\":\"\",\"edit\":true,\"htmlType\":\"select\",\"increment\":false,\"insert\":true,\"isEdit\":\"1\",\"isIncrement\":\"0\",\"isInsert\":\"1\",\"isList\":\"1\",\"isPk\":\"0\",\"isQuery\":\"1\",\"isRequired\":\"1\",\"javaField\":\"questionType\",\"javaType\":\"Integer\",\"list\":true,\"params\":{},\"pk\":false,\"query\":true,\"queryType\":\"EQ\",\"required\":true,\"sort\":2,\"superColumn\":false,\"tableId\":5,\"updateBy\":\"\",\"updateTime\":\"2024-10-08 21:53:39\",\"usableColumn\":false},{\"capJavaField\":\"QuestionText\",\"columnComment\":\"题目题干内容\",\"columnId\":27,\"columnName\":\"question_text\",\"columnType\":\"text\",\"createBy\":\"admin\",\"createTime\":\"2024-10-08 18:22:36\",\"dictType\":\"\",\"edit\":true,\"htmlType\":\"textarea\",\"increment\":false,\"insert\":true,\"isEdit\":\"1\",\"isIncrement\":\"0\",\"isInsert\":\"1\",\"isList\":\"1\",\"isPk\":\"0\",\"isQuery\":\"1\",\"isRequired\":\"1\",\"javaField\":\"questionText\",\"javaType\":\"String\",\"list\":true,\"params\":{},\"pk\":false,\"query\":true,\"queryType\":\"EQ\",\"required\":true,\"sort\":3,\"superColumn\":false,\"tableId\":5,\"updateBy\":\"\",\"updateTime\":\"2024-10-08 21:53:39\",\"usableColumn\":false},{\"capJavaField\":\"Score\",\"columnComment\":\"题目分数\",\"columnId\":28,\"columnName\":\"score\",\"columnType\":\"int(11)\",\"createBy\":\"admin\",\"createTime\":\"2024-10-08 18:22:36\",\"dictType\":\"\",\"edit\":true,\"htmlType\":\"input\",\"increment\":false', '{\"msg\":\"操作成功\",\"code\":200}', 0, NULL, '2024-10-08 22:03:22', 26);
INSERT INTO `sys_oper_log` VALUES (138, '代码生成', 2, 'com.ruoyi.generator.controller.GenController.editSave()', 'PUT', 1, 'admin', '研发部门', '/tool/gen', '127.0.0.1', '内网IP', '{\"businessName\":\"question\",\"className\":\"DamingQuestion\",\"columns\":[{\"capJavaField\":\"Id\",\"columnComment\":\"题目id\",\"columnId\":25,\"columnName\":\"id\",\"columnType\":\"int(11)\",\"createBy\":\"admin\",\"createTime\":\"2024-10-08 18:22:36\",\"dictType\":\"\",\"edit\":false,\"htmlType\":\"input\",\"increment\":true,\"insert\":true,\"isIncrement\":\"1\",\"isInsert\":\"1\",\"isPk\":\"1\",\"isRequired\":\"0\",\"javaField\":\"id\",\"javaType\":\"Long\",\"list\":false,\"params\":{},\"pk\":true,\"query\":false,\"queryType\":\"EQ\",\"required\":false,\"sort\":1,\"superColumn\":false,\"tableId\":5,\"updateBy\":\"\",\"updateTime\":\"2024-10-08 22:03:22\",\"usableColumn\":false},{\"capJavaField\":\"QuestionType\",\"columnComment\":\"题目类型\",\"columnId\":26,\"columnName\":\"question_type\",\"columnType\":\"tinyint(4)\",\"createBy\":\"admin\",\"createTime\":\"2024-10-08 18:22:36\",\"dictType\":\"\",\"edit\":true,\"htmlType\":\"select\",\"increment\":false,\"insert\":true,\"isEdit\":\"1\",\"isIncrement\":\"0\",\"isInsert\":\"1\",\"isList\":\"1\",\"isPk\":\"0\",\"isQuery\":\"1\",\"isRequired\":\"1\",\"javaField\":\"questionType\",\"javaType\":\"Integer\",\"list\":true,\"params\":{},\"pk\":false,\"query\":true,\"queryType\":\"EQ\",\"required\":true,\"sort\":2,\"superColumn\":false,\"tableId\":5,\"updateBy\":\"\",\"updateTime\":\"2024-10-08 22:03:22\",\"usableColumn\":false},{\"capJavaField\":\"QuestionText\",\"columnComment\":\"题目题干内容\",\"columnId\":27,\"columnName\":\"question_text\",\"columnType\":\"text\",\"createBy\":\"admin\",\"createTime\":\"2024-10-08 18:22:36\",\"dictType\":\"\",\"edit\":true,\"htmlType\":\"textarea\",\"increment\":false,\"insert\":true,\"isEdit\":\"1\",\"isIncrement\":\"0\",\"isInsert\":\"1\",\"isList\":\"1\",\"isPk\":\"0\",\"isQuery\":\"1\",\"isRequired\":\"1\",\"javaField\":\"questionText\",\"javaType\":\"String\",\"list\":true,\"params\":{},\"pk\":false,\"query\":true,\"queryType\":\"EQ\",\"required\":true,\"sort\":3,\"superColumn\":false,\"tableId\":5,\"updateBy\":\"\",\"updateTime\":\"2024-10-08 22:03:22\",\"usableColumn\":false},{\"capJavaField\":\"Score\",\"columnComment\":\"题目分数\",\"columnId\":28,\"columnName\":\"score\",\"columnType\":\"int(11)\",\"createBy\":\"admin\",\"createTime\":\"2024-10-08 18:22:36\",\"dictType\":\"\",\"edit\":true,\"htmlType\":\"input\",\"increment\":false', '{\"msg\":\"操作成功\",\"code\":200}', 0, NULL, '2024-10-08 22:05:07', 32);
INSERT INTO `sys_oper_log` VALUES (139, '字典类型', 1, 'com.ruoyi.web.controller.system.SysDictTypeController.add()', 'POST', 1, 'admin', '研发部门', '/system/dict/type', '127.0.0.1', '内网IP', '{\"createBy\":\"admin\",\"dictName\":\"题目类型\",\"dictType\":\"question_type\",\"params\":{},\"status\":\"0\"}', '{\"msg\":\"操作成功\",\"code\":200}', 0, NULL, '2024-10-08 22:05:48', 14);
INSERT INTO `sys_oper_log` VALUES (140, '字典类型', 2, 'com.ruoyi.web.controller.system.SysDictTypeController.edit()', 'PUT', 1, 'admin', '研发部门', '/system/dict/type', '127.0.0.1', '内网IP', '{\"createBy\":\"admin\",\"createTime\":\"2024-10-08 22:05:48\",\"dictId\":100,\"dictName\":\"题目类型\",\"dictType\":\"question_type\",\"params\":{},\"remark\":\"题目类型字典\",\"status\":\"0\",\"updateBy\":\"admin\"}', '{\"msg\":\"操作成功\",\"code\":200}', 0, NULL, '2024-10-08 22:06:11', 49);
INSERT INTO `sys_oper_log` VALUES (141, '字典数据', 1, 'com.ruoyi.web.controller.system.SysDictDataController.add()', 'POST', 1, 'admin', '研发部门', '/system/dict/data', '127.0.0.1', '内网IP', '{\"createBy\":\"admin\",\"cssClass\":\"\",\"default\":false,\"dictLabel\":\"单选题\",\"dictSort\":0,\"dictType\":\"question_type\",\"dictValue\":\"1\",\"listClass\":\"success\",\"params\":{},\"remark\":\"单选题\",\"status\":\"0\"}', '{\"msg\":\"操作成功\",\"code\":200}', 0, NULL, '2024-10-08 22:07:01', 15);
INSERT INTO `sys_oper_log` VALUES (142, '字典数据', 1, 'com.ruoyi.web.controller.system.SysDictDataController.add()', 'POST', 1, 'admin', '研发部门', '/system/dict/data', '127.0.0.1', '内网IP', '{\"createBy\":\"admin\",\"default\":false,\"dictLabel\":\"多选题\",\"dictSort\":0,\"dictType\":\"question_type\",\"dictValue\":\"2\",\"listClass\":\"success\",\"params\":{},\"status\":\"0\"}', '{\"msg\":\"操作成功\",\"code\":200}', 0, NULL, '2024-10-08 22:07:35', 12);
INSERT INTO `sys_oper_log` VALUES (143, '字典数据', 2, 'com.ruoyi.web.controller.system.SysDictDataController.edit()', 'PUT', 1, 'admin', '研发部门', '/system/dict/data', '127.0.0.1', '内网IP', '{\"createBy\":\"admin\",\"createTime\":\"2024-10-08 22:07:35\",\"default\":false,\"dictCode\":101,\"dictLabel\":\"多选题\",\"dictSort\":0,\"dictType\":\"question_type\",\"dictValue\":\"2\",\"isDefault\":\"N\",\"listClass\":\"success\",\"params\":{},\"remark\":\"多选题\",\"status\":\"0\",\"updateBy\":\"admin\"}', '{\"msg\":\"操作成功\",\"code\":200}', 0, NULL, '2024-10-08 22:07:40', 11);
INSERT INTO `sys_oper_log` VALUES (144, '字典数据', 1, 'com.ruoyi.web.controller.system.SysDictDataController.add()', 'POST', 1, 'admin', '研发部门', '/system/dict/data', '127.0.0.1', '内网IP', '{\"createBy\":\"admin\",\"default\":false,\"dictLabel\":\"主观题\",\"dictSort\":0,\"dictType\":\"question_type\",\"dictValue\":\"3\",\"listClass\":\"success\",\"params\":{},\"remark\":\"主观题\",\"status\":\"0\"}', '{\"msg\":\"操作成功\",\"code\":200}', 0, NULL, '2024-10-08 22:07:59', 8);
INSERT INTO `sys_oper_log` VALUES (145, '代码生成', 2, 'com.ruoyi.generator.controller.GenController.editSave()', 'PUT', 1, 'admin', '研发部门', '/tool/gen', '127.0.0.1', '内网IP', '{\"businessName\":\"question\",\"className\":\"DamingQuestion\",\"columns\":[{\"capJavaField\":\"Id\",\"columnComment\":\"题目id\",\"columnId\":25,\"columnName\":\"id\",\"columnType\":\"int(11)\",\"createBy\":\"admin\",\"createTime\":\"2024-10-08 18:22:36\",\"dictType\":\"\",\"edit\":false,\"htmlType\":\"input\",\"increment\":true,\"insert\":true,\"isIncrement\":\"1\",\"isInsert\":\"1\",\"isPk\":\"1\",\"isRequired\":\"0\",\"javaField\":\"id\",\"javaType\":\"Long\",\"list\":false,\"params\":{},\"pk\":true,\"query\":false,\"queryType\":\"EQ\",\"required\":false,\"sort\":1,\"superColumn\":false,\"tableId\":5,\"updateBy\":\"\",\"updateTime\":\"2024-10-08 22:05:07\",\"usableColumn\":false},{\"capJavaField\":\"QuestionType\",\"columnComment\":\"题目类型\",\"columnId\":26,\"columnName\":\"question_type\",\"columnType\":\"tinyint(4)\",\"createBy\":\"admin\",\"createTime\":\"2024-10-08 18:22:36\",\"dictType\":\"question_type\",\"edit\":true,\"htmlType\":\"select\",\"increment\":false,\"insert\":true,\"isEdit\":\"1\",\"isIncrement\":\"0\",\"isInsert\":\"1\",\"isList\":\"1\",\"isPk\":\"0\",\"isQuery\":\"1\",\"isRequired\":\"1\",\"javaField\":\"questionType\",\"javaType\":\"Integer\",\"list\":true,\"params\":{},\"pk\":false,\"query\":true,\"queryType\":\"EQ\",\"required\":true,\"sort\":2,\"superColumn\":false,\"tableId\":5,\"updateBy\":\"\",\"updateTime\":\"2024-10-08 22:05:07\",\"usableColumn\":false},{\"capJavaField\":\"QuestionText\",\"columnComment\":\"题目题干内容\",\"columnId\":27,\"columnName\":\"question_text\",\"columnType\":\"text\",\"createBy\":\"admin\",\"createTime\":\"2024-10-08 18:22:36\",\"dictType\":\"\",\"edit\":true,\"htmlType\":\"textarea\",\"increment\":false,\"insert\":true,\"isEdit\":\"1\",\"isIncrement\":\"0\",\"isInsert\":\"1\",\"isList\":\"1\",\"isPk\":\"0\",\"isQuery\":\"1\",\"isRequired\":\"1\",\"javaField\":\"questionText\",\"javaType\":\"String\",\"list\":true,\"params\":{},\"pk\":false,\"query\":true,\"queryType\":\"EQ\",\"required\":true,\"sort\":3,\"superColumn\":false,\"tableId\":5,\"updateBy\":\"\",\"updateTime\":\"2024-10-08 22:05:07\",\"usableColumn\":false},{\"capJavaField\":\"Score\",\"columnComment\":\"题目分数\",\"columnId\":28,\"columnName\":\"score\",\"columnType\":\"int(11)\",\"createBy\":\"admin\",\"createTime\":\"2024-10-08 18:22:36\",\"dictType\":\"\",\"edit\":true,\"htmlType\":\"input\",\"inc', '{\"msg\":\"操作成功\",\"code\":200}', 0, NULL, '2024-10-08 22:08:25', 14);
INSERT INTO `sys_oper_log` VALUES (146, '代码生成', 2, 'com.ruoyi.generator.controller.GenController.editSave()', 'PUT', 1, 'admin', '研发部门', '/tool/gen', '127.0.0.1', '内网IP', '{\"businessName\":\"question\",\"className\":\"DamingQuestion\",\"columns\":[{\"capJavaField\":\"Id\",\"columnComment\":\"题目id\",\"columnId\":25,\"columnName\":\"id\",\"columnType\":\"int(11)\",\"createBy\":\"admin\",\"createTime\":\"2024-10-08 18:22:36\",\"dictType\":\"\",\"edit\":false,\"htmlType\":\"input\",\"increment\":true,\"insert\":true,\"isIncrement\":\"1\",\"isInsert\":\"1\",\"isPk\":\"1\",\"isRequired\":\"0\",\"javaField\":\"id\",\"javaType\":\"Long\",\"list\":false,\"params\":{},\"pk\":true,\"query\":false,\"queryType\":\"EQ\",\"required\":false,\"sort\":1,\"superColumn\":false,\"tableId\":5,\"updateBy\":\"\",\"updateTime\":\"2024-10-08 22:08:25\",\"usableColumn\":false},{\"capJavaField\":\"QuestionType\",\"columnComment\":\"题目类型\",\"columnId\":26,\"columnName\":\"question_type\",\"columnType\":\"tinyint(4)\",\"createBy\":\"admin\",\"createTime\":\"2024-10-08 18:22:36\",\"dictType\":\"question_type\",\"edit\":true,\"htmlType\":\"select\",\"increment\":false,\"insert\":true,\"isEdit\":\"1\",\"isIncrement\":\"0\",\"isInsert\":\"1\",\"isList\":\"1\",\"isPk\":\"0\",\"isQuery\":\"1\",\"isRequired\":\"1\",\"javaField\":\"questionType\",\"javaType\":\"Integer\",\"list\":true,\"params\":{},\"pk\":false,\"query\":true,\"queryType\":\"EQ\",\"required\":true,\"sort\":2,\"superColumn\":false,\"tableId\":5,\"updateBy\":\"\",\"updateTime\":\"2024-10-08 22:08:25\",\"usableColumn\":false},{\"capJavaField\":\"QuestionText\",\"columnComment\":\"题目题干内容\",\"columnId\":27,\"columnName\":\"question_text\",\"columnType\":\"text\",\"createBy\":\"admin\",\"createTime\":\"2024-10-08 18:22:36\",\"dictType\":\"\",\"edit\":true,\"htmlType\":\"textarea\",\"increment\":false,\"insert\":true,\"isEdit\":\"1\",\"isIncrement\":\"0\",\"isInsert\":\"1\",\"isList\":\"1\",\"isPk\":\"0\",\"isQuery\":\"1\",\"isRequired\":\"1\",\"javaField\":\"questionText\",\"javaType\":\"String\",\"list\":true,\"params\":{},\"pk\":false,\"query\":true,\"queryType\":\"EQ\",\"required\":true,\"sort\":3,\"superColumn\":false,\"tableId\":5,\"updateBy\":\"\",\"updateTime\":\"2024-10-08 22:08:25\",\"usableColumn\":false},{\"capJavaField\":\"Score\",\"columnComment\":\"题目分数\",\"columnId\":28,\"columnName\":\"score\",\"columnType\":\"int(11)\",\"createBy\":\"admin\",\"createTime\":\"2024-10-08 18:22:36\",\"dictType\":\"\",\"edit\":true,\"htmlType\":\"input\",\"inc', '{\"msg\":\"操作成功\",\"code\":200}', 0, NULL, '2024-10-08 22:09:22', 22);
INSERT INTO `sys_oper_log` VALUES (147, '题目表', 2, 'com.dm.quiz.controller.DamingQuestionController.edit()', 'PUT', 1, 'admin', '研发部门', '/quiz/question', '127.0.0.1', '内网IP', '{\"analysis\":\"23412\",\"correctAnswer\":\"324\",\"createTime\":\"2024-10-08 21:51:41\",\"delFlag\":23,\"id\":1,\"params\":{},\"questionText\":\"2342\",\"questionType\":1,\"score\":234,\"subjectId\":234,\"updateTime\":\"2024-10-08 23:06:40\"}', '{\"msg\":\"操作成功\",\"code\":200}', 0, NULL, '2024-10-08 23:06:40', 24);
INSERT INTO `sys_oper_log` VALUES (148, '题目表', 2, 'com.dm.quiz.controller.DamingQuestionController.edit()', 'PUT', 1, 'admin', '研发部门', '/quiz/question', '127.0.0.1', '内网IP', '{\"analysis\":\"23412323\",\"correctAnswer\":\"324\",\"createTime\":\"2024-10-08 21:51:41\",\"delFlag\":23,\"id\":1,\"params\":{},\"questionText\":\"2342\",\"questionType\":1,\"score\":234,\"subjectId\":234,\"updateTime\":\"2024-10-08 23:06:51\"}', '{\"msg\":\"操作成功\",\"code\":200}', 0, NULL, '2024-10-08 23:06:51', 10);
INSERT INTO `sys_oper_log` VALUES (149, '题目表', 2, 'com.dm.quiz.controller.DamingQuestionController.edit()', 'PUT', 1, 'admin', '研发部门', '/quiz/question', '127.0.0.1', '内网IP', '{\"analysis\":\"23412323\",\"correctAnswer\":\"324\",\"createTime\":\"2024-10-08 21:51:41\",\"delFlag\":23,\"id\":1,\"params\":{},\"questionText\":\"2342\",\"questionType\":1,\"score\":2342323,\"subjectId\":234,\"updateTime\":\"2024-10-08 23:07:06\"}', '{\"msg\":\"操作成功\",\"code\":200}', 0, NULL, '2024-10-08 23:07:06', 8);
INSERT INTO `sys_oper_log` VALUES (150, '题目表', 2, 'com.dm.quiz.controller.DamingQuestionController.edit()', 'PUT', 1, 'admin', '研发部门', '/quiz/question', '127.0.0.1', '内网IP', '{\"analysis\":\"23412323\",\"correctAnswer\":\"324\",\"createTime\":\"2024-10-08 21:51:41\",\"delFlag\":23,\"id\":1,\"params\":{},\"questionText\":\"2342\",\"questionType\":1,\"score\":23423232332,\"subjectId\":234,\"updateTime\":\"2024-10-08 23:07:09\"}', NULL, 1, '\r\n### Error updating database.  Cause: com.mysql.cj.jdbc.exceptions.MysqlDataTruncation: Data truncation: Out of range value for column \'score\' at row 1\r\n### The error may exist in file [E:\\区块链比赛\\区块链赛前B站笔记++++\\Spring系列\\个人项目实战\\刷题项目\\后台\\daming-admin\\dm_questionBank\\target\\classes\\mapper\\quiz\\DamingQuestionMapper.xml]\r\n### The error may involve com.dm.quiz.mapper.DamingQuestionMapper.updateDamingQuestion-Inline\r\n### The error occurred while setting parameters\r\n### SQL: update daming_question          SET question_type = ?,             question_text = ?,             score = ?,             correct_answer = ?,             analysis = ?,             del_flag = ?,             subject_id = ?,             create_time = ?,             update_time = ?          where id = ?\r\n### Cause: com.mysql.cj.jdbc.exceptions.MysqlDataTruncation: Data truncation: Out of range value for column \'score\' at row 1\n; Data truncation: Out of range value for column \'score\' at row 1; nested exception is com.mysql.cj.jdbc.exceptions.MysqlDataTruncation: Data truncation: Out of range value for column \'score\' at row 1', '2024-10-08 23:07:09', 103);
INSERT INTO `sys_oper_log` VALUES (151, '题目表', 2, 'com.dm.quiz.controller.DamingQuestionController.edit()', 'PUT', 1, 'admin', '研发部门', '/quiz/question', '127.0.0.1', '内网IP', '{\"analysis\":\"23412323\",\"correctAnswer\":\"324\",\"createTime\":\"2024-10-08 21:51:41\",\"delFlag\":23,\"id\":1,\"params\":{},\"questionText\":\"2342\",\"questionType\":1,\"score\":2,\"subjectId\":234,\"updateTime\":\"2024-10-08 23:07:14\"}', '{\"msg\":\"操作成功\",\"code\":200}', 0, NULL, '2024-10-08 23:07:14', 6);
INSERT INTO `sys_oper_log` VALUES (152, '题目表', 2, 'com.dm.quiz.controller.DamingQuestionController.edit()', 'PUT', 1, 'admin', '研发部门', '/quiz/question', '127.0.0.1', '内网IP', '{\"analysis\":\"23412323\",\"correctAnswer\":\"324\",\"createTime\":\"2024-10-08 21:51:41\",\"delFlag\":23,\"id\":1,\"params\":{},\"questionText\":\"23422\",\"questionType\":1,\"score\":2,\"subjectId\":234,\"updateTime\":\"2024-10-08 23:07:18\"}', '{\"msg\":\"操作成功\",\"code\":200}', 0, NULL, '2024-10-08 23:07:18', 8);
INSERT INTO `sys_oper_log` VALUES (153, '菜单管理', 3, 'com.ruoyi.web.controller.system.SysMenuController.remove()', 'DELETE', 1, 'admin', '研发部门', '/system/menu/2002', '127.0.0.1', '内网IP', '{}', '{\"msg\":\"操作成功\",\"code\":200}', 0, NULL, '2024-10-09 09:13:34', 27);
INSERT INTO `sys_oper_log` VALUES (154, '菜单管理', 3, 'com.ruoyi.web.controller.system.SysMenuController.remove()', 'DELETE', 1, 'admin', '研发部门', '/system/menu/2004', '127.0.0.1', '内网IP', '{}', '{\"msg\":\"操作成功\",\"code\":200}', 0, NULL, '2024-10-09 09:13:37', 17);
INSERT INTO `sys_oper_log` VALUES (155, '菜单管理', 1, 'com.ruoyi.web.controller.system.SysMenuController.add()', 'POST', 1, 'admin', '研发部门', '/system/menu', '127.0.0.1', '内网IP', '{\"children\":[],\"createBy\":\"admin\",\"icon\":\"example\",\"isCache\":\"0\",\"isFrame\":\"1\",\"menuName\":\"试卷管理\",\"menuType\":\"M\",\"orderNum\":1,\"params\":{},\"parentId\":0,\"path\":\"paper\",\"status\":\"0\",\"visible\":\"0\"}', '{\"msg\":\"操作成功\",\"code\":200}', 0, NULL, '2024-10-09 09:14:09', 66);
INSERT INTO `sys_oper_log` VALUES (156, '菜单管理', 2, 'com.ruoyi.web.controller.system.SysMenuController.edit()', 'PUT', 1, 'admin', '研发部门', '/system/menu', '127.0.0.1', '内网IP', '{\"children\":[],\"component\":\"quiz/question/index\",\"createTime\":\"2024-10-08 21:33:31\",\"icon\":\"bug\",\"isCache\":\"0\",\"isFrame\":\"1\",\"menuId\":2011,\"menuName\":\"题目列表\",\"menuType\":\"C\",\"orderNum\":1,\"params\":{},\"parentId\":2000,\"path\":\"question\",\"perms\":\"quiz:question:list\",\"routeName\":\"\",\"status\":\"0\",\"updateBy\":\"admin\",\"visible\":\"0\"}', '{\"msg\":\"操作成功\",\"code\":200}', 0, NULL, '2024-10-09 09:14:49', 19);
INSERT INTO `sys_oper_log` VALUES (157, '菜单管理', 1, 'com.ruoyi.web.controller.system.SysMenuController.add()', 'POST', 1, 'admin', '研发部门', '/system/menu', '127.0.0.1', '内网IP', '{\"children\":[],\"component\":\"quiz/question/single/index\",\"createBy\":\"admin\",\"icon\":\"lock\",\"isCache\":\"0\",\"isFrame\":\"1\",\"menuName\":\"单选题编写\",\"menuType\":\"C\",\"orderNum\":1,\"params\":{},\"parentId\":2000,\"path\":\"single\",\"perms\":\"quiz:single:add\",\"query\":\"{\\\"id\\\"=1}\",\"status\":\"0\",\"visible\":\"0\"}', '{\"msg\":\"操作成功\",\"code\":200}', 0, NULL, '2024-10-09 09:23:32', 17);
INSERT INTO `sys_oper_log` VALUES (158, '菜单管理', 2, 'com.ruoyi.web.controller.system.SysMenuController.edit()', 'PUT', 1, 'admin', '研发部门', '/system/menu', '127.0.0.1', '内网IP', '{\"children\":[],\"component\":\"quiz/question/single/index\",\"createTime\":\"2024-10-09 09:23:32\",\"icon\":\"lock\",\"isCache\":\"0\",\"isFrame\":\"1\",\"menuId\":2019,\"menuName\":\"单选题编写\",\"menuType\":\"C\",\"orderNum\":2,\"params\":{},\"parentId\":2000,\"path\":\"single\",\"perms\":\"quiz:single:add\",\"query\":\"{\\\"id\\\"=1}\",\"routeName\":\"\",\"status\":\"0\",\"updateBy\":\"admin\",\"visible\":\"0\"}', '{\"msg\":\"操作成功\",\"code\":200}', 0, NULL, '2024-10-09 09:24:49', 15);
INSERT INTO `sys_oper_log` VALUES (159, '菜单管理', 2, 'com.ruoyi.web.controller.system.SysMenuController.edit()', 'PUT', 1, 'admin', '研发部门', '/system/menu', '127.0.0.1', '内网IP', '{\"children\":[],\"component\":\"quiz/question/single/index\",\"createTime\":\"2024-10-09 09:23:32\",\"icon\":\"lock\",\"isCache\":\"0\",\"isFrame\":\"1\",\"menuId\":2019,\"menuName\":\"单选题编写\",\"menuType\":\"C\",\"orderNum\":2,\"params\":{},\"parentId\":2000,\"path\":\"single\",\"perms\":\"quiz:single:add\",\"query\":\"\",\"routeName\":\"\",\"status\":\"0\",\"updateBy\":\"admin\",\"visible\":\"0\"}', '{\"msg\":\"操作成功\",\"code\":200}', 0, NULL, '2024-10-09 09:25:54', 10);
INSERT INTO `sys_oper_log` VALUES (160, '菜单管理', 2, 'com.ruoyi.web.controller.system.SysMenuController.edit()', 'PUT', 1, 'admin', '研发部门', '/system/menu', '127.0.0.1', '内网IP', '{\"children\":[],\"component\":\"quiz/question/single/index\",\"createTime\":\"2024-10-09 09:23:32\",\"icon\":\"lock\",\"isCache\":\"0\",\"isFrame\":\"1\",\"menuId\":2019,\"menuName\":\"单选题编写\",\"menuType\":\"C\",\"orderNum\":2,\"params\":{},\"parentId\":2000,\"path\":\"single\",\"perms\":\"quiz:single:add\",\"query\":\"{\\\"id\\\": 1, \\\"name\\\": \\\"ry\\\"}\",\"routeName\":\"\",\"status\":\"0\",\"updateBy\":\"admin\",\"visible\":\"0\"}', '{\"msg\":\"操作成功\",\"code\":200}', 0, NULL, '2024-10-09 09:26:28', 14);
INSERT INTO `sys_oper_log` VALUES (161, '菜单管理', 2, 'com.ruoyi.web.controller.system.SysMenuController.edit()', 'PUT', 1, 'admin', '研发部门', '/system/menu', '127.0.0.1', '内网IP', '{\"children\":[],\"component\":\"quiz/question/single/index\",\"createTime\":\"2024-10-09 09:23:32\",\"icon\":\"lock\",\"isCache\":\"0\",\"isFrame\":\"1\",\"menuId\":2019,\"menuName\":\"单选题编写\",\"menuType\":\"C\",\"orderNum\":2,\"params\":{},\"parentId\":2000,\"path\":\"single\",\"perms\":\"quiz:single:add\",\"query\":\"{\\\"id\\\": 1}\",\"routeName\":\"\",\"status\":\"0\",\"updateBy\":\"admin\",\"visible\":\"0\"}', '{\"msg\":\"操作成功\",\"code\":200}', 0, NULL, '2024-10-09 09:33:08', 13);
INSERT INTO `sys_oper_log` VALUES (162, '菜单管理', 2, 'com.ruoyi.web.controller.system.SysMenuController.edit()', 'PUT', 1, 'admin', '研发部门', '/system/menu', '127.0.0.1', '内网IP', '{\"children\":[],\"component\":\"quiz/question/single/index\",\"createTime\":\"2024-10-09 09:23:32\",\"icon\":\"lock\",\"isCache\":\"0\",\"isFrame\":\"1\",\"menuId\":2019,\"menuName\":\"单选题编写\",\"menuType\":\"C\",\"orderNum\":2,\"params\":{},\"parentId\":2000,\"path\":\"single\",\"perms\":\"quiz:single:add\",\"query\":\"\",\"routeName\":\"\",\"status\":\"0\",\"updateBy\":\"admin\",\"visible\":\"0\"}', '{\"msg\":\"操作成功\",\"code\":200}', 0, NULL, '2024-10-09 09:35:25', 12);
INSERT INTO `sys_oper_log` VALUES (163, '题目表', 1, 'com.dm.quiz.controller.DamingQuestionController.add()', 'POST', 1, 'admin', '研发部门', '/quiz/question', '127.0.0.1', '内网IP', '{\"analysis\":\"test\",\"correctAnswer\":\"2\",\"createTime\":\"2024-10-09 10:24:24\",\"id\":2,\"params\":{},\"questionText\":\"test\",\"questionType\":1,\"score\":54,\"subjectId\":1}', '{\"msg\":\"操作成功\",\"code\":200}', 0, NULL, '2024-10-09 10:24:24', 7117);
INSERT INTO `sys_oper_log` VALUES (164, '题目表', 1, 'com.dm.quiz.controller.DamingQuestionController.add()', 'POST', 1, 'admin', '研发部门', '/quiz/question', '127.0.0.1', '内网IP', '{\"analysis\":\"test\",\"correctAnswer\":\"2\",\"id\":3,\"params\":{},\"questionText\":\"test\",\"questionType\":1,\"score\":54,\"subjectId\":1}', '{\"msg\":\"操作成功\",\"code\":200}', 0, NULL, '2024-10-09 10:26:20', 1588);
INSERT INTO `sys_oper_log` VALUES (165, '代码生成', 3, 'com.ruoyi.generator.controller.GenController.remove()', 'DELETE', 1, 'admin', '研发部门', '/tool/gen/1', '127.0.0.1', '内网IP', '{}', '{\"msg\":\"操作成功\",\"code\":200}', 0, NULL, '2024-10-09 14:56:25', 44);
INSERT INTO `sys_oper_log` VALUES (166, '代码生成', 6, 'com.ruoyi.generator.controller.GenController.importTableSave()', 'POST', 1, 'admin', '研发部门', '/tool/gen/importTable', '127.0.0.1', '内网IP', '{\"tables\":\"daming_question_info\"}', '{\"msg\":\"操作成功\",\"code\":200}', 0, NULL, '2024-10-09 14:56:38', 39);
INSERT INTO `sys_oper_log` VALUES (167, '代码生成', 2, 'com.ruoyi.generator.controller.GenController.editSave()', 'PUT', 1, 'admin', '研发部门', '/tool/gen', '127.0.0.1', '内网IP', '{\"businessName\":\"info\",\"className\":\"DamingQuestionInfo\",\"columns\":[{\"capJavaField\":\"Id\",\"columnComment\":\"题目信息id\",\"columnId\":82,\"columnName\":\"id\",\"columnType\":\"int(11)\",\"createBy\":\"admin\",\"createTime\":\"2024-10-09 14:56:38\",\"dictType\":\"\",\"edit\":false,\"htmlType\":\"input\",\"increment\":true,\"insert\":true,\"isIncrement\":\"1\",\"isInsert\":\"1\",\"isPk\":\"1\",\"isRequired\":\"0\",\"javaField\":\"id\",\"javaType\":\"Long\",\"list\":false,\"params\":{},\"pk\":true,\"query\":false,\"queryType\":\"EQ\",\"required\":false,\"sort\":1,\"superColumn\":false,\"tableId\":11,\"updateBy\":\"\",\"usableColumn\":false},{\"capJavaField\":\"Content\",\"columnComment\":\"题目信息内容\",\"columnId\":83,\"columnName\":\"content\",\"columnType\":\"text\",\"createBy\":\"admin\",\"createTime\":\"2024-10-09 14:56:38\",\"dictType\":\"\",\"edit\":true,\"htmlType\":\"editor\",\"increment\":false,\"insert\":true,\"isEdit\":\"1\",\"isIncrement\":\"0\",\"isInsert\":\"1\",\"isList\":\"1\",\"isPk\":\"0\",\"isQuery\":\"1\",\"isRequired\":\"1\",\"javaField\":\"content\",\"javaType\":\"String\",\"list\":true,\"params\":{},\"pk\":false,\"query\":true,\"queryType\":\"EQ\",\"required\":true,\"sort\":2,\"superColumn\":false,\"tableId\":11,\"updateBy\":\"\",\"usableColumn\":false},{\"capJavaField\":\"CreateTime\",\"columnComment\":\"创建时间\",\"columnId\":84,\"columnName\":\"create_time\",\"columnType\":\"datetime\",\"createBy\":\"admin\",\"createTime\":\"2024-10-09 14:56:38\",\"dictType\":\"\",\"edit\":false,\"htmlType\":\"datetime\",\"increment\":false,\"insert\":true,\"isIncrement\":\"0\",\"isInsert\":\"1\",\"isPk\":\"0\",\"isRequired\":\"0\",\"javaField\":\"createTime\",\"javaType\":\"Date\",\"list\":false,\"params\":{},\"pk\":false,\"query\":false,\"queryType\":\"EQ\",\"required\":false,\"sort\":3,\"superColumn\":true,\"tableId\":11,\"updateBy\":\"\",\"usableColumn\":false}],\"crud\":true,\"functionAuthor\":\"zww\",\"functionName\":\"题目信息\",\"genPath\":\"/\",\"genType\":\"0\",\"moduleName\":\"quiz\",\"options\":\"{\\\"parentMenuId\\\":2000}\",\"packageName\":\"com.dm.quiz\",\"params\":{\"parentMenuId\":2000},\"parentMenuId\":2000,\"remark\":\"题目信息表\",\"sub\":false,\"tableComment\":\"题目信息表\",\"tableId\":11,\"tableName\":\"daming_question_info\",\"tplCategory\":\"crud\",\"tplWebType\":\"element-ui\",\"tree\":false}', '{\"msg\":\"操作成功\",\"code\":200}', 0, NULL, '2024-10-09 15:04:51', 31);
INSERT INTO `sys_oper_log` VALUES (168, '题目表', 1, 'com.dm.quiz.controller.DamingQuestionController.add()', 'POST', 1, 'admin', '研发部门', '/quiz/question', '127.0.0.1', '内网IP', '{\"analysis\":\"23\",\"correctAnswer\":\"2\",\"params\":{},\"questionText\":\"23\",\"questionType\":1,\"score\":54,\"subjectId\":1}', NULL, 1, '\r\n### Error updating database.  Cause: java.sql.SQLSyntaxErrorException: Unknown column \'question_text\' in \'field list\'\r\n### The error may exist in file [E:\\区块链比赛\\区块链赛前B站笔记++++\\Spring系列\\个人项目实战\\刷题项目\\后台\\daming-admin\\dm_questionBank\\target\\classes\\mapper\\quiz\\DamingQuestionMapper.xml]\r\n### The error may involve com.dm.quiz.mapper.DamingQuestionMapper.insertDamingQuestion-Inline\r\n### The error occurred while setting parameters\r\n### SQL: insert into daming_question          ( question_type,             question_text,             score,             correct_answer,             analysis,                          subject_id )           values ( ?,             ?,             ?,             ?,             ?,                          ? )\r\n### Cause: java.sql.SQLSyntaxErrorException: Unknown column \'question_text\' in \'field list\'\n; bad SQL grammar []; nested exception is java.sql.SQLSyntaxErrorException: Unknown column \'question_text\' in \'field list\'', '2024-10-09 15:14:44', 96);
INSERT INTO `sys_oper_log` VALUES (169, '题目表', 1, 'com.dm.quiz.controller.DamingQuestionController.add()', 'POST', 1, 'admin', '研发部门', '/quiz/question', '127.0.0.1', '内网IP', '{\"analysis\":\"23\",\"correctAnswer\":\"2\",\"params\":{},\"questionText\":\"23\",\"questionType\":1,\"score\":54,\"subjectId\":1}', NULL, 1, '\r\n### Error updating database.  Cause: java.sql.SQLSyntaxErrorException: Unknown column \'question_text\' in \'field list\'\r\n### The error may exist in file [E:\\区块链比赛\\区块链赛前B站笔记++++\\Spring系列\\个人项目实战\\刷题项目\\后台\\daming-admin\\dm_questionBank\\target\\classes\\mapper\\quiz\\DamingQuestionMapper.xml]\r\n### The error may involve com.dm.quiz.mapper.DamingQuestionMapper.insertDamingQuestion-Inline\r\n### The error occurred while setting parameters\r\n### SQL: insert into daming_question          ( question_type,             question_text,             score,             correct_answer,             analysis,                          subject_id )           values ( ?,             ?,             ?,             ?,             ?,                          ? )\r\n### Cause: java.sql.SQLSyntaxErrorException: Unknown column \'question_text\' in \'field list\'\n; bad SQL grammar []; nested exception is java.sql.SQLSyntaxErrorException: Unknown column \'question_text\' in \'field list\'', '2024-10-09 15:14:49', 4);
INSERT INTO `sys_oper_log` VALUES (170, '题目表', 1, 'com.dm.quiz.controller.DamingQuestionController.add()', 'POST', 1, 'admin', '研发部门', '/quiz/question', '127.0.0.1', '内网IP', '{\"analysis\":\"1\",\"questionType\":1,\"score\":54,\"subjectId\":1}', NULL, 1, '', '2024-10-09 18:27:27', 6);
INSERT INTO `sys_oper_log` VALUES (171, '题目表', 1, 'com.dm.quiz.controller.DamingQuestionController.add()', 'POST', 1, 'admin', '研发部门', '/quiz/question', '127.0.0.1', '内网IP', '{\"analysis\":\"1\",\"questionType\":1,\"score\":54,\"subjectId\":1}', NULL, 1, '', '2024-10-09 18:36:26', 491259);
INSERT INTO `sys_oper_log` VALUES (172, '题目表', 1, 'com.dm.quiz.controller.DamingQuestionController.add()', 'POST', 1, 'admin', '研发部门', '/quiz/question', '127.0.0.1', '内网IP', '{\"analysis\":\"1\",\"items\":[{\"content\":\"1\",\"prefix\":\"A\"},{\"content\":\"1\",\"prefix\":\"B\"},{\"content\":\"1\",\"prefix\":\"C\"},{\"content\":\"1\",\"prefix\":\"D\"}],\"questionType\":1,\"score\":54,\"subjectId\":1}', NULL, 1, 'nested exception is org.apache.ibatis.reflection.ReflectionException: There is no getter for property named \'questionText\' in \'class com.dm.quiz.domain.DamingQuestion\'', '2024-10-09 18:36:54', 15811);
INSERT INTO `sys_oper_log` VALUES (173, '题目表', 1, 'com.dm.quiz.controller.DamingQuestionController.add()', 'POST', 1, 'admin', '研发部门', '/quiz/question', '127.0.0.1', '内网IP', '{\"analysis\":\"1\",\"items\":[{\"content\":\"1\",\"prefix\":\"A\"},{\"content\":\"1\",\"prefix\":\"B\"},{\"content\":\"1\",\"prefix\":\"C\"},{\"content\":\"1\",\"prefix\":\"D\"}],\"questionType\":1,\"score\":54,\"subjectId\":1}', NULL, 1, 'nested exception is org.apache.ibatis.reflection.ReflectionException: There is no getter for property named \'questionText\' in \'class com.dm.quiz.domain.DamingQuestion\'', '2024-10-09 18:37:49', 49679);
INSERT INTO `sys_oper_log` VALUES (174, '题目表', 1, 'com.dm.quiz.controller.DamingQuestionController.add()', 'POST', 1, 'admin', '研发部门', '/quiz/question', '127.0.0.1', '内网IP', '{\"analysis\":\"1\",\"items\":[{\"content\":\"1\",\"prefix\":\"A\"},{\"content\":\"1\",\"prefix\":\"B\"},{\"content\":\"1\",\"prefix\":\"C\"},{\"content\":\"1\",\"prefix\":\"D\"}],\"questionType\":1,\"score\":54,\"subjectId\":1}', NULL, 1, 'nested exception is org.apache.ibatis.reflection.ReflectionException: There is no getter for property named \'questionText\' in \'class com.dm.quiz.domain.DamingQuestion\'', '2024-10-09 18:39:07', 75561);
INSERT INTO `sys_oper_log` VALUES (175, '题目表', 1, 'com.dm.quiz.controller.DamingQuestionController.add()', 'POST', 1, 'admin', '研发部门', '/quiz/question', '127.0.0.1', '内网IP', '{\"analysis\":\"1\",\"items\":[{\"content\":\"\",\"prefix\":\"A\"},{\"content\":\"\",\"prefix\":\"B\"},{\"content\":\"\",\"prefix\":\"C\"},{\"content\":\"\",\"prefix\":\"D\"}],\"questionTitle\":\"1\",\"questionType\":1,\"score\":54,\"subjectId\":1}', NULL, 1, 'nested exception is org.apache.ibatis.reflection.ReflectionException: There is no getter for property named \'questionText\' in \'class com.dm.quiz.domain.DamingQuestion\'', '2024-10-09 18:39:17', 3684);
INSERT INTO `sys_oper_log` VALUES (176, '题目表', 1, 'com.dm.quiz.controller.DamingQuestionController.add()', 'POST', 1, 'admin', '研发部门', '/quiz/question', '127.0.0.1', '内网IP', '{\"analysis\":\"1\",\"items\":[{\"content\":\"1\",\"prefix\":\"A\"},{\"content\":\"1\",\"prefix\":\"B\"},{\"content\":\"1\",\"prefix\":\"C\"},{\"content\":\"1\",\"prefix\":\"D\"}],\"questionTitle\":\"1\",\"questionType\":1,\"score\":54,\"subjectId\":1}', NULL, 1, 'nested exception is org.apache.ibatis.reflection.ReflectionException: There is no getter for property named \'questionText\' in \'class com.dm.quiz.domain.DamingQuestion\'', '2024-10-09 18:40:05', 41686);
INSERT INTO `sys_oper_log` VALUES (177, '题目表', 1, 'com.dm.quiz.controller.DamingQuestionController.add()', 'POST', 1, 'admin', '研发部门', '/quiz/question', '127.0.0.1', '内网IP', '{\"analysis\":\"1\",\"correct\":\"2\",\"items\":[{\"content\":\"1\",\"prefix\":\"A\"},{\"content\":\"1\",\"prefix\":\"B\"},{\"content\":\"1\",\"prefix\":\"C\"},{\"content\":\"1\",\"prefix\":\"D\"}],\"questionTitle\":\"1\",\"questionType\":1,\"score\":54,\"subjectId\":1}', NULL, 1, 'nested exception is org.apache.ibatis.reflection.ReflectionException: There is no getter for property named \'questionText\' in \'class com.dm.quiz.domain.DamingQuestion\'', '2024-10-09 18:41:02', 53626);
INSERT INTO `sys_oper_log` VALUES (178, '代码生成', 2, 'com.ruoyi.generator.controller.GenController.synchDb()', 'GET', 1, 'admin', '研发部门', '/tool/gen/synchDb/daming_question', '127.0.0.1', '内网IP', '{}', '{\"msg\":\"操作成功\",\"code\":200}', 0, NULL, '2024-10-09 18:42:42', 85);
INSERT INTO `sys_oper_log` VALUES (179, '题目表', 1, 'com.dm.quiz.controller.DamingQuestionController.add()', 'POST', 1, 'admin', '研发部门', '/quiz/question', '127.0.0.1', '内网IP', '{\"analysis\":\"1\",\"correct\":\"2\",\"items\":[{\"content\":\"1\",\"prefix\":\"A\"},{\"content\":\"11\",\"prefix\":\"B\"},{\"content\":\"1\",\"prefix\":\"C\"},{\"content\":\"1\",\"prefix\":\"D\"}],\"questionTitle\":\"1\",\"questionType\":1,\"score\":54,\"subjectId\":1}', NULL, 1, 'nested exception is org.apache.ibatis.reflection.ReflectionException: There is no getter for property named \'score\' in \'class com.dm.quiz.domain.DamingQuestion\'', '2024-10-09 18:43:39', 5659);
INSERT INTO `sys_oper_log` VALUES (180, '题目表', 1, 'com.dm.quiz.controller.DamingQuestionController.add()', 'POST', 1, 'admin', '研发部门', '/quiz/question', '127.0.0.1', '内网IP', '{\"analysis\":\"1\",\"correct\":\"2\",\"items\":[{\"content\":\"1\",\"prefix\":\"A\"},{\"content\":\"11\",\"prefix\":\"B\"},{\"content\":\"1\",\"prefix\":\"C\"},{\"content\":\"1\",\"prefix\":\"D\"}],\"questionTitle\":\"1\",\"questionType\":1,\"score\":54,\"subjectId\":1}', NULL, 1, '\r\n### Error updating database.  Cause: java.sql.SQLException: Field \'score\' doesn\'t have a default value\r\n### The error may exist in file [E:\\区块链比赛\\区块链赛前B站笔记++++\\Spring系列\\个人项目实战\\刷题项目\\后台\\daming-admin\\dm_questionBank\\target\\classes\\mapper\\quiz\\DamingQuestionMapper.xml]\r\n### The error may involve com.dm.quiz.mapper.DamingQuestionMapper.insertDamingQuestion-Inline\r\n### The error occurred while setting parameters\r\n### SQL: insert into daming_question          ( question_type,             question_info_id,                                       subject_id )           values ( ?,             ?,                                       ? )\r\n### Cause: java.sql.SQLException: Field \'score\' doesn\'t have a default value\n; Field \'score\' doesn\'t have a default value; nested exception is java.sql.SQLException: Field \'score\' doesn\'t have a default value', '2024-10-09 18:45:19', 2513);
INSERT INTO `sys_oper_log` VALUES (181, '题目表', 1, 'com.dm.quiz.controller.DamingQuestionController.add()', 'POST', 1, 'admin', '研发部门', '/quiz/question', '127.0.0.1', '内网IP', '{\"analysis\":\"1\",\"correct\":\"2\",\"items\":[{\"content\":\"1\",\"prefix\":\"A\"},{\"content\":\"11\",\"prefix\":\"B\"},{\"content\":\"1\",\"prefix\":\"C\"},{\"content\":\"1\",\"prefix\":\"D\"}],\"questionTitle\":\"1\",\"questionType\":1,\"score\":54,\"subjectId\":1}', NULL, 1, '\r\n### Error updating database.  Cause: java.sql.SQLException: Field \'score\' doesn\'t have a default value\r\n### The error may exist in file [E:\\区块链比赛\\区块链赛前B站笔记++++\\Spring系列\\个人项目实战\\刷题项目\\后台\\daming-admin\\dm_questionBank\\target\\classes\\mapper\\quiz\\DamingQuestionMapper.xml]\r\n### The error may involve com.dm.quiz.mapper.DamingQuestionMapper.insertDamingQuestion-Inline\r\n### The error occurred while setting parameters\r\n### SQL: insert into daming_question          ( question_type,             question_info_id,                                       subject_id )           values ( ?,             ?,                                       ? )\r\n### Cause: java.sql.SQLException: Field \'score\' doesn\'t have a default value\n; Field \'score\' doesn\'t have a default value; nested exception is java.sql.SQLException: Field \'score\' doesn\'t have a default value', '2024-10-09 18:46:21', 25628);
INSERT INTO `sys_oper_log` VALUES (182, '题目表', 1, 'com.dm.quiz.controller.DamingQuestionController.add()', 'POST', 1, 'admin', '研发部门', '/quiz/question', '127.0.0.1', '内网IP', '{\"analysis\":\"1\",\"correct\":\"2\",\"items\":[{\"content\":\"1\",\"prefix\":\"A\"},{\"content\":\"11\",\"prefix\":\"B\"},{\"content\":\"1\",\"prefix\":\"C\"},{\"content\":\"1\",\"prefix\":\"D\"}],\"questionTitle\":\"1\",\"questionType\":1,\"score\":54,\"subjectId\":1}', '{\"msg\":\"操作成功\",\"code\":200}', 0, NULL, '2024-10-09 18:46:39', 2929);
INSERT INTO `sys_oper_log` VALUES (183, '题目表', 1, 'com.dm.quiz.controller.DamingQuestionController.add()', 'POST', 1, 'admin', '研发部门', '/quiz/question', '127.0.0.1', '内网IP', '{\"analysis\":\"1\",\"correct\":\"2\",\"items\":[{\"content\":\"1\",\"prefix\":\"A\"},{\"content\":\"11\",\"prefix\":\"B\"},{\"content\":\"1\",\"prefix\":\"C\"},{\"content\":\"1\",\"prefix\":\"D\"}],\"questionTitle\":\"1\",\"questionType\":1,\"score\":54,\"subjectId\":2}', '{\"msg\":\"操作成功\",\"code\":200}', 0, NULL, '2024-10-10 09:27:08', 38);
INSERT INTO `sys_oper_log` VALUES (184, '题目表', 1, 'com.dm.quiz.controller.DamingQuestionController.add()', 'POST', 1, 'admin', '研发部门', '/quiz/question', '127.0.0.1', '内网IP', '{\"analysis\":\"1\",\"correct\":\"2\",\"items\":[{\"content\":\"1\",\"prefix\":\"A\"},{\"content\":\"11\",\"prefix\":\"B\"},{\"content\":\"1\",\"prefix\":\"C\"},{\"content\":\"1\",\"prefix\":\"D\"}],\"questionTitle\":\"1\",\"questionType\":1,\"score\":54,\"subjectId\":2}', '{\"msg\":\"操作成功\",\"code\":200}', 0, NULL, '2024-10-10 09:27:10', 12);
INSERT INTO `sys_oper_log` VALUES (185, '题目表', 1, 'com.dm.quiz.controller.DamingQuestionController.add()', 'POST', 1, 'admin', '研发部门', '/quiz/question', '127.0.0.1', '内网IP', '{\"analysis\":\"1\",\"correct\":\"2\",\"items\":[{\"content\":\"1\",\"prefix\":\"A\"},{\"content\":\"11\",\"prefix\":\"B\"},{\"content\":\"1\",\"prefix\":\"C\"},{\"content\":\"1\",\"prefix\":\"D\"}],\"questionTitle\":\"1\",\"questionType\":1,\"score\":54,\"subjectId\":2}', '{\"msg\":\"操作成功\",\"code\":200}', 0, NULL, '2024-10-10 09:27:15', 13);
INSERT INTO `sys_oper_log` VALUES (186, '题目表', 2, 'com.dm.quiz.controller.DamingQuestionController.edit()', 'PUT', 1, 'admin', '研发部门', '/quiz/question', '127.0.0.1', '内网IP', '{\"analysis\":\"1\",\"correct\":\"2\",\"id\":4,\"items\":[{\"content\":\"1\",\"prefix\":\"A\"},{\"content\":\"11\",\"prefix\":\"B\"},{\"content\":\"123\",\"prefix\":\"C\"},{\"content\":\"1\",\"prefix\":\"D\"}],\"questionTitle\":\"1\",\"questionType\":1,\"score\":54,\"subjectId\":1}', '{\"msg\":\"操作成功\",\"code\":200}', 0, NULL, '2024-10-10 10:26:40', 25);
INSERT INTO `sys_oper_log` VALUES (187, '题目表', 2, 'com.dm.quiz.controller.DamingQuestionController.edit()', 'PUT', 1, 'admin', '研发部门', '/quiz/question', '127.0.0.1', '内网IP', '{\"analysis\":\"1\",\"correct\":\"2\",\"id\":4,\"items\":[{\"content\":\"1\",\"prefix\":\"A\"},{\"content\":\"11\",\"prefix\":\"B\"},{\"content\":\"123234234234\",\"prefix\":\"C\"},{\"content\":\"1\",\"prefix\":\"D\"}],\"questionTitle\":\"1\",\"questionType\":1,\"score\":54,\"subjectId\":1}', '{\"msg\":\"操作成功\",\"code\":200}', 0, NULL, '2024-10-10 10:26:56', 12);
INSERT INTO `sys_oper_log` VALUES (188, '题目表', 2, 'com.dm.quiz.controller.DamingQuestionController.edit()', 'PUT', 1, 'admin', '研发部门', '/quiz/question', '127.0.0.1', '内网IP', '{\"analysis\":\"1\",\"correct\":\"2\",\"id\":4,\"items\":[{\"content\":\"1\",\"prefix\":\"A\"},{\"content\":\"11\",\"prefix\":\"B\"},{\"content\":\"123234234234\",\"prefix\":\"C\"},{\"content\":\"1\",\"prefix\":\"D\"}],\"questionTitle\":\"1\",\"questionType\":1,\"score\":54,\"subjectId\":2}', '{\"msg\":\"操作成功\",\"code\":200}', 0, NULL, '2024-10-10 10:27:02', 11);
INSERT INTO `sys_oper_log` VALUES (189, '题目表', 2, 'com.dm.quiz.controller.DamingQuestionController.edit()', 'PUT', 1, 'admin', '研发部门', '/quiz/question', '127.0.0.1', '内网IP', '{\"analysis\":\"1\",\"correct\":\"2\",\"id\":4,\"items\":[{\"content\":\"1\",\"prefix\":\"A\"},{\"content\":\"11\",\"prefix\":\"B\"},{\"content\":\"123234234234\",\"prefix\":\"C\"},{\"content\":\"1\",\"prefix\":\"D\"}],\"questionTitle\":\"1\",\"questionType\":1,\"score\":54,\"subjectId\":2}', '{\"msg\":\"操作成功\",\"code\":200}', 0, NULL, '2024-10-10 10:27:14', 10);
INSERT INTO `sys_oper_log` VALUES (190, '题目表', 2, 'com.dm.quiz.controller.DamingQuestionController.edit()', 'PUT', 1, 'admin', '研发部门', '/quiz/question', '127.0.0.1', '内网IP', '{\"analysis\":\"1\",\"correct\":\"2\",\"id\":4,\"items\":[{\"content\":\"1\",\"prefix\":\"A\"},{\"content\":\"11\",\"prefix\":\"B\"},{\"content\":\"123234234234\",\"prefix\":\"C\"},{\"content\":\"1\",\"prefix\":\"D\"}],\"questionTitle\":\"1\",\"questionType\":1,\"score\":54,\"subjectId\":2}', '{\"msg\":\"操作成功\",\"code\":200}', 0, NULL, '2024-10-10 10:27:34', 9);
INSERT INTO `sys_oper_log` VALUES (191, '题目表', 2, 'com.dm.quiz.controller.DamingQuestionController.edit()', 'PUT', 1, 'admin', '研发部门', '/quiz/question', '127.0.0.1', '内网IP', '{\"analysis\":\"1\",\"correct\":\"2\",\"id\":4,\"items\":[{\"content\":\"1\",\"prefix\":\"A\"},{\"content\":\"11\",\"prefix\":\"B\"},{\"content\":\"123234234234\",\"prefix\":\"C\"},{\"content\":\"1\",\"prefix\":\"D\"}],\"questionTitle\":\"1\",\"questionType\":1,\"score\":54,\"subjectId\":2}', '{\"msg\":\"操作成功\",\"code\":200}', 0, NULL, '2024-10-10 10:28:49', 31700);
INSERT INTO `sys_oper_log` VALUES (192, '题目表', 2, 'com.dm.quiz.controller.DamingQuestionController.edit()', 'PUT', 1, 'admin', '研发部门', '/quiz/question', '127.0.0.1', '内网IP', '{\"analysis\":\"1\",\"correct\":\"2\",\"id\":4,\"items\":[{\"content\":\"1\",\"prefix\":\"A\"},{\"content\":\"11\",\"prefix\":\"B\"},{\"content\":\"123234234234\",\"prefix\":\"C\"},{\"content\":\"1\",\"prefix\":\"D\"}],\"questionTitle\":\"1\",\"questionType\":1,\"score\":54,\"subjectId\":2}', '{\"msg\":\"操作成功\",\"code\":200}', 0, NULL, '2024-10-10 10:29:16', 8451);
INSERT INTO `sys_oper_log` VALUES (193, '题目表', 2, 'com.dm.quiz.controller.DamingQuestionController.edit()', 'PUT', 1, 'admin', '研发部门', '/quiz/question', '127.0.0.1', '内网IP', '{\"analysis\":\"1\",\"correct\":\"2\",\"id\":4,\"items\":[{\"content\":\"1\",\"prefix\":\"A\"},{\"content\":\"11\",\"prefix\":\"B\"},{\"content\":\"123234234234\",\"prefix\":\"C\"},{\"content\":\"1\",\"prefix\":\"D\"}],\"questionTitle\":\"1\",\"questionType\":2,\"score\":54,\"subjectId\":2}', '{\"msg\":\"操作成功\",\"code\":200}', 0, NULL, '2024-10-10 10:29:26', 2701);
INSERT INTO `sys_oper_log` VALUES (194, '题目表', 2, 'com.dm.quiz.controller.DamingQuestionController.edit()', 'PUT', 1, 'admin', '研发部门', '/quiz/question', '127.0.0.1', '内网IP', '{\"analysis\":\"1\",\"correct\":\"B\",\"id\":4,\"items\":[{\"content\":\"1\",\"prefix\":\"A\"},{\"content\":\"11\",\"prefix\":\"B\"},{\"content\":\"123234234234\",\"prefix\":\"C\"},{\"content\":\"1\",\"prefix\":\"D\"}],\"questionTitle\":\"1\",\"questionType\":1,\"score\":54,\"subjectId\":2}', '{\"msg\":\"操作成功\",\"code\":200}', 0, NULL, '2024-10-10 10:53:26', 12);
INSERT INTO `sys_oper_log` VALUES (195, '题目表', 2, 'com.dm.quiz.controller.DamingQuestionController.edit()', 'PUT', 1, 'admin', '研发部门', '/quiz/question', '127.0.0.1', '内网IP', '{\"analysis\":\"1\",\"correct\":\"B\",\"id\":4,\"items\":[{\"content\":\"1\",\"prefix\":\"A\"},{\"content\":\"11\",\"prefix\":\"B\"},{\"content\":\"123234234234\",\"prefix\":\"C\"},{\"content\":\"1\",\"prefix\":\"D\"}],\"questionTitle\":\"1\",\"questionType\":1,\"score\":54,\"subjectId\":2}', '{\"msg\":\"操作成功\",\"code\":200}', 0, NULL, '2024-10-10 10:56:25', 12);
INSERT INTO `sys_oper_log` VALUES (196, '题目表', 1, 'com.dm.quiz.controller.DamingQuestionController.add()', 'POST', 1, 'admin', '研发部门', '/quiz/question', '127.0.0.1', '内网IP', '{\"analysis\":\"324\",\"correct\":\"I\",\"items\":[{\"content\":\"1\",\"prefix\":\"A\"},{\"content\":\"11\",\"prefix\":\"B\"},{\"content\":\"13\",\"prefix\":\"C\"},{\"content\":\"1\",\"prefix\":\"D\"},{\"content\":\"123\",\"prefix\":\"E\"},{\"content\":\"2314\",\"prefix\":\"F\"},{\"content\":\"2\",\"prefix\":\"G\"},{\"content\":\"1\",\"prefix\":\"H\"},{\"content\":\"1\",\"prefix\":\"I\"}],\"questionTitle\":\"23\",\"questionType\":1,\"score\":54,\"subjectId\":1}', '{\"msg\":\"操作成功\",\"code\":200}', 0, NULL, '2024-10-10 11:12:22', 13);
INSERT INTO `sys_oper_log` VALUES (197, '题目表', 1, 'com.dm.quiz.controller.DamingQuestionController.add()', 'POST', 1, 'admin', '研发部门', '/quiz/question', '127.0.0.1', '内网IP', '{\"analysis\":\"324\",\"correct\":\"I\",\"items\":[{\"content\":\"1\",\"prefix\":\"A\"},{\"content\":\"11\",\"prefix\":\"B\"},{\"content\":\"13\",\"prefix\":\"C\"},{\"content\":\"1\",\"prefix\":\"D\"},{\"content\":\"123\",\"prefix\":\"E\"},{\"content\":\"2314\",\"prefix\":\"F\"},{\"content\":\"2\",\"prefix\":\"G\"},{\"content\":\"1\",\"prefix\":\"H\"},{\"content\":\"1\",\"prefix\":\"I\"}],\"questionTitle\":\"23\",\"questionType\":1,\"score\":54,\"subjectId\":1}', '{\"msg\":\"操作成功\",\"code\":200}', 0, NULL, '2024-10-10 11:12:23', 11);
INSERT INTO `sys_oper_log` VALUES (198, '菜单管理', 2, 'com.ruoyi.web.controller.system.SysMenuController.edit()', 'PUT', 1, 'admin', '研发部门', '/system/menu', '127.0.0.1', '内网IP', '{\"children\":[],\"component\":\"quiz/paper/index\",\"createTime\":\"2024-10-10 11:18:06\",\"icon\":\"peoples\",\"isCache\":\"0\",\"isFrame\":\"1\",\"menuId\":2020,\"menuName\":\"试卷列表\",\"menuType\":\"C\",\"orderNum\":1,\"params\":{},\"parentId\":2018,\"path\":\"paper\",\"perms\":\"quiz:paper:list\",\"routeName\":\"\",\"status\":\"0\",\"updateBy\":\"admin\",\"visible\":\"0\"}', '{\"msg\":\"操作成功\",\"code\":200}', 0, NULL, '2024-10-10 11:20:45', 14);
INSERT INTO `sys_oper_log` VALUES (199, '菜单管理', 2, 'com.ruoyi.web.controller.system.SysMenuController.edit()', 'PUT', 1, 'admin', '研发部门', '/system/menu', '127.0.0.1', '内网IP', '{\"children\":[],\"component\":\"quiz/paper/index\",\"createTime\":\"2024-10-10 11:18:06\",\"icon\":\"peoples\",\"isCache\":\"0\",\"isFrame\":\"1\",\"menuId\":2020,\"menuName\":\"试卷列表\",\"menuType\":\"C\",\"orderNum\":1,\"params\":{},\"parentId\":2018,\"path\":\"list\",\"perms\":\"quiz:paper:list\",\"routeName\":\"\",\"status\":\"0\",\"updateBy\":\"admin\",\"visible\":\"0\"}', '{\"msg\":\"操作成功\",\"code\":200}', 0, NULL, '2024-10-10 11:32:23', 18);
INSERT INTO `sys_oper_log` VALUES (200, '菜单管理', 2, 'com.ruoyi.web.controller.system.SysMenuController.edit()', 'PUT', 1, 'admin', '研发部门', '/system/menu', '127.0.0.1', '内网IP', '{\"children\":[],\"component\":\"quiz/paper/index\",\"createTime\":\"2024-10-10 11:18:06\",\"icon\":\"peoples\",\"isCache\":\"0\",\"isFrame\":\"1\",\"menuId\":2020,\"menuName\":\"试卷列表\",\"menuType\":\"C\",\"orderNum\":1,\"params\":{},\"parentId\":2018,\"path\":\"list\",\"perms\":\"quiz:paper:list\",\"routeName\":\"\",\"status\":\"0\",\"updateBy\":\"admin\",\"visible\":\"0\"}', '{\"msg\":\"操作成功\",\"code\":200}', 0, NULL, '2024-10-10 11:32:47', 10);
INSERT INTO `sys_oper_log` VALUES (201, '菜单管理', 1, 'com.ruoyi.web.controller.system.SysMenuController.add()', 'POST', 1, 'admin', '研发部门', '/system/menu', '127.0.0.1', '内网IP', '{\"children\":[],\"component\":\"quiz/paper/edit\",\"createBy\":\"admin\",\"icon\":\"monitor\",\"isCache\":\"0\",\"isFrame\":\"1\",\"menuName\":\"试卷编写\",\"menuType\":\"C\",\"orderNum\":1,\"params\":{},\"parentId\":2018,\"path\":\"edit\",\"perms\":\"quiz:paper:edit\",\"status\":\"0\",\"visible\":\"0\"}', '{\"msg\":\"操作成功\",\"code\":200}', 0, NULL, '2024-10-10 11:46:46', 8);
INSERT INTO `sys_oper_log` VALUES (202, '代码生成', 8, 'com.ruoyi.generator.controller.GenController.batchGenCode()', 'GET', 1, 'admin', '研发部门', '/tool/gen/batchGenCode', '127.0.0.1', '内网IP', '{\"tables\":\"daming_paper\"}', NULL, 0, NULL, '2024-10-10 11:54:01', 65);
INSERT INTO `sys_oper_log` VALUES (203, '试卷', 1, 'com.dm.quiz.controller.DamingPaperController.add()', 'POST', 1, 'admin', '研发部门', '/quiz/paper', '127.0.0.1', '内网IP', '{\"createTime\":\"2024-10-10 19:20:31\",\"params\":{}}', NULL, 1, '\r\n### Error updating database.  Cause: java.sql.SQLException: Field \'paper_name\' doesn\'t have a default value\r\n### The error may exist in file [E:\\区块链比赛\\区块链赛前B站笔记++++\\Spring系列\\个人项目实战\\刷题项目\\后台\\daming-admin\\dm_questionBank\\target\\classes\\mapper\\quiz\\DamingPaperMapper.xml]\r\n### The error may involve com.dm.quiz.mapper.DamingPaperMapper.insertDamingPaper-Inline\r\n### The error occurred while setting parameters\r\n### SQL: insert into daming_paper          ( create_time )           values ( ? )\r\n### Cause: java.sql.SQLException: Field \'paper_name\' doesn\'t have a default value\n; Field \'paper_name\' doesn\'t have a default value; nested exception is java.sql.SQLException: Field \'paper_name\' doesn\'t have a default value', '2024-10-10 19:20:31', 50);
INSERT INTO `sys_oper_log` VALUES (204, '试卷', 1, 'com.dm.quiz.controller.DamingPaperController.add()', 'POST', 1, 'admin', '研发部门', '/quiz/paper', '127.0.0.1', '内网IP', '{\"createTime\":\"2024-10-10 19:20:41\",\"params\":{}}', NULL, 1, '\r\n### Error updating database.  Cause: java.sql.SQLException: Field \'paper_name\' doesn\'t have a default value\r\n### The error may exist in file [E:\\区块链比赛\\区块链赛前B站笔记++++\\Spring系列\\个人项目实战\\刷题项目\\后台\\daming-admin\\dm_questionBank\\target\\classes\\mapper\\quiz\\DamingPaperMapper.xml]\r\n### The error may involve com.dm.quiz.mapper.DamingPaperMapper.insertDamingPaper-Inline\r\n### The error occurred while setting parameters\r\n### SQL: insert into daming_paper          ( create_time )           values ( ? )\r\n### Cause: java.sql.SQLException: Field \'paper_name\' doesn\'t have a default value\n; Field \'paper_name\' doesn\'t have a default value; nested exception is java.sql.SQLException: Field \'paper_name\' doesn\'t have a default value', '2024-10-10 19:20:41', 1);
INSERT INTO `sys_oper_log` VALUES (205, '试卷', 1, 'com.dm.quiz.controller.DamingPaperController.add()', 'POST', 1, 'admin', '研发部门', '/quiz/paper', '127.0.0.1', '内网IP', '{\"createTime\":\"2024-10-10 19:20:46\",\"paperName\":\"123123\",\"params\":{},\"subjectId\":1}', NULL, 1, '\r\n### Error updating database.  Cause: java.sql.SQLException: Field \'score\' doesn\'t have a default value\r\n### The error may exist in file [E:\\区块链比赛\\区块链赛前B站笔记++++\\Spring系列\\个人项目实战\\刷题项目\\后台\\daming-admin\\dm_questionBank\\target\\classes\\mapper\\quiz\\DamingPaperMapper.xml]\r\n### The error may involve com.dm.quiz.mapper.DamingPaperMapper.insertDamingPaper-Inline\r\n### The error occurred while setting parameters\r\n### SQL: insert into daming_paper          ( paper_name,             subject_id,                                                    create_time )           values ( ?,             ?,                                                    ? )\r\n### Cause: java.sql.SQLException: Field \'score\' doesn\'t have a default value\n; Field \'score\' doesn\'t have a default value; nested exception is java.sql.SQLException: Field \'score\' doesn\'t have a default value', '2024-10-10 19:20:46', 4);
INSERT INTO `sys_oper_log` VALUES (206, '试卷', 1, 'com.dm.quiz.controller.DamingPaperController.add()', 'POST', 1, 'admin', '研发部门', '/quiz/paper', '127.0.0.1', '内网IP', '{\"paperName\":\"1\",\"subjectId\":1}', NULL, 1, '', '2024-10-10 22:47:46', 6);
INSERT INTO `sys_oper_log` VALUES (207, '试卷', 1, 'com.dm.quiz.controller.DamingPaperController.add()', 'POST', 1, 'admin', '研发部门', '/quiz/paper', '127.0.0.1', '内网IP', '{\"paperName\":\"1\",\"subjectId\":1}', NULL, 1, '', '2024-10-10 22:50:18', 127250);
INSERT INTO `sys_oper_log` VALUES (208, '试卷', 1, 'com.dm.quiz.controller.DamingPaperController.add()', 'POST', 1, 'admin', '研发部门', '/quiz/paper', '127.0.0.1', '内网IP', '{}', NULL, 1, '', '2024-10-10 22:51:59', 7101);
INSERT INTO `sys_oper_log` VALUES (209, '试卷', 1, 'com.dm.quiz.controller.DamingPaperController.add()', 'POST', 1, 'admin', '研发部门', '/quiz/paper', '127.0.0.1', '内网IP', '{\"paperName\":\"11\",\"subjectId\":1}', NULL, 1, '', '2024-10-10 22:52:10', 7254);
INSERT INTO `sys_oper_log` VALUES (210, '试卷', 1, 'com.dm.quiz.controller.DamingPaperController.add()', 'POST', 1, 'admin', '研发部门', '/quiz/paper', '127.0.0.1', '内网IP', '{\"paperName\":\"11\",\"subjectId\":1}', NULL, 1, '', '2024-10-10 22:53:31', 64958);
INSERT INTO `sys_oper_log` VALUES (211, '试卷', 1, 'com.dm.quiz.controller.DamingPaperController.add()', 'POST', 1, 'admin', '研发部门', '/quiz/paper', '127.0.0.1', '内网IP', '{\"paperName\":\"11\",\"paperQuestionTypeDto\":[{\"name\":\"单选题\"}],\"subjectId\":1}', NULL, 1, '', '2024-10-10 22:53:31', 508);
INSERT INTO `sys_oper_log` VALUES (212, '试卷', 1, 'com.dm.quiz.controller.DamingPaperController.add()', 'POST', 1, 'admin', '研发部门', '/quiz/paper', '127.0.0.1', '内网IP', '{\"paperName\":\"11\",\"paperQuestionTypeDto\":[{\"name\":\"单选题\"}],\"subjectId\":1}', NULL, 1, '', '2024-10-10 22:54:03', 29132);
INSERT INTO `sys_oper_log` VALUES (213, '试卷', 1, 'com.dm.quiz.controller.DamingPaperController.add()', 'POST', 1, 'admin', '研发部门', '/quiz/paper', '127.0.0.1', '内网IP', '{\"paperName\":\"11\",\"paperQuestionTypeDto\":[{\"name\":\"单选题\"}],\"subjectId\":1}', NULL, 1, '', '2024-10-10 22:54:57', 41941);
INSERT INTO `sys_oper_log` VALUES (214, '试卷', 1, 'com.dm.quiz.controller.DamingPaperController.add()', 'POST', 1, 'admin', '研发部门', '/quiz/paper', '127.0.0.1', '内网IP', '{\"paperName\":\"11\",\"paperQuestionTypeDto\":[{\"name\":\"单选题\"}],\"subjectId\":1}', NULL, 1, '', '2024-10-10 22:59:34', 274711);
INSERT INTO `sys_oper_log` VALUES (215, '试卷', 1, 'com.dm.quiz.controller.DamingPaperController.add()', 'POST', 1, 'admin', '研发部门', '/quiz/paper', '127.0.0.1', '内网IP', '{\"paperName\":\"1\",\"paperQuestionTypeDto\":[{\"name\":\"单选题\",\"questionDtos\":[{\"items\":[{\"content\":\"苹果\",\"prefix\":\"A\"},{\"content\":\"香蕉\",\"prefix\":\"B\"},{\"content\":\"葡萄\",\"prefix\":\"C\"}],\"questionTitle\":\"测试题目标题\"}]}],\"subjectId\":1}', '{\"msg\":\"操作成功\",\"code\":200}', 0, NULL, '2024-10-10 23:00:56', 58604);
INSERT INTO `sys_oper_log` VALUES (216, '试卷', 1, 'com.dm.quiz.controller.DamingPaperController.add()', 'POST', 1, 'admin', '研发部门', '/quiz/paper', '127.0.0.1', '内网IP', '{\"paperName\":\"123\",\"paperQuestionTypeDto\":[{\"name\":\"单选题\",\"questionDtos\":[{\"id\":1,\"items\":[{\"content\":\"苹果\",\"prefix\":\"A\"},{\"content\":\"香蕉\",\"prefix\":\"B\"},{\"content\":\"葡萄\",\"prefix\":\"C\"}],\"questionTitle\":\"测试题目标题\",\"score\":4}]}],\"subjectId\":1}', '{\"msg\":\"操作成功\",\"code\":200}', 0, NULL, '2024-10-10 23:02:53', 60179);
INSERT INTO `sys_oper_log` VALUES (217, '试卷', 1, 'com.dm.quiz.controller.DamingPaperController.add()', 'POST', 1, 'admin', '研发部门', '/quiz/paper', '127.0.0.1', '内网IP', '{\"paperName\":\"123\",\"paperQuestionTypeDto\":[{\"name\":\"单选题\",\"questionDtos\":[{\"id\":1,\"items\":[{\"content\":\"苹果\",\"prefix\":\"A\"},{\"content\":\"香蕉\",\"prefix\":\"B\"},{\"content\":\"葡萄\",\"prefix\":\"C\"}],\"questionTitle\":\"测试题目标题\",\"score\":4}]}],\"subjectId\":1}', '{\"msg\":\"操作成功\",\"code\":200}', 0, NULL, '2024-10-10 23:02:59', 2780);
INSERT INTO `sys_oper_log` VALUES (218, '试卷', 1, 'com.dm.quiz.controller.DamingPaperController.add()', 'POST', 1, 'admin', '研发部门', '/quiz/paper', '127.0.0.1', '内网IP', '{\"paperName\":\"123\",\"paperQuestionTypeDto\":[{\"name\":\"单选题\",\"questionDtos\":[{\"id\":1,\"items\":[{\"content\":\"苹果\",\"prefix\":\"A\"},{\"content\":\"香蕉\",\"prefix\":\"B\"},{\"content\":\"葡萄\",\"prefix\":\"C\"}],\"questionTitle\":\"测试题目标题\",\"score\":4}]}],\"subjectId\":1}', '{\"msg\":\"操作成功\",\"code\":200}', 0, NULL, '2024-10-10 23:55:15', 3130673);
INSERT INTO `sys_oper_log` VALUES (219, '试卷', 1, 'com.dm.quiz.controller.DamingPaperController.add()', 'POST', 1, 'admin', '研发部门', '/quiz/paper', '127.0.0.1', '内网IP', '{\"paperName\":\"123\",\"paperQuestionTypeDto\":[{\"name\":\"单选题\",\"questionDtos\":[{\"id\":1,\"items\":[{\"content\":\"苹果\",\"prefix\":\"A\"},{\"content\":\"香蕉\",\"prefix\":\"B\"},{\"content\":\"葡萄\",\"prefix\":\"C\"}],\"questionTitle\":\"测试题目标题\",\"score\":4}]}],\"subjectId\":1}', '{\"msg\":\"操作成功\",\"code\":200}', 0, NULL, '2024-10-11 09:19:05', 11001);
INSERT INTO `sys_oper_log` VALUES (220, '试卷', 1, 'com.dm.quiz.controller.DamingPaperController.add()', 'POST', 1, 'admin', '研发部门', '/quiz/paper', '127.0.0.1', '内网IP', '{\"paperName\":\"123\",\"paperQuestionTypeDto\":[{\"name\":\"单选题\",\"questionDtos\":[{\"id\":1,\"items\":[{\"content\":\"苹果\",\"prefix\":\"A\"},{\"content\":\"香蕉\",\"prefix\":\"B\"},{\"content\":\"葡萄\",\"prefix\":\"C\"}],\"questionTitle\":\"测试题目标题\",\"score\":4}]}],\"subjectId\":1}', '{\"msg\":\"操作成功\",\"code\":200}', 0, NULL, '2024-10-11 10:19:19', 75398);
INSERT INTO `sys_oper_log` VALUES (221, '试卷', 1, 'com.dm.quiz.controller.DamingPaperController.add()', 'POST', 1, 'admin', '研发部门', '/quiz/paper', '127.0.0.1', '内网IP', '{\"paperName\":\"123\",\"paperQuestionTypeDto\":[{\"name\":\"单选题\",\"questionDtos\":[{\"id\":1,\"items\":[{\"content\":\"苹果\",\"prefix\":\"A\"},{\"content\":\"香蕉\",\"prefix\":\"B\"},{\"content\":\"葡萄\",\"prefix\":\"C\"}],\"questionTitle\":\"测试题目标题\",\"score\":4}]}],\"subjectId\":1}', '{\"msg\":\"操作成功\",\"code\":200}', 0, NULL, '2024-10-11 10:44:51', 532);
INSERT INTO `sys_oper_log` VALUES (222, '试卷', 1, 'com.dm.quiz.controller.DamingPaperController.add()', 'POST', 1, 'admin', '研发部门', '/quiz/paper', '127.0.0.1', '内网IP', '{\"paperName\":\"123\",\"paperQuestionTypeDto\":[{\"name\":\"单选题\",\"questionDtos\":[{\"id\":1,\"items\":[{\"content\":\"苹果\",\"prefix\":\"A\"},{\"content\":\"香蕉\",\"prefix\":\"B\"},{\"content\":\"葡萄\",\"prefix\":\"C\"}],\"questionTitle\":\"测试题目标题\",\"score\":4}]}],\"subjectId\":1}', '{\"msg\":\"操作成功\",\"code\":200}', 0, NULL, '2024-10-11 10:44:51', 31574);
INSERT INTO `sys_oper_log` VALUES (223, '试卷', 1, 'com.dm.quiz.controller.DamingPaperController.add()', 'POST', 1, 'admin', '研发部门', '/quiz/paper', '127.0.0.1', '内网IP', '{\"paperName\":\"123\",\"paperQuestionTypeDto\":[{\"name\":\"单选题\",\"questionDtos\":[{\"id\":1,\"items\":[{\"content\":\"苹果\",\"prefix\":\"A\"},{\"content\":\"香蕉\",\"prefix\":\"B\"},{\"content\":\"葡萄\",\"prefix\":\"C\"}],\"questionTitle\":\"测试题目标题\",\"score\":4}]}],\"subjectId\":1}', '{\"msg\":\"操作成功\",\"code\":200}', 0, NULL, '2024-10-11 10:45:05', 12226);
INSERT INTO `sys_oper_log` VALUES (224, '试卷', 1, 'com.dm.quiz.controller.DamingPaperController.add()', 'POST', 1, 'admin', '研发部门', '/quiz/paper', '127.0.0.1', '内网IP', '{\"paperName\":\"123\",\"paperQuestionTypeDto\":[{\"name\":\"单选题\",\"questionDtos\":[{\"id\":1,\"items\":[{\"content\":\"苹果\",\"prefix\":\"A\"},{\"content\":\"香蕉\",\"prefix\":\"B\"},{\"content\":\"葡萄\",\"prefix\":\"C\"}],\"questionTitle\":\"测试题目标题\",\"score\":4}]}],\"subjectId\":1}', '{\"msg\":\"操作成功\",\"code\":200}', 0, NULL, '2024-10-11 10:45:17', 10506);
INSERT INTO `sys_oper_log` VALUES (225, '试卷', 1, 'com.dm.quiz.controller.DamingPaperController.add()', 'POST', 1, 'admin', '研发部门', '/quiz/paper', '127.0.0.1', '内网IP', '{\"paperName\":\"123\",\"paperQuestionTypeDto\":[{\"name\":\"单选题\",\"questionDtos\":[{\"id\":1,\"items\":[{\"content\":\"苹果\",\"prefix\":\"A\"},{\"content\":\"香蕉\",\"prefix\":\"B\"},{\"content\":\"葡萄\",\"prefix\":\"C\"}],\"questionTitle\":\"测试题目标题\",\"score\":4}]}],\"subjectId\":1}', '{\"msg\":\"操作成功\",\"code\":200}', 0, NULL, '2024-10-11 10:46:53', 16729);
INSERT INTO `sys_oper_log` VALUES (226, '试卷', 1, 'com.dm.quiz.controller.DamingPaperController.add()', 'POST', 1, 'admin', '研发部门', '/quiz/paper', '127.0.0.1', '内网IP', '{\"paperName\":\"123\",\"paperQuestionTypeDto\":[{\"name\":\"单选题\",\"questionDtos\":[{\"id\":1,\"items\":[{\"content\":\"苹果\",\"prefix\":\"A\"},{\"content\":\"香蕉\",\"prefix\":\"B\"},{\"content\":\"葡萄\",\"prefix\":\"C\"}],\"questionTitle\":\"测试题目标题\",\"score\":4}]}],\"subjectId\":1}', '{\"msg\":\"操作成功\",\"code\":200}', 0, NULL, '2024-10-11 10:46:53', 94168);
INSERT INTO `sys_oper_log` VALUES (227, '试卷', 1, 'com.dm.quiz.controller.DamingPaperController.add()', 'POST', 1, 'admin', '研发部门', '/quiz/paper', '127.0.0.1', '内网IP', '{\"paperName\":\"123\",\"paperQuestionTypeDto\":[{\"name\":\"单选题\",\"questionDtos\":[{\"id\":1,\"items\":[{\"content\":\"苹果\",\"prefix\":\"A\"},{\"content\":\"香蕉\",\"prefix\":\"B\"},{\"content\":\"葡萄\",\"prefix\":\"C\"}],\"questionTitle\":\"测试题目标题\",\"score\":4}]}],\"subjectId\":1}', '{\"msg\":\"操作成功\",\"code\":200}', 0, NULL, '2024-10-11 10:51:30', 62764);
INSERT INTO `sys_oper_log` VALUES (228, '试卷', 1, 'com.dm.quiz.controller.DamingPaperController.add()', 'POST', 1, 'admin', '研发部门', '/quiz/paper', '127.0.0.1', '内网IP', '{\"paperName\":\"123\",\"paperQuestionTypeDto\":[{\"name\":\"单选题\",\"questionDtos\":[{\"id\":1,\"items\":[{\"content\":\"苹果\",\"prefix\":\"A\"},{\"content\":\"香蕉\",\"prefix\":\"B\"},{\"content\":\"葡萄\",\"prefix\":\"C\"}],\"questionTitle\":\"测试题目标题\",\"score\":4}]}],\"subjectId\":1}', '{\"msg\":\"操作成功\",\"code\":200}', 0, NULL, '2024-10-11 17:03:31', 17083);
INSERT INTO `sys_oper_log` VALUES (229, '代码生成', 2, 'com.ruoyi.generator.controller.GenController.editSave()', 'PUT', 1, 'admin', '研发部门', '/tool/gen', '127.0.0.1', '内网IP', '{\"businessName\":\"paper\",\"className\":\"DamingPaper\",\"columns\":[{\"capJavaField\":\"PaperId\",\"columnComment\":\"\",\"columnId\":5,\"columnName\":\"paper_id\",\"columnType\":\"int(11)\",\"createBy\":\"admin\",\"createTime\":\"2024-10-08 18:22:36\",\"dictType\":\"\",\"edit\":false,\"htmlType\":\"input\",\"increment\":true,\"insert\":true,\"isIncrement\":\"1\",\"isInsert\":\"1\",\"isPk\":\"1\",\"isRequired\":\"0\",\"javaField\":\"paperId\",\"javaType\":\"Long\",\"list\":false,\"params\":{},\"pk\":true,\"query\":false,\"queryType\":\"EQ\",\"required\":false,\"sort\":1,\"superColumn\":false,\"tableId\":2,\"updateBy\":\"\",\"updateTime\":\"2024-10-08 21:18:50\",\"usableColumn\":false},{\"capJavaField\":\"PaperName\",\"columnComment\":\"\",\"columnId\":6,\"columnName\":\"paper_name\",\"columnType\":\"varchar(255)\",\"createBy\":\"admin\",\"createTime\":\"2024-10-08 18:22:36\",\"dictType\":\"\",\"edit\":true,\"htmlType\":\"input\",\"increment\":false,\"insert\":true,\"isEdit\":\"1\",\"isIncrement\":\"0\",\"isInsert\":\"1\",\"isList\":\"1\",\"isPk\":\"0\",\"isQuery\":\"1\",\"isRequired\":\"1\",\"javaField\":\"paperName\",\"javaType\":\"String\",\"list\":true,\"params\":{},\"pk\":false,\"query\":true,\"queryType\":\"LIKE\",\"required\":true,\"sort\":2,\"superColumn\":false,\"tableId\":2,\"updateBy\":\"\",\"updateTime\":\"2024-10-08 21:18:50\",\"usableColumn\":false},{\"capJavaField\":\"SubjectId\",\"columnComment\":\"\",\"columnId\":7,\"columnName\":\"subject_id\",\"columnType\":\"int(11)\",\"createBy\":\"admin\",\"createTime\":\"2024-10-08 18:22:36\",\"dictType\":\"\",\"edit\":true,\"htmlType\":\"input\",\"increment\":false,\"insert\":true,\"isEdit\":\"1\",\"isIncrement\":\"0\",\"isInsert\":\"1\",\"isList\":\"1\",\"isPk\":\"0\",\"isQuery\":\"1\",\"isRequired\":\"1\",\"javaField\":\"subjectId\",\"javaType\":\"Integer\",\"list\":true,\"params\":{},\"pk\":false,\"query\":true,\"queryType\":\"EQ\",\"required\":true,\"sort\":3,\"superColumn\":false,\"tableId\":2,\"updateBy\":\"\",\"updateTime\":\"2024-10-08 21:18:50\",\"usableColumn\":false},{\"capJavaField\":\"Score\",\"columnComment\":\"\",\"columnId\":8,\"columnName\":\"score\",\"columnType\":\"int(11)\",\"createBy\":\"admin\",\"createTime\":\"2024-10-08 18:22:36\",\"dictType\":\"\",\"edit\":true,\"htmlType\":\"input\",\"increment\":false,\"insert\":true,\"isEdit\":\"1\"', '{\"msg\":\"操作成功\",\"code\":200}', 0, NULL, '2024-10-11 20:23:03', 47);
INSERT INTO `sys_oper_log` VALUES (230, '试卷', 1, 'com.dm.quiz.controller.DamingPaperController.add()', 'POST', 1, 'admin', '研发部门', '/quiz/paper', '127.0.0.1', '内网IP', '{\"paperName\":\"123\",\"paperQuestionTypeDto\":[{\"name\":\"单选题\",\"questionDtos\":[{\"id\":1,\"items\":[{\"content\":\"苹果\",\"prefix\":\"A\"},{\"content\":\"香蕉\",\"prefix\":\"B\"},{\"content\":\"葡萄\",\"prefix\":\"C\"}],\"questionTitle\":\"测试题目标题\",\"score\":4}]}],\"subjectId\":1}', NULL, 1, '\r\n### Error updating database.  Cause: java.sql.SQLSyntaxErrorException: Table \'ry-vue.daming_question_info\' doesn\'t exist\r\n### The error may exist in file [E:\\区块链比赛\\区块链赛前B站笔记++++\\Spring系列\\个人项目实战\\刷题项目\\后台\\daming-admin\\dm_questionBank\\target\\classes\\mapper\\quiz\\DamingContentInfoMapper.xml]\r\n### The error may involve com.dm.quiz.mapper.DamingContentInfoMapper.insertContentInfo-Inline\r\n### The error occurred while setting parameters\r\n### SQL: insert into daming_question_info          ( content )           values ( ? )\r\n### Cause: java.sql.SQLSyntaxErrorException: Table \'ry-vue.daming_question_info\' doesn\'t exist\n; bad SQL grammar []; nested exception is java.sql.SQLSyntaxErrorException: Table \'ry-vue.daming_question_info\' doesn\'t exist', '2024-10-11 23:44:22', 29392);
INSERT INTO `sys_oper_log` VALUES (231, '试卷', 1, 'com.dm.quiz.controller.DamingPaperController.add()', 'POST', 1, 'admin', '研发部门', '/quiz/paper', '127.0.0.1', '内网IP', '{\"paperName\":\"123\",\"paperQuestionTypeDto\":[{\"name\":\"单选题\",\"questionDtos\":[{\"analysis\":\"1\",\"correct\":\"B\",\"id\":4,\"items\":[{\"content\":\"1\",\"prefix\":\"A\"},{\"content\":\"11\",\"prefix\":\"B\"},{\"content\":\"123234234234\",\"prefix\":\"C\"},{\"content\":\"1\",\"prefix\":\"D\"}],\"questionTitle\":\"1\",\"questionType\":1,\"score\":54,\"subjectId\":2}]}],\"subjectId\":1}', NULL, 1, '', '2024-10-11 23:49:30', 42955);
INSERT INTO `sys_oper_log` VALUES (232, '试卷', 1, 'com.dm.quiz.controller.DamingPaperController.add()', 'POST', 1, 'admin', '研发部门', '/quiz/paper', '127.0.0.1', '内网IP', '{\"paperName\":\"123\",\"paperQuestionTypeDto\":[{\"name\":\"单选题\",\"questionDtos\":[{\"analysis\":\"1\",\"correct\":\"B\",\"id\":4,\"items\":[{\"content\":\"1\",\"prefix\":\"A\"},{\"content\":\"11\",\"prefix\":\"B\"},{\"content\":\"123234234234\",\"prefix\":\"C\"},{\"content\":\"1\",\"prefix\":\"D\"}],\"questionTitle\":\"1\",\"questionType\":1,\"score\":54,\"subjectId\":2}]}],\"subjectId\":1}', NULL, 1, '', '2024-10-11 23:54:03', 625);
INSERT INTO `sys_oper_log` VALUES (233, '试卷', 1, 'com.dm.quiz.controller.DamingPaperController.add()', 'POST', 1, 'admin', '研发部门', '/quiz/paper', '127.0.0.1', '内网IP', '{\"paperQuestionTypeDto\":[{\"name\":\"单选题\",\"questionDtos\":[{\"analysis\":\"1\",\"correct\":\"B\",\"id\":4,\"items\":[{\"content\":\"1\",\"prefix\":\"A\"},{\"content\":\"11\",\"prefix\":\"B\"},{\"content\":\"123234234234\",\"prefix\":\"C\"},{\"content\":\"1\",\"prefix\":\"D\"}],\"questionTitle\":\"1\",\"questionType\":1,\"score\":54,\"subjectId\":2}]}]}', NULL, 1, '\r\n### Error updating database.  Cause: java.sql.SQLException: Field \'paper_name\' doesn\'t have a default value\r\n### The error may exist in file [E:\\区块链比赛\\区块链赛前B站笔记++++\\Spring系列\\个人项目实战\\刷题项目\\后台\\daming-admin\\dm_questionBank\\target\\classes\\mapper\\quiz\\DamingPaperMapper.xml]\r\n### The error may involve com.dm.quiz.mapper.DamingPaperMapper.insertDamingPaper-Inline\r\n### The error occurred while setting parameters\r\n### SQL: insert into daming_paper          ( score,             question_count )           values ( ?,             ? )\r\n### Cause: java.sql.SQLException: Field \'paper_name\' doesn\'t have a default value\n; Field \'paper_name\' doesn\'t have a default value; nested exception is java.sql.SQLException: Field \'paper_name\' doesn\'t have a default value', '2024-10-11 23:54:03', 5424);
INSERT INTO `sys_oper_log` VALUES (234, '试卷', 1, 'com.dm.quiz.controller.DamingPaperController.add()', 'POST', 1, 'admin', '研发部门', '/quiz/paper', '127.0.0.1', '内网IP', '{\"paperName\":\"123\",\"paperQuestionTypeDto\":[{\"name\":\"单选题\",\"questionDtos\":[{\"analysis\":\"1\",\"correct\":\"B\",\"id\":4,\"items\":[{\"content\":\"1\",\"prefix\":\"A\"},{\"content\":\"11\",\"prefix\":\"B\"},{\"content\":\"123234234234\",\"prefix\":\"C\"},{\"content\":\"1\",\"prefix\":\"D\"}],\"questionTitle\":\"1\",\"questionType\":1,\"score\":54,\"subjectId\":2}]}],\"subjectId\":1}', NULL, 1, '', '2024-10-11 23:55:44', 54781);
INSERT INTO `sys_oper_log` VALUES (235, '试卷', 1, 'com.dm.quiz.controller.DamingPaperController.add()', 'POST', 1, 'admin', '研发部门', '/quiz/paper', '127.0.0.1', '内网IP', '{\"paperName\":\"123\",\"paperQuestionTypeDto\":[{\"name\":\"单选题\",\"questionDtos\":[{\"analysis\":\"1\",\"correct\":\"B\",\"id\":4,\"items\":[{\"content\":\"1\",\"prefix\":\"A\"},{\"content\":\"11\",\"prefix\":\"B\"},{\"content\":\"123234234234\",\"prefix\":\"C\"},{\"content\":\"1\",\"prefix\":\"D\"}],\"questionTitle\":\"1\",\"questionType\":1,\"score\":54,\"subjectId\":2}]}],\"subjectId\":1}', NULL, 1, '', '2024-10-11 23:56:47', 51536);
INSERT INTO `sys_oper_log` VALUES (236, '试卷', 1, 'com.dm.quiz.controller.DamingPaperController.add()', 'POST', 1, 'admin', '研发部门', '/quiz/paper', '127.0.0.1', '内网IP', '{\"paperName\":\"123\",\"paperQuestionTypeDto\":[{\"name\":\"单选题\",\"questionDtos\":[{\"analysis\":\"1\",\"correct\":\"B\",\"id\":4,\"items\":[{\"content\":\"1\",\"prefix\":\"A\"},{\"content\":\"11\",\"prefix\":\"B\"},{\"content\":\"123234234234\",\"prefix\":\"C\"},{\"content\":\"1\",\"prefix\":\"D\"}],\"questionTitle\":\"1\",\"questionType\":1,\"score\":54,\"subjectId\":2}]}],\"subjectId\":1}', NULL, 1, '', '2024-10-11 23:58:14', 83788);
INSERT INTO `sys_oper_log` VALUES (237, '试卷', 1, 'com.dm.quiz.controller.DamingPaperController.add()', 'POST', 1, 'admin', '研发部门', '/quiz/paper', '127.0.0.1', '内网IP', '{\"paperName\":\"123\",\"paperQuestionTypeDto\":[{\"name\":\"单选题\",\"questionDtos\":[{\"analysis\":\"1\",\"correct\":\"B\",\"id\":4,\"items\":[{\"content\":\"1\",\"prefix\":\"A\"},{\"content\":\"11\",\"prefix\":\"B\"},{\"content\":\"123234234234\",\"prefix\":\"C\"},{\"content\":\"1\",\"prefix\":\"D\"}],\"questionTitle\":\"1\",\"questionType\":1,\"score\":54,\"subjectId\":2}]}],\"subjectId\":1}', NULL, 1, '', '2024-10-11 23:59:43', 77179);
INSERT INTO `sys_oper_log` VALUES (238, '试卷', 1, 'com.dm.quiz.controller.DamingPaperController.add()', 'POST', 1, 'admin', '研发部门', '/quiz/paper', '127.0.0.1', '内网IP', '{\"paperName\":\"123\",\"paperQuestionTypeDto\":[{\"name\":\"单选题\",\"questionDtos\":[{\"analysis\":\"1\",\"correct\":\"B\",\"id\":4,\"items\":[{\"content\":\"1\",\"prefix\":\"A\"},{\"content\":\"11\",\"prefix\":\"B\"},{\"content\":\"123234234234\",\"prefix\":\"C\"},{\"content\":\"1\",\"prefix\":\"D\"}],\"questionTitle\":\"1\",\"questionType\":1,\"score\":54,\"subjectId\":2}]}],\"subjectId\":1}', NULL, 1, '\r\n### Error updating database.  Cause: java.sql.SQLException: Field \'paper_info_id\' doesn\'t have a default value\r\n### The error may exist in file [E:\\区块链比赛\\区块链赛前B站笔记++++\\Spring系列\\个人项目实战\\刷题项目\\后台\\daming-admin\\dm_questionBank\\target\\classes\\mapper\\quiz\\DamingPaperMapper.xml]\r\n### The error may involve com.dm.quiz.mapper.DamingPaperMapper.insertDamingPaper-Inline\r\n### The error occurred while setting parameters\r\n### SQL: insert into daming_paper          ( paper_name,             subject_id,             score,             question_count )           values ( ?,             ?,             ?,             ? )\r\n### Cause: java.sql.SQLException: Field \'paper_info_id\' doesn\'t have a default value\n; Field \'paper_info_id\' doesn\'t have a default value; nested exception is java.sql.SQLException: Field \'paper_info_id\' doesn\'t have a default value', '2024-10-11 23:59:43', 2324);
INSERT INTO `sys_oper_log` VALUES (239, '试卷', 1, 'com.dm.quiz.controller.DamingPaperController.add()', 'POST', 1, 'admin', '研发部门', '/quiz/paper', '127.0.0.1', '内网IP', '{\"paperName\":\"123\",\"paperQuestionTypeDto\":[{\"name\":\"单选题\",\"questionDtos\":[{\"analysis\":\"1\",\"correct\":\"B\",\"id\":4,\"items\":[{\"content\":\"1\",\"prefix\":\"A\"},{\"content\":\"11\",\"prefix\":\"B\"},{\"content\":\"123234234234\",\"prefix\":\"C\"},{\"content\":\"1\",\"prefix\":\"D\"}],\"questionTitle\":\"1\",\"questionType\":1,\"score\":54,\"subjectId\":2}]}],\"subjectId\":1}', NULL, 1, '\r\n### Error updating database.  Cause: java.sql.SQLException: Field \'paper_info_id\' doesn\'t have a default value\r\n### The error may exist in file [E:\\区块链比赛\\区块链赛前B站笔记++++\\Spring系列\\个人项目实战\\刷题项目\\后台\\daming-admin\\dm_questionBank\\target\\classes\\mapper\\quiz\\DamingPaperMapper.xml]\r\n### The error may involve com.dm.quiz.mapper.DamingPaperMapper.insertDamingPaper-Inline\r\n### The error occurred while setting parameters\r\n### SQL: insert into daming_paper          ( paper_name,             subject_id,             score,             question_count )           values ( ?,             ?,             ?,             ? )\r\n### Cause: java.sql.SQLException: Field \'paper_info_id\' doesn\'t have a default value\n; Field \'paper_info_id\' doesn\'t have a default value; nested exception is java.sql.SQLException: Field \'paper_info_id\' doesn\'t have a default value', '2024-10-12 00:00:34', 29435);
INSERT INTO `sys_oper_log` VALUES (240, '试卷', 1, 'com.dm.quiz.controller.DamingPaperController.add()', 'POST', 1, 'admin', '研发部门', '/quiz/paper', '127.0.0.1', '内网IP', '{\"paperName\":\"123\",\"paperQuestionTypeDto\":[{\"name\":\"单选题\",\"questionDtos\":[{\"analysis\":\"1\",\"correct\":\"B\",\"id\":4,\"items\":[{\"content\":\"1\",\"prefix\":\"A\"},{\"content\":\"11\",\"prefix\":\"B\"},{\"content\":\"123234234234\",\"prefix\":\"C\"},{\"content\":\"1\",\"prefix\":\"D\"}],\"questionTitle\":\"1\",\"questionType\":1,\"score\":54,\"subjectId\":2}]}],\"subjectId\":1}', NULL, 1, '\r\n### Error updating database.  Cause: java.sql.SQLException: Field \'paper_info_id\' doesn\'t have a default value\r\n### The error may exist in file [E:\\区块链比赛\\区块链赛前B站笔记++++\\Spring系列\\个人项目实战\\刷题项目\\后台\\daming-admin\\dm_questionBank\\target\\classes\\mapper\\quiz\\DamingPaperMapper.xml]\r\n### The error may involve com.dm.quiz.mapper.DamingPaperMapper.insertDamingPaper-Inline\r\n### The error occurred while setting parameters\r\n### SQL: insert into daming_paper          ( paper_name,             subject_id,             score,             question_count )           values ( ?,             ?,             ?,             ? )\r\n### Cause: java.sql.SQLException: Field \'paper_info_id\' doesn\'t have a default value\n; Field \'paper_info_id\' doesn\'t have a default value; nested exception is java.sql.SQLException: Field \'paper_info_id\' doesn\'t have a default value', '2024-10-12 00:01:33', 37936);
INSERT INTO `sys_oper_log` VALUES (241, '试卷', 1, 'com.dm.quiz.controller.DamingPaperController.add()', 'POST', 1, 'admin', '研发部门', '/quiz/paper', '127.0.0.1', '内网IP', '{\"paperName\":\"123\",\"paperQuestionTypeDto\":[{\"name\":\"单选题\",\"questionDtos\":[{\"analysis\":\"1\",\"correct\":\"B\",\"id\":4,\"items\":[{\"content\":\"1\",\"prefix\":\"A\"},{\"content\":\"11\",\"prefix\":\"B\"},{\"content\":\"123234234234\",\"prefix\":\"C\"},{\"content\":\"1\",\"prefix\":\"D\"}],\"questionTitle\":\"1\",\"questionType\":1,\"score\":54,\"subjectId\":2}]}],\"subjectId\":1}', NULL, 1, '\r\n### Error updating database.  Cause: java.sql.SQLException: Field \'paper_info_id\' doesn\'t have a default value\r\n### The error may exist in file [E:\\区块链比赛\\区块链赛前B站笔记++++\\Spring系列\\个人项目实战\\刷题项目\\后台\\daming-admin\\dm_questionBank\\target\\classes\\mapper\\quiz\\DamingPaperMapper.xml]\r\n### The error may involve com.dm.quiz.mapper.DamingPaperMapper.insertDamingPaper-Inline\r\n### The error occurred while setting parameters\r\n### SQL: insert into daming_paper          ( paper_name,             subject_id,             score,             question_count )           values ( ?,             ?,             ?,             ? )\r\n### Cause: java.sql.SQLException: Field \'paper_info_id\' doesn\'t have a default value\n; Field \'paper_info_id\' doesn\'t have a default value; nested exception is java.sql.SQLException: Field \'paper_info_id\' doesn\'t have a default value', '2024-10-12 00:03:08', 58424);
INSERT INTO `sys_oper_log` VALUES (242, '试卷', 1, 'com.dm.quiz.controller.DamingPaperController.add()', 'POST', 1, 'admin', '研发部门', '/quiz/paper', '127.0.0.1', '内网IP', '{\"paperName\":\"123\",\"paperQuestionTypeDto\":[{\"name\":\"单选题\",\"questionDtos\":[{\"analysis\":\"1\",\"correct\":\"B\",\"id\":4,\"items\":[{\"content\":\"1\",\"prefix\":\"A\"},{\"content\":\"11\",\"prefix\":\"B\"},{\"content\":\"123234234234\",\"prefix\":\"C\"},{\"content\":\"1\",\"prefix\":\"D\"}],\"questionTitle\":\"1\",\"questionType\":1,\"score\":54,\"subjectId\":2}]}],\"subjectId\":1}', NULL, 1, 'nested exception is org.apache.ibatis.reflection.ReflectionException: There is no getter for property named \'questionInfoId\' in \'class com.dm.quiz.domain.DamingPaper\'', '2024-10-12 00:03:25', 2345);
INSERT INTO `sys_oper_log` VALUES (243, '试卷', 1, 'com.dm.quiz.controller.DamingPaperController.add()', 'POST', 1, 'admin', '研发部门', '/quiz/paper', '127.0.0.1', '内网IP', '{\"paperName\":\"123\",\"paperQuestionTypeDto\":[{\"name\":\"单选题\",\"questionDtos\":[{\"analysis\":\"1\",\"correct\":\"B\",\"id\":4,\"items\":[{\"content\":\"1\",\"prefix\":\"A\"},{\"content\":\"11\",\"prefix\":\"B\"},{\"content\":\"123234234234\",\"prefix\":\"C\"},{\"content\":\"1\",\"prefix\":\"D\"}],\"questionTitle\":\"1\",\"questionType\":1,\"score\":54,\"subjectId\":2}]}],\"subjectId\":1}', NULL, 1, 'nested exception is org.apache.ibatis.reflection.ReflectionException: There is no getter for property named \'questionInfoId\' in \'class com.dm.quiz.domain.DamingPaper\'', '2024-10-12 00:04:01', 24244);
INSERT INTO `sys_oper_log` VALUES (244, '试卷', 1, 'com.dm.quiz.controller.DamingPaperController.add()', 'POST', 1, 'admin', '研发部门', '/quiz/paper', '127.0.0.1', '内网IP', '{\"paperName\":\"123\",\"paperQuestionTypeDto\":[{\"name\":\"单选题\",\"questionDtos\":[{\"analysis\":\"1\",\"correct\":\"B\",\"id\":4,\"items\":[{\"content\":\"1\",\"prefix\":\"A\"},{\"content\":\"11\",\"prefix\":\"B\"},{\"content\":\"123234234234\",\"prefix\":\"C\"},{\"content\":\"1\",\"prefix\":\"D\"}],\"questionTitle\":\"1\",\"questionType\":1,\"score\":54,\"subjectId\":2}]}],\"subjectId\":1}', NULL, 1, '\r\n### Error updating database.  Cause: java.sql.SQLException: Column count doesn\'t match value count at row 1\r\n### The error may exist in file [E:\\区块链比赛\\区块链赛前B站笔记++++\\Spring系列\\个人项目实战\\刷题项目\\后台\\daming-admin\\dm_questionBank\\target\\classes\\mapper\\quiz\\DamingPaperMapper.xml]\r\n### The error may involve com.dm.quiz.mapper.DamingPaperMapper.insertDamingPaper-Inline\r\n### The error occurred while setting parameters\r\n### SQL: insert into daming_paper          ( paper_name,             subject_id,             score,             question_count,             paper_info_id )           values ( ?,             ?,             ?,             ? )\r\n### Cause: java.sql.SQLException: Column count doesn\'t match value count at row 1\n; bad SQL grammar []; nested exception is java.sql.SQLException: Column count doesn\'t match value count at row 1', '2024-10-12 00:05:05', 1417);
INSERT INTO `sys_oper_log` VALUES (245, '试卷', 1, 'com.dm.quiz.controller.DamingPaperController.add()', 'POST', 1, 'admin', '研发部门', '/quiz/paper', '127.0.0.1', '内网IP', '{\"paperName\":\"123\",\"paperQuestionTypeDto\":[{\"name\":\"单选题\",\"questionDtos\":[{\"analysis\":\"1\",\"correct\":\"B\",\"id\":4,\"items\":[{\"content\":\"1\",\"prefix\":\"A\"},{\"content\":\"11\",\"prefix\":\"B\"},{\"content\":\"123234234234\",\"prefix\":\"C\"},{\"content\":\"1\",\"prefix\":\"D\"}],\"questionTitle\":\"1\",\"questionType\":1,\"score\":54,\"subjectId\":2}]}],\"subjectId\":1}', NULL, 1, '\r\n### Error updating database.  Cause: java.sql.SQLException: Column count doesn\'t match value count at row 1\r\n### The error may exist in file [E:\\区块链比赛\\区块链赛前B站笔记++++\\Spring系列\\个人项目实战\\刷题项目\\后台\\daming-admin\\dm_questionBank\\target\\classes\\mapper\\quiz\\DamingPaperMapper.xml]\r\n### The error may involve com.dm.quiz.mapper.DamingPaperMapper.insertDamingPaper-Inline\r\n### The error occurred while setting parameters\r\n### SQL: insert into daming_paper          ( paper_name,             subject_id,             score,             paper_info_id,             question_count )           values ( ?,             ?,             ?,             ? )\r\n### Cause: java.sql.SQLException: Column count doesn\'t match value count at row 1\n; bad SQL grammar []; nested exception is java.sql.SQLException: Column count doesn\'t match value count at row 1', '2024-10-12 00:05:56', 1252);
INSERT INTO `sys_oper_log` VALUES (246, '试卷', 1, 'com.dm.quiz.controller.DamingPaperController.add()', 'POST', 1, 'admin', '研发部门', '/quiz/paper', '127.0.0.1', '内网IP', '{\"paperName\":\"123\",\"paperQuestionTypeDto\":[{\"name\":\"单选题\",\"questionDtos\":[{\"analysis\":\"1\",\"correct\":\"B\",\"id\":4,\"items\":[{\"content\":\"1\",\"prefix\":\"A\"},{\"content\":\"11\",\"prefix\":\"B\"},{\"content\":\"123234234234\",\"prefix\":\"C\"},{\"content\":\"1\",\"prefix\":\"D\"}],\"questionTitle\":\"1\",\"questionType\":1,\"score\":54,\"subjectId\":2}]}],\"subjectId\":1}', NULL, 1, '\r\n### Error updating database.  Cause: java.sql.SQLException: Column count doesn\'t match value count at row 1\r\n### The error may exist in file [E:\\区块链比赛\\区块链赛前B站笔记++++\\Spring系列\\个人项目实战\\刷题项目\\后台\\daming-admin\\dm_questionBank\\target\\classes\\mapper\\quiz\\DamingPaperMapper.xml]\r\n### The error may involve com.dm.quiz.mapper.DamingPaperMapper.insertDamingPaper-Inline\r\n### The error occurred while setting parameters\r\n### SQL: insert into daming_paper          ( paper_name,             subject_id,             score,             paper_info_id,             question_count )           values ( ?,             ?,             ?,             ? )\r\n### Cause: java.sql.SQLException: Column count doesn\'t match value count at row 1\n; bad SQL grammar []; nested exception is java.sql.SQLException: Column count doesn\'t match value count at row 1', '2024-10-12 00:06:10', 7820);
INSERT INTO `sys_oper_log` VALUES (247, '试卷', 1, 'com.dm.quiz.controller.DamingPaperController.add()', 'POST', 1, 'admin', '研发部门', '/quiz/paper', '127.0.0.1', '内网IP', '{\"paperName\":\"123\",\"paperQuestionTypeDto\":[{\"name\":\"单选题\",\"questionDtos\":[{\"analysis\":\"1\",\"correct\":\"B\",\"id\":4,\"items\":[{\"content\":\"1\",\"prefix\":\"A\"},{\"content\":\"11\",\"prefix\":\"B\"},{\"content\":\"123234234234\",\"prefix\":\"C\"},{\"content\":\"1\",\"prefix\":\"D\"}],\"questionTitle\":\"1\",\"questionType\":1,\"score\":54,\"subjectId\":2}]}],\"subjectId\":1}', NULL, 1, '\r\n### Error updating database.  Cause: java.sql.SQLException: Column count doesn\'t match value count at row 1\r\n### The error may exist in file [E:\\区块链比赛\\区块链赛前B站笔记++++\\Spring系列\\个人项目实战\\刷题项目\\后台\\daming-admin\\dm_questionBank\\target\\classes\\mapper\\quiz\\DamingPaperMapper.xml]\r\n### The error may involve com.dm.quiz.mapper.DamingPaperMapper.insertDamingPaper-Inline\r\n### The error occurred while setting parameters\r\n### SQL: insert into daming_paper          ( paper_name,             subject_id,             score,             paper_info_id,             question_count,             del_flag,             create_time,             update_time )           values ( ?,             ?,             ?,             ?,             ?,             ?,             ? )\r\n### Cause: java.sql.SQLException: Column count doesn\'t match value count at row 1\n; bad SQL grammar []; nested exception is java.sql.SQLException: Column count doesn\'t match value count at row 1', '2024-10-12 00:09:54', 2296);
INSERT INTO `sys_oper_log` VALUES (248, '试卷', 1, 'com.dm.quiz.controller.DamingPaperController.add()', 'POST', 1, 'admin', '研发部门', '/quiz/paper', '127.0.0.1', '内网IP', '{\"paperName\":\"123\",\"paperQuestionTypeDto\":[{\"name\":\"单选题\",\"questionDtos\":[{\"analysis\":\"1\",\"correct\":\"B\",\"id\":4,\"items\":[{\"content\":\"1\",\"prefix\":\"A\"},{\"content\":\"11\",\"prefix\":\"B\"},{\"content\":\"123234234234\",\"prefix\":\"C\"},{\"content\":\"1\",\"prefix\":\"D\"}],\"questionTitle\":\"1\",\"questionType\":1,\"score\":54,\"subjectId\":2}]}],\"subjectId\":1}', NULL, 1, '\r\n### Error updating database.  Cause: java.sql.SQLException: Column count doesn\'t match value count at row 1\r\n### The error may exist in file [E:\\区块链比赛\\区块链赛前B站笔记++++\\Spring系列\\个人项目实战\\刷题项目\\后台\\daming-admin\\dm_questionBank\\target\\classes\\mapper\\quiz\\DamingPaperMapper.xml]\r\n### The error may involve com.dm.quiz.mapper.DamingPaperMapper.insertDamingPaper-Inline\r\n### The error occurred while setting parameters\r\n### SQL: insert into daming_paper          ( paper_name,             subject_id,             score,             paper_info_id,             question_count,             del_flag )           values ( ?,             ?,             ?,             ?,             ? )\r\n### Cause: java.sql.SQLException: Column count doesn\'t match value count at row 1\n; bad SQL grammar []; nested exception is java.sql.SQLException: Column count doesn\'t match value count at row 1', '2024-10-12 00:12:06', 21663);
INSERT INTO `sys_oper_log` VALUES (249, '试卷', 1, 'com.dm.quiz.controller.DamingPaperController.add()', 'POST', 1, 'admin', '研发部门', '/quiz/paper', '127.0.0.1', '内网IP', '{\"paperName\":\"123\",\"paperQuestionTypeDto\":[{\"name\":\"单选题\",\"questionDtos\":[{\"analysis\":\"1\",\"correct\":\"B\",\"id\":4,\"items\":[{\"content\":\"1\",\"prefix\":\"A\"},{\"content\":\"11\",\"prefix\":\"B\"},{\"content\":\"123234234234\",\"prefix\":\"C\"},{\"content\":\"1\",\"prefix\":\"D\"}],\"questionTitle\":\"1\",\"questionType\":1,\"score\":54,\"subjectId\":2}]}],\"subjectId\":1}', NULL, 1, '', '2024-10-12 00:14:42', 3803);
INSERT INTO `sys_oper_log` VALUES (250, '试卷', 1, 'com.dm.quiz.controller.DamingPaperController.add()', 'POST', 1, 'admin', '研发部门', '/quiz/paper', '127.0.0.1', '内网IP', '{\"paperName\":\"123\",\"paperQuestionTypeDto\":[{\"name\":\"单选题\",\"questionDtos\":[{\"analysis\":\"1\",\"correct\":\"B\",\"id\":4,\"items\":[{\"content\":\"1\",\"prefix\":\"A\"},{\"content\":\"11\",\"prefix\":\"B\"},{\"content\":\"123234234234\",\"prefix\":\"C\"},{\"content\":\"1\",\"prefix\":\"D\"}],\"questionTitle\":\"1\",\"questionType\":1,\"score\":54,\"subjectId\":2}]}],\"subjectId\":1}', NULL, 1, '', '2024-10-12 00:15:16', 24916);
INSERT INTO `sys_oper_log` VALUES (251, '试卷', 1, 'com.dm.quiz.controller.DamingPaperController.add()', 'POST', 1, 'admin', '研发部门', '/quiz/paper', '127.0.0.1', '内网IP', '{\"paperName\":\"123\",\"paperQuestionTypeDto\":[{\"name\":\"单选题\",\"questionDtos\":[{\"analysis\":\"1\",\"correct\":\"B\",\"id\":4,\"items\":[{\"content\":\"1\",\"prefix\":\"A\"},{\"content\":\"11\",\"prefix\":\"B\"},{\"content\":\"123234234234\",\"prefix\":\"C\"},{\"content\":\"1\",\"prefix\":\"D\"}],\"questionTitle\":\"1\",\"questionType\":1,\"score\":54,\"subjectId\":2}]}],\"subjectId\":1}', NULL, 1, '', '2024-10-12 00:17:46', 147832);
INSERT INTO `sys_oper_log` VALUES (252, '试卷', 1, 'com.dm.quiz.controller.DamingPaperController.add()', 'POST', 1, 'admin', '研发部门', '/quiz/paper', '127.0.0.1', '内网IP', '{\"paperName\":\"123\",\"paperQuestionTypeDto\":[{\"name\":\"单选题\",\"questionDtos\":[{\"analysis\":\"1\",\"correct\":\"B\",\"id\":4,\"items\":[{\"content\":\"1\",\"prefix\":\"A\"},{\"content\":\"11\",\"prefix\":\"B\"},{\"content\":\"123234234234\",\"prefix\":\"C\"},{\"content\":\"1\",\"prefix\":\"D\"}],\"questionTitle\":\"1\",\"questionType\":1,\"score\":54,\"subjectId\":2}]}],\"subjectId\":1}', NULL, 1, 'nested exception is org.apache.ibatis.reflection.ReflectionException: There is no getter for property named \'paper_info_id\' in \'class com.dm.quiz.domain.DamingPaper\'', '2024-10-12 00:18:03', 2105);
INSERT INTO `sys_oper_log` VALUES (253, '试卷', 1, 'com.dm.quiz.controller.DamingPaperController.add()', 'POST', 1, 'admin', '研发部门', '/quiz/paper', '127.0.0.1', '内网IP', '{\"paperName\":\"123\",\"paperQuestionTypeDto\":[{\"name\":\"单选题\",\"questionDtos\":[{\"analysis\":\"1\",\"correct\":\"B\",\"id\":4,\"items\":[{\"content\":\"1\",\"prefix\":\"A\"},{\"content\":\"11\",\"prefix\":\"B\"},{\"content\":\"123234234234\",\"prefix\":\"C\"},{\"content\":\"1\",\"prefix\":\"D\"}],\"questionTitle\":\"1\",\"questionType\":1,\"score\":54,\"subjectId\":2}]}],\"subjectId\":1}', NULL, 1, 'nested exception is org.apache.ibatis.reflection.ReflectionException: There is no getter for property named \'paper_info_id\' in \'class com.dm.quiz.domain.DamingPaper\'', '2024-10-12 00:18:46', 12602);
INSERT INTO `sys_oper_log` VALUES (254, '试卷', 1, 'com.dm.quiz.controller.DamingPaperController.add()', 'POST', 1, 'admin', '研发部门', '/quiz/paper', '127.0.0.1', '内网IP', '{\"paperName\":\"1231\",\"paperQuestionTypeDto\":[{\"name\":\"单选题\",\"questionDtos\":[{\"id\":1,\"items\":[{\"content\":\"苹果\",\"prefix\":\"A\"},{\"content\":\"香蕉\",\"prefix\":\"B\"},{\"content\":\"葡萄\",\"prefix\":\"C\"}],\"questionTitle\":\"测试题目标题\",\"score\":4}]}],\"subjectId\":1}', NULL, 1, '', '2024-10-12 00:19:37', 3687);
INSERT INTO `sys_oper_log` VALUES (255, '试卷', 1, 'com.dm.quiz.controller.DamingPaperController.add()', 'POST', 1, 'admin', '研发部门', '/quiz/paper', '127.0.0.1', '内网IP', '{\"paperName\":\"1231\",\"paperQuestionTypeDto\":[{\"name\":\"单选题\",\"questionDtos\":[{\"id\":1,\"items\":[{\"content\":\"苹果\",\"prefix\":\"A\"},{\"content\":\"香蕉\",\"prefix\":\"B\"},{\"content\":\"葡萄\",\"prefix\":\"C\"}],\"questionTitle\":\"测试题目标题\",\"score\":4}]}],\"subjectId\":1}', NULL, 1, '', '2024-10-12 00:20:51', 61724);
INSERT INTO `sys_oper_log` VALUES (256, '试卷', 1, 'com.dm.quiz.controller.DamingPaperController.add()', 'POST', 1, 'admin', '研发部门', '/quiz/paper', '127.0.0.1', '内网IP', '{\"paperName\":\"1231\",\"paperQuestionTypeDto\":[{\"name\":\"单选题\",\"questionDtos\":[{\"id\":1,\"items\":[{\"content\":\"苹果\",\"prefix\":\"A\"},{\"content\":\"香蕉\",\"prefix\":\"B\"},{\"content\":\"葡萄\",\"prefix\":\"C\"}],\"questionTitle\":\"测试题目标题\",\"score\":4}]}],\"subjectId\":1}', NULL, 1, '', '2024-10-12 00:21:04', 3581);
INSERT INTO `sys_oper_log` VALUES (257, '试卷', 1, 'com.dm.quiz.controller.DamingPaperController.add()', 'POST', 1, 'admin', '研发部门', '/quiz/paper', '127.0.0.1', '内网IP', '{\"paperName\":\"1231\",\"paperQuestionTypeDto\":[{\"name\":\"单选题\",\"questionDtos\":[{\"id\":1,\"items\":[{\"content\":\"苹果\",\"prefix\":\"A\"},{\"content\":\"香蕉\",\"prefix\":\"B\"},{\"content\":\"葡萄\",\"prefix\":\"C\"}],\"questionTitle\":\"测试题目标题\",\"score\":4}]}],\"subjectId\":1}', NULL, 1, '', '2024-10-12 00:22:25', 75971);
INSERT INTO `sys_oper_log` VALUES (258, '试卷', 1, 'com.dm.quiz.controller.DamingPaperController.add()', 'POST', 1, 'admin', '研发部门', '/quiz/paper', '127.0.0.1', '内网IP', '{\"paperName\":\"1231\",\"paperQuestionTypeDto\":[{\"name\":\"单选题\",\"questionDtos\":[{\"id\":1,\"items\":[{\"content\":\"苹果\",\"prefix\":\"A\"},{\"content\":\"香蕉\",\"prefix\":\"B\"},{\"content\":\"葡萄\",\"prefix\":\"C\"}],\"questionTitle\":\"测试题目标题\",\"score\":4}]}],\"subjectId\":1}', NULL, 1, '\r\n### Error querying database.  Cause: java.sql.SQLSyntaxErrorException: You have an error in your SQL syntax; check the manual that corresponds to your MySQL server version for the right syntax to use near \'select id, question_type, question_info_id, score, del_flag, subject_id, create_\' at line 3\r\n### The error may exist in file [E:\\区块链比赛\\区块链赛前B站笔记++++\\Spring系列\\个人项目实战\\刷题项目\\后台\\daming-admin\\dm_questionBank\\target\\classes\\mapper\\quiz\\DamingQuestionMapper.xml]\r\n### The error may involve defaultParameterMap\r\n### The error occurred while setting parameters\r\n### SQL: SELECT                   select id, question_type, question_info_id, score, del_flag, subject_id, create_time, update_time from daming_question               FROM daming_question where id in          (               ?          )\r\n### Cause: java.sql.SQLSyntaxErrorException: You have an error in your SQL syntax; check the manual that corresponds to your MySQL server version for the right syntax to use near \'select id, question_type, question_info_id, score, del_flag, subject_id, create_\' at line 3\n; bad SQL grammar []; nested exception is java.sql.SQLSyntaxErrorException: You have an error in your SQL syntax; check the manual that corresponds to your MySQL server version for the right syntax to use near \'select id, question_type, question_info_id, score, del_flag, subject_id, create_\' at line 3', '2024-10-12 00:22:40', 4822);
INSERT INTO `sys_oper_log` VALUES (259, '试卷', 1, 'com.dm.quiz.controller.DamingPaperController.add()', 'POST', 1, 'admin', '研发部门', '/quiz/paper', '127.0.0.1', '内网IP', '{\"paperName\":\"1231\",\"paperQuestionTypeDto\":[{\"name\":\"单选题\",\"questionDtos\":[{\"id\":1,\"items\":[{\"content\":\"苹果\",\"prefix\":\"A\"},{\"content\":\"香蕉\",\"prefix\":\"B\"},{\"content\":\"葡萄\",\"prefix\":\"C\"}],\"questionTitle\":\"测试题目标题\",\"score\":4}]}],\"subjectId\":1}', NULL, 1, '\r\n### Error querying database.  Cause: java.sql.SQLSyntaxErrorException: You have an error in your SQL syntax; check the manual that corresponds to your MySQL server version for the right syntax to use near \'select id, question_type, question_info_id, score, del_flag, subject_id, create_\' at line 3\r\n### The error may exist in file [E:\\区块链比赛\\区块链赛前B站笔记++++\\Spring系列\\个人项目实战\\刷题项目\\后台\\daming-admin\\dm_questionBank\\target\\classes\\mapper\\quiz\\DamingQuestionMapper.xml]\r\n### The error may involve defaultParameterMap\r\n### The error occurred while setting parameters\r\n### SQL: SELECT                   select id, question_type, question_info_id, score, del_flag, subject_id, create_time, update_time from daming_question               FROM daming_question where id in          (               ?          )\r\n### Cause: java.sql.SQLSyntaxErrorException: You have an error in your SQL syntax; check the manual that corresponds to your MySQL server version for the right syntax to use near \'select id, question_type, question_info_id, score, del_flag, subject_id, create_\' at line 3\n; bad SQL grammar []; nested exception is java.sql.SQLSyntaxErrorException: You have an error in your SQL syntax; check the manual that corresponds to your MySQL server version for the right syntax to use near \'select id, question_type, question_info_id, score, del_flag, subject_id, create_\' at line 3', '2024-10-12 00:23:18', 25813);
INSERT INTO `sys_oper_log` VALUES (260, '试卷', 1, 'com.dm.quiz.controller.DamingPaperController.add()', 'POST', 1, 'admin', '研发部门', '/quiz/paper', '127.0.0.1', '内网IP', '{\"paperName\":\"1231\",\"paperQuestionTypeDto\":[{\"name\":\"单选题\",\"questionDtos\":[{\"id\":1,\"items\":[{\"content\":\"苹果\",\"prefix\":\"A\"},{\"content\":\"香蕉\",\"prefix\":\"B\"},{\"content\":\"葡萄\",\"prefix\":\"C\"}],\"questionTitle\":\"测试题目标题\",\"score\":4}]}],\"subjectId\":1}', NULL, 1, '\r\n### Error querying database.  Cause: java.sql.SQLSyntaxErrorException: You have an error in your SQL syntax; check the manual that corresponds to your MySQL server version for the right syntax to use near \'select id, question_type, question_info_id, score, del_flag, subject_id, create_\' at line 3\r\n### The error may exist in file [E:\\区块链比赛\\区块链赛前B站笔记++++\\Spring系列\\个人项目实战\\刷题项目\\后台\\daming-admin\\dm_questionBank\\target\\classes\\mapper\\quiz\\DamingQuestionMapper.xml]\r\n### The error may involve defaultParameterMap\r\n### The error occurred while setting parameters\r\n### SQL: SELECT                   select id, question_type, question_info_id, score, del_flag, subject_id, create_time, update_time from daming_question               FROM daming_question where id in          (               ?          )\r\n### Cause: java.sql.SQLSyntaxErrorException: You have an error in your SQL syntax; check the manual that corresponds to your MySQL server version for the right syntax to use near \'select id, question_type, question_info_id, score, del_flag, subject_id, create_\' at line 3\n; bad SQL grammar []; nested exception is java.sql.SQLSyntaxErrorException: You have an error in your SQL syntax; check the manual that corresponds to your MySQL server version for the right syntax to use near \'select id, question_type, question_info_id, score, del_flag, subject_id, create_\' at line 3', '2024-10-12 00:24:12', 49008);
INSERT INTO `sys_oper_log` VALUES (261, '试卷', 1, 'com.dm.quiz.controller.DamingPaperController.add()', 'POST', 1, 'admin', '研发部门', '/quiz/paper', '127.0.0.1', '内网IP', '{\"paperName\":\"1231\",\"paperQuestionTypeDto\":[{\"name\":\"单选题\",\"questionDtos\":[{\"id\":1,\"items\":[{\"content\":\"苹果\",\"prefix\":\"A\"},{\"content\":\"香蕉\",\"prefix\":\"B\"},{\"content\":\"葡萄\",\"prefix\":\"C\"}],\"questionTitle\":\"测试题目标题\",\"score\":4}]}],\"subjectId\":1}', NULL, 1, '\r\n### Error querying database.  Cause: java.sql.SQLSyntaxErrorException: You have an error in your SQL syntax; check the manual that corresponds to your MySQL server version for the right syntax to use near \'select id, question_type, question_info_id, score, del_flag, subject_id, create_\' at line 3\r\n### The error may exist in file [E:\\区块链比赛\\区块链赛前B站笔记++++\\Spring系列\\个人项目实战\\刷题项目\\后台\\daming-admin\\dm_questionBank\\target\\classes\\mapper\\quiz\\DamingQuestionMapper.xml]\r\n### The error may involve defaultParameterMap\r\n### The error occurred while setting parameters\r\n### SQL: SELECT                   select id, question_type, question_info_id, score, del_flag, subject_id, create_time, update_time from daming_question               FROM daming_question         WHERE id IN          (               ?          )\r\n### Cause: java.sql.SQLSyntaxErrorException: You have an error in your SQL syntax; check the manual that corresponds to your MySQL server version for the right syntax to use near \'select id, question_type, question_info_id, score, del_flag, subject_id, create_\' at line 3\n; bad SQL grammar []; nested exception is java.sql.SQLSyntaxErrorException: You have an error in your SQL syntax; check the manual that corresponds to your MySQL server version for the right syntax to use near \'select id, question_type, question_info_id, score, del_flag, subject_id, create_\' at line 3', '2024-10-12 00:26:32', 14508);
INSERT INTO `sys_oper_log` VALUES (262, '试卷', 1, 'com.dm.quiz.controller.DamingPaperController.add()', 'POST', 1, 'admin', '研发部门', '/quiz/paper', '127.0.0.1', '内网IP', '{\"paperName\":\"1231\",\"paperQuestionTypeDto\":[{\"name\":\"单选题\",\"questionDtos\":[{\"id\":1,\"items\":[{\"content\":\"苹果\",\"prefix\":\"A\"},{\"content\":\"香蕉\",\"prefix\":\"B\"},{\"content\":\"葡萄\",\"prefix\":\"C\"}],\"questionTitle\":\"测试题目标题\",\"score\":4}]}],\"subjectId\":1}', NULL, 1, '\r\n### Error querying database.  Cause: java.sql.SQLSyntaxErrorException: You have an error in your SQL syntax; check the manual that corresponds to your MySQL server version for the right syntax to use near \'FROM daming_question\n        WHERE id IN\n         (  \n            1\n         )\' at line 3\r\n### The error may exist in file [E:\\区块链比赛\\区块链赛前B站笔记++++\\Spring系列\\个人项目实战\\刷题项目\\后台\\daming-admin\\dm_questionBank\\target\\classes\\mapper\\quiz\\DamingQuestionMapper.xml]\r\n### The error may involve defaultParameterMap\r\n### The error occurred while setting parameters\r\n### SQL: select id, question_type, question_info_id, score, del_flag, subject_id, create_time, update_time from daming_question               FROM daming_question         WHERE id IN          (               ?          )\r\n### Cause: java.sql.SQLSyntaxErrorException: You have an error in your SQL syntax; check the manual that corresponds to your MySQL server version for the right syntax to use near \'FROM daming_question\n        WHERE id IN\n         (  \n            1\n         )\' at line 3\n; bad SQL grammar []; nested exception is java.sql.SQLSyntaxErrorException: You have an error in your SQL syntax; check the manual that corresponds to your MySQL server version for the right syntax to use near \'FROM daming_question\n        WHERE id IN\n         (  \n            1\n         )\' at line 3', '2024-10-12 00:27:40', 12694);
INSERT INTO `sys_oper_log` VALUES (263, '试卷', 1, 'com.dm.quiz.controller.DamingPaperController.add()', 'POST', 1, 'admin', '研发部门', '/quiz/paper', '127.0.0.1', '内网IP', '{\"paperName\":\"123\",\"paperQuestionTypeDto\":[{\"name\":\"单选题\",\"questionDtos\":[{\"id\":1,\"items\":[{\"content\":\"苹果\",\"prefix\":\"A\"},{\"content\":\"香蕉\",\"prefix\":\"B\"},{\"content\":\"葡萄\",\"prefix\":\"C\"}],\"questionTitle\":\"测试题目标题\",\"score\":4}]}],\"subjectId\":1}', NULL, 1, '\r\n### Error querying database.  Cause: java.sql.SQLSyntaxErrorException: You have an error in your SQL syntax; check the manual that corresponds to your MySQL server version for the right syntax to use near \'FROM daming_question\n        WHERE id IN\n         (  \n            1\n         )\' at line 3\r\n### The error may exist in file [E:\\区块链比赛\\区块链赛前B站笔记++++\\Spring系列\\个人项目实战\\刷题项目\\后台\\daming-admin\\dm_questionBank\\target\\classes\\mapper\\quiz\\DamingQuestionMapper.xml]\r\n### The error may involve defaultParameterMap\r\n### The error occurred while setting parameters\r\n### SQL: select id, question_type, question_info_id, score, del_flag, subject_id, create_time, update_time from daming_question               FROM daming_question         WHERE id IN          (               ?          )\r\n### Cause: java.sql.SQLSyntaxErrorException: You have an error in your SQL syntax; check the manual that corresponds to your MySQL server version for the right syntax to use near \'FROM daming_question\n        WHERE id IN\n         (  \n            1\n         )\' at line 3\n; bad SQL grammar []; nested exception is java.sql.SQLSyntaxErrorException: You have an error in your SQL syntax; check the manual that corresponds to your MySQL server version for the right syntax to use near \'FROM daming_question\n        WHERE id IN\n         (  \n            1\n         )\' at line 3', '2024-10-12 09:31:58', 38367);
INSERT INTO `sys_oper_log` VALUES (264, '试卷', 1, 'com.dm.quiz.controller.DamingPaperController.add()', 'POST', 1, 'admin', '研发部门', '/quiz/paper', '127.0.0.1', '内网IP', '{\"paperName\":\"123\",\"paperQuestionTypeDto\":[{\"name\":\"单选题\",\"questionDtos\":[{\"id\":1,\"items\":[{\"content\":\"苹果\",\"prefix\":\"A\"},{\"content\":\"香蕉\",\"prefix\":\"B\"},{\"content\":\"葡萄\",\"prefix\":\"C\"}],\"questionTitle\":\"测试题目标题\",\"score\":4}]}],\"subjectId\":1}', NULL, 1, 'No value present', '2024-10-12 09:37:35', 68908);
INSERT INTO `sys_oper_log` VALUES (265, '试卷', 1, 'com.dm.quiz.controller.DamingPaperController.add()', 'POST', 1, 'admin', '研发部门', '/quiz/paper', '127.0.0.1', '内网IP', '{\"paperName\":\"123\",\"paperQuestionTypeDto\":[{\"name\":\"单选题\",\"questionDtos\":[{\"analysis\":\"1\",\"correct\":\"B\",\"id\":4,\"items\":[{\"content\":\"1\",\"prefix\":\"A\"},{\"content\":\"11\",\"prefix\":\"B\"},{\"content\":\"123234234234\",\"prefix\":\"C\"},{\"content\":\"1\",\"prefix\":\"D\"}],\"questionTitle\":\"1\",\"questionType\":1,\"score\":54,\"subjectId\":2}]}],\"subjectId\":1}', NULL, 1, '', '2024-10-12 09:38:24', 20724);
INSERT INTO `sys_oper_log` VALUES (266, '试卷', 1, 'com.dm.quiz.controller.DamingPaperController.add()', 'POST', 1, 'admin', '研发部门', '/quiz/paper', '127.0.0.1', '内网IP', '{\"paperName\":\"123\",\"paperQuestionTypeDto\":[{\"name\":\"单选题\",\"questionDtos\":[{\"analysis\":\"1\",\"correct\":\"B\",\"id\":4,\"items\":[{\"content\":\"1\",\"prefix\":\"A\"},{\"content\":\"11\",\"prefix\":\"B\"},{\"content\":\"123234234234\",\"prefix\":\"C\"},{\"content\":\"1\",\"prefix\":\"D\"}],\"questionTitle\":\"1\",\"questionType\":1,\"score\":54,\"subjectId\":2}]}],\"subjectId\":1}', NULL, 1, '', '2024-10-12 09:40:53', 140639);
INSERT INTO `sys_oper_log` VALUES (267, '试卷', 1, 'com.dm.quiz.controller.DamingPaperController.add()', 'POST', 1, 'admin', '研发部门', '/quiz/paper', '127.0.0.1', '内网IP', '{\"paperName\":\"123\",\"paperQuestionTypeDto\":[{\"name\":\"单选题\",\"questionDtos\":[{\"analysis\":\"1\",\"correct\":\"B\",\"id\":4,\"items\":[{\"content\":\"1\",\"prefix\":\"A\"},{\"content\":\"11\",\"prefix\":\"B\"},{\"content\":\"123234234234\",\"prefix\":\"C\"},{\"content\":\"1\",\"prefix\":\"D\"}],\"questionTitle\":\"1\",\"questionType\":1,\"score\":54,\"subjectId\":2}]}],\"subjectId\":1}', NULL, 1, '', '2024-10-12 09:42:47', 111307);
INSERT INTO `sys_oper_log` VALUES (268, '试卷', 1, 'com.dm.quiz.controller.DamingPaperController.add()', 'POST', 1, 'admin', '研发部门', '/quiz/paper', '127.0.0.1', '内网IP', '{\"paperName\":\"123\",\"paperQuestionTypeDto\":[{\"name\":\"单选题\",\"questionDtos\":[{\"analysis\":\"1\",\"correct\":\"B\",\"id\":4,\"items\":[{\"content\":\"1\",\"prefix\":\"A\"},{\"content\":\"11\",\"prefix\":\"B\"},{\"content\":\"123234234234\",\"prefix\":\"C\"},{\"content\":\"1\",\"prefix\":\"D\"}],\"questionTitle\":\"1\",\"questionType\":1,\"score\":54,\"subjectId\":2}]}],\"subjectId\":1}', NULL, 1, '', '2024-10-12 09:44:54', 121144);
INSERT INTO `sys_oper_log` VALUES (269, '试卷', 1, 'com.dm.quiz.controller.DamingPaperController.add()', 'POST', 1, 'admin', '研发部门', '/quiz/paper', '127.0.0.1', '内网IP', '{\"paperName\":\"123\",\"paperQuestionTypeDto\":[{\"name\":\"单选题\",\"questionDtos\":[{\"analysis\":\"1\",\"correct\":\"B\",\"id\":4,\"items\":[{\"content\":\"1\",\"prefix\":\"A\"},{\"content\":\"11\",\"prefix\":\"B\"},{\"content\":\"123234234234\",\"prefix\":\"C\"},{\"content\":\"1\",\"prefix\":\"D\"}],\"questionTitle\":\"1\",\"questionType\":1,\"score\":54,\"subjectId\":2}]}],\"subjectId\":1}', NULL, 1, '', '2024-10-12 09:46:43', 106194);
INSERT INTO `sys_oper_log` VALUES (270, '试卷', 1, 'com.dm.quiz.controller.DamingPaperController.add()', 'POST', 1, 'admin', '研发部门', '/quiz/paper', '127.0.0.1', '内网IP', '{\"paperName\":\"123\",\"paperQuestionTypeDto\":[{\"name\":\"单选题\",\"questionDtos\":[{\"analysis\":\"1\",\"correct\":\"B\",\"id\":4,\"items\":[{\"content\":\"1\",\"prefix\":\"A\"},{\"content\":\"11\",\"prefix\":\"B\"},{\"content\":\"123234234234\",\"prefix\":\"C\"},{\"content\":\"1\",\"prefix\":\"D\"}],\"questionTitle\":\"1\",\"questionType\":1,\"score\":54,\"subjectId\":2}]}],\"subjectId\":1}', '{\"msg\":\"操作成功\",\"code\":200,\"data\":{\"paperName\":\"123\",\"paperQuestionTypeDto\":[{\"name\":\"单选题\",\"questionDtos\":[{\"analysis\":\"1\",\"correct\":\"B\",\"id\":4,\"itemOrder\":1,\"items\":[{\"content\":\"1\",\"prefix\":\"A\"},{\"content\":\"11\",\"prefix\":\"B\"},{\"content\":\"123234234234\",\"prefix\":\"C\"},{\"content\":\"1\",\"prefix\":\"D\"}],\"questionTitle\":\"1\",\"questionType\":1,\"score\":54,\"subjectId\":2}]}],\"score\":54,\"subjectId\":1}}', 0, NULL, '2024-10-12 09:47:19', 27312);
INSERT INTO `sys_oper_log` VALUES (271, '试卷', 1, 'com.dm.quiz.controller.DamingPaperController.add()', 'POST', 1, 'admin', '研发部门', '/quiz/paper', '127.0.0.1', '内网IP', '{\"paperName\":\"123\",\"paperQuestionTypeDto\":[{\"name\":\"单选题\",\"questionDtos\":[{\"analysis\":\"1\",\"correct\":\"B\",\"id\":4,\"items\":[{\"content\":\"1\",\"prefix\":\"A\"},{\"content\":\"11\",\"prefix\":\"B\"},{\"content\":\"123234234234\",\"prefix\":\"C\"},{\"content\":\"1\",\"prefix\":\"D\"}],\"questionTitle\":\"1\",\"questionType\":1,\"score\":54,\"subjectId\":2}]}],\"subjectId\":1}', '{\"msg\":\"操作成功\",\"code\":200,\"data\":{\"paperName\":\"123\",\"paperQuestionTypeDto\":[{\"name\":\"单选题\",\"questionDtos\":[{\"analysis\":\"1\",\"correct\":\"B\",\"id\":4,\"itemOrder\":1,\"items\":[{\"content\":\"1\",\"prefix\":\"A\"},{\"content\":\"11\",\"prefix\":\"B\"},{\"content\":\"123234234234\",\"prefix\":\"C\"},{\"content\":\"1\",\"prefix\":\"D\"}],\"questionTitle\":\"1\",\"questionType\":1,\"score\":54,\"subjectId\":2}]}],\"score\":54,\"subjectId\":1}}', 0, NULL, '2024-10-12 09:47:30', 3346);
INSERT INTO `sys_oper_log` VALUES (272, '试卷', 3, 'com.dm.quiz.controller.DamingPaperController.remove()', 'DELETE', 1, 'admin', '研发部门', '/quiz/paper/10,11,12,13,14,15,16,17,18,19', '127.0.0.1', '内网IP', '{}', '{\"msg\":\"操作成功\",\"code\":200}', 0, NULL, '2024-10-12 09:49:01', 36);
INSERT INTO `sys_oper_log` VALUES (273, '试卷', 3, 'com.dm.quiz.controller.DamingPaperController.remove()', 'DELETE', 1, 'admin', '研发部门', '/quiz/paper/20,21,22,23,24,25,26,27', '127.0.0.1', '内网IP', '{}', '{\"msg\":\"操作成功\",\"code\":200}', 0, NULL, '2024-10-12 09:49:12', 2);
INSERT INTO `sys_oper_log` VALUES (274, '试卷', 1, 'com.dm.quiz.controller.DamingPaperController.add()', 'POST', 1, 'admin', '研发部门', '/quiz/paper', '127.0.0.1', '内网IP', '{\"paperQuestionTypeDto\":[{\"name\":\"单选题\",\"questionDtos\":[{\"id\":1,\"items\":[{\"content\":\"苹果\",\"prefix\":\"A\"},{\"content\":\"香蕉\",\"prefix\":\"B\"},{\"content\":\"葡萄\",\"prefix\":\"C\"}],\"questionTitle\":\"测试题目标题\",\"score\":4}]}]}', NULL, 1, '\r\n### Error updating database.  Cause: java.sql.SQLException: Field \'paper_name\' doesn\'t have a default value\r\n### The error may exist in file [E:\\区块链比赛\\区块链赛前B站笔记++++\\Spring系列\\个人项目实战\\刷题项目\\后台\\daming-admin\\dm_questionBank\\target\\classes\\mapper\\quiz\\DamingPaperMapper.xml]\r\n### The error may involve com.dm.quiz.mapper.DamingPaperMapper.insertDamingPaper-Inline\r\n### The error occurred while setting parameters\r\n### SQL: insert into daming_paper          ( score,             paper_info_id,             question_count,             del_flag )           values ( ?,             ?,             ?,             ? )\r\n### Cause: java.sql.SQLException: Field \'paper_name\' doesn\'t have a default value\n; Field \'paper_name\' doesn\'t have a default value; nested exception is java.sql.SQLException: Field \'paper_name\' doesn\'t have a default value', '2024-10-12 09:49:18', 51);
INSERT INTO `sys_oper_log` VALUES (275, '试卷', 1, 'com.dm.quiz.controller.DamingPaperController.add()', 'POST', 1, 'admin', '研发部门', '/quiz/paper', '127.0.0.1', '内网IP', '{\"paperQuestionTypeDto\":[{\"name\":\"单选题\",\"questionDtos\":[{\"id\":1,\"items\":[{\"content\":\"苹果\",\"prefix\":\"A\"},{\"content\":\"香蕉\",\"prefix\":\"B\"},{\"content\":\"葡萄\",\"prefix\":\"C\"}],\"questionTitle\":\"测试题目标题\",\"score\":4}]}]}', NULL, 1, '', '2024-10-12 09:52:37', 13);
INSERT INTO `sys_oper_log` VALUES (276, '试卷', 1, 'com.dm.quiz.controller.DamingPaperController.add()', 'POST', 1, 'admin', '研发部门', '/quiz/paper', '127.0.0.1', '内网IP', '{\"paperQuestionTypeDto\":[{\"name\":\"单选题\",\"questionDtos\":[{\"id\":1,\"items\":[{\"content\":\"苹果\",\"prefix\":\"A\"},{\"content\":\"香蕉\",\"prefix\":\"B\"},{\"content\":\"葡萄\",\"prefix\":\"C\"}],\"questionTitle\":\"测试题目标题\",\"score\":4}]}]}', NULL, 1, '', '2024-10-12 09:53:07', 1);
INSERT INTO `sys_oper_log` VALUES (277, '试卷', 1, 'com.dm.quiz.controller.DamingPaperController.add()', 'POST', 1, 'admin', '研发部门', '/quiz/paper', '127.0.0.1', '内网IP', '{\"paperQuestionTypeDto\":[{\"name\":\"单选题\",\"questionDtos\":[{\"id\":1,\"items\":[{\"content\":\"苹果\",\"prefix\":\"A\"},{\"content\":\"香蕉\",\"prefix\":\"B\"},{\"content\":\"葡萄\",\"prefix\":\"C\"}],\"questionTitle\":\"测试题目标题\",\"score\":4}]}]}', NULL, 1, '', '2024-10-12 09:53:33', 3);
INSERT INTO `sys_oper_log` VALUES (278, '试卷', 1, 'com.dm.quiz.controller.DamingPaperController.add()', 'POST', 1, 'admin', '研发部门', '/quiz/paper', '127.0.0.1', '内网IP', '{\"paperQuestionTypeDto\":[{\"name\":\"单选题\",\"questionDtos\":[{\"id\":1,\"items\":[{\"content\":\"苹果\",\"prefix\":\"A\"},{\"content\":\"香蕉\",\"prefix\":\"B\"},{\"content\":\"葡萄\",\"prefix\":\"C\"}],\"questionTitle\":\"测试题目标题\",\"score\":4}]}]}', NULL, 1, '', '2024-10-12 09:54:04', 10);
INSERT INTO `sys_oper_log` VALUES (279, '试卷', 1, 'com.dm.quiz.controller.DamingPaperController.add()', 'POST', 1, 'admin', '研发部门', '/quiz/paper', '127.0.0.1', '内网IP', '{\"paperQuestionTypeDto\":[{\"name\":\"单选题\",\"questionDtos\":[{\"id\":1,\"items\":[{\"content\":\"苹果\",\"prefix\":\"A\"},{\"content\":\"香蕉\",\"prefix\":\"B\"},{\"content\":\"葡萄\",\"prefix\":\"C\"}],\"questionTitle\":\"测试题目标题\",\"score\":4}]}]}', NULL, 1, '', '2024-10-12 09:55:14', 39394);
INSERT INTO `sys_oper_log` VALUES (280, '试卷', 1, 'com.dm.quiz.controller.DamingPaperController.add()', 'POST', 1, 'admin', '研发部门', '/quiz/paper', '127.0.0.1', '内网IP', '{\"paperName\":\"   \",\"paperQuestionTypeDto\":[{\"name\":\"单选题\",\"questionDtos\":[{\"id\":1,\"items\":[{\"content\":\"苹果\",\"prefix\":\"A\"},{\"content\":\"香蕉\",\"prefix\":\"B\"},{\"content\":\"葡萄\",\"prefix\":\"C\"}],\"questionTitle\":\"测试题目标题\",\"score\":4}]}]}', '{\"msg\":\"参数填写错误\",\"code\":500}', 0, NULL, '2024-10-12 09:58:25', 181181);
INSERT INTO `sys_oper_log` VALUES (281, '试卷', 1, 'com.dm.quiz.controller.DamingPaperController.add()', 'POST', 1, 'admin', '研发部门', '/quiz/paper', '127.0.0.1', '内网IP', '{\"paperName\":\"   \",\"paperQuestionTypeDto\":[{\"name\":\"单选题\",\"questionDtos\":[{\"id\":1,\"items\":[{\"content\":\"苹果\",\"prefix\":\"A\"},{\"content\":\"香蕉\",\"prefix\":\"B\"},{\"content\":\"葡萄\",\"prefix\":\"C\"}],\"questionTitle\":\"测试题目标题\",\"score\":4}]}]}', '{\"msg\":\"参数填写错误\",\"code\":500}', 0, NULL, '2024-10-12 09:58:47', 10416);
INSERT INTO `sys_oper_log` VALUES (282, '试卷', 1, 'com.dm.quiz.controller.DamingPaperController.add()', 'POST', 1, 'admin', '研发部门', '/quiz/paper', '127.0.0.1', '内网IP', '{\"paperName\":\"   \",\"paperQuestionTypeDto\":[{\"name\":\"单选题\",\"questionDtos\":[{\"id\":1,\"items\":[{\"content\":\"苹果\",\"prefix\":\"A\"},{\"content\":\"香蕉\",\"prefix\":\"B\"},{\"content\":\"葡萄\",\"prefix\":\"C\"}],\"questionTitle\":\"测试题目标题\",\"score\":4}]}]}', '{\"msg\":\"参数填写错误\",\"code\":500}', 0, NULL, '2024-10-12 09:58:57', 1165);
INSERT INTO `sys_oper_log` VALUES (283, '试卷', 1, 'com.dm.quiz.controller.DamingPaperController.add()', 'POST', 1, 'admin', '研发部门', '/quiz/paper', '127.0.0.1', '内网IP', '{\"paperName\":\"123\",\"paperQuestionTypeDto\":[{\"name\":\"单选题\",\"questionDtos\":[{\"analysis\":\"1\",\"correct\":\"B\",\"id\":4,\"items\":[{\"content\":\"1\",\"prefix\":\"A\"},{\"content\":\"11\",\"prefix\":\"B\"},{\"content\":\"123234234234\",\"prefix\":\"C\"},{\"content\":\"1\",\"prefix\":\"D\"}],\"questionTitle\":\"1\",\"questionType\":1,\"score\":54,\"subjectId\":2}]}],\"subjectId\":1}', '{\"msg\":\"操作成功\",\"code\":200,\"data\":{\"paperName\":\"123\",\"paperQuestionTypeDto\":[{\"name\":\"单选题\",\"questionDtos\":[{\"analysis\":\"1\",\"correct\":\"B\",\"id\":4,\"itemOrder\":1,\"items\":[{\"content\":\"1\",\"prefix\":\"A\"},{\"content\":\"11\",\"prefix\":\"B\"},{\"content\":\"123234234234\",\"prefix\":\"C\"},{\"content\":\"1\",\"prefix\":\"D\"}],\"questionTitle\":\"1\",\"questionType\":1,\"score\":54,\"subjectId\":2}]}],\"score\":54,\"subjectId\":1}}', 0, NULL, '2024-10-12 10:03:02', 5157);
INSERT INTO `sys_oper_log` VALUES (284, '试卷', 1, 'com.dm.quiz.controller.DamingPaperController.add()', 'POST', 1, 'admin', '研发部门', '/quiz/paper', '127.0.0.1', '内网IP', '{\"paperName\":\"123\",\"paperQuestionTypeDto\":[{\"name\":\"单选题\",\"questionDtos\":[{\"analysis\":\"1\",\"correct\":\"B\",\"id\":4,\"items\":[{\"content\":\"1\",\"prefix\":\"A\"},{\"content\":\"11\",\"prefix\":\"B\"},{\"content\":\"123234234234\",\"prefix\":\"C\"},{\"content\":\"1\",\"prefix\":\"D\"}],\"questionTitle\":\"1\",\"questionType\":1,\"score\":54,\"subjectId\":2}]}],\"subjectId\":1}', '{\"msg\":\"操作成功\",\"code\":200,\"data\":{\"paperName\":\"123\",\"paperQuestionTypeDto\":[{\"name\":\"单选题\",\"questionDtos\":[{\"analysis\":\"1\",\"correct\":\"B\",\"id\":4,\"itemOrder\":1,\"items\":[{\"content\":\"1\",\"prefix\":\"A\"},{\"content\":\"11\",\"prefix\":\"B\"},{\"content\":\"123234234234\",\"prefix\":\"C\"},{\"content\":\"1\",\"prefix\":\"D\"}],\"questionTitle\":\"1\",\"questionType\":1,\"score\":54,\"subjectId\":2}]}],\"score\":54,\"subjectId\":1}}', 0, NULL, '2024-10-12 10:03:13', 16);
INSERT INTO `sys_oper_log` VALUES (285, '试卷', 1, 'com.dm.quiz.controller.DamingPaperController.add()', 'POST', 1, 'admin', '研发部门', '/quiz/paper', '127.0.0.1', '内网IP', '{\"paperName\":\"123\",\"paperQuestionTypeDto\":[{\"name\":\"单选题\",\"questionDtos\":[{\"analysis\":\"1\",\"correct\":\"B\",\"id\":4,\"items\":[{\"content\":\"1\",\"prefix\":\"A\"},{\"content\":\"11\",\"prefix\":\"B\"},{\"content\":\"123234234234\",\"prefix\":\"C\"},{\"content\":\"1\",\"prefix\":\"D\"}],\"questionTitle\":\"1\",\"questionType\":1,\"score\":54,\"subjectId\":2}]}],\"subjectId\":1}', '{\"msg\":\"操作成功\",\"code\":200,\"data\":{\"paperName\":\"123\",\"paperQuestionTypeDto\":[{\"name\":\"单选题\",\"questionDtos\":[{\"analysis\":\"1\",\"correct\":\"B\",\"id\":4,\"itemOrder\":1,\"items\":[{\"content\":\"1\",\"prefix\":\"A\"},{\"content\":\"11\",\"prefix\":\"B\"},{\"content\":\"123234234234\",\"prefix\":\"C\"},{\"content\":\"1\",\"prefix\":\"D\"}],\"questionTitle\":\"1\",\"questionType\":1,\"score\":54,\"subjectId\":2}]}],\"score\":54,\"subjectId\":1}}', 0, NULL, '2024-10-12 10:03:33', 18);
INSERT INTO `sys_oper_log` VALUES (286, '试卷', 1, 'com.dm.quiz.controller.DamingPaperController.add()', 'POST', 1, 'admin', '研发部门', '/quiz/paper', '127.0.0.1', '内网IP', '{\"paperName\":\"123\",\"paperQuestionTypeDto\":[{\"name\":\"单选题\",\"questionDtos\":[{\"analysis\":\"1\",\"correct\":\"B\",\"id\":4,\"items\":[{\"content\":\"1\",\"prefix\":\"A\"},{\"content\":\"11\",\"prefix\":\"B\"},{\"content\":\"123234234234\",\"prefix\":\"C\"},{\"content\":\"1\",\"prefix\":\"D\"}],\"questionTitle\":\"1\",\"questionType\":1,\"score\":54,\"subjectId\":2}]}],\"subjectId\":1}', '{\"msg\":\"操作成功\",\"code\":200,\"data\":{\"paperName\":\"123\",\"paperQuestionTypeDto\":[{\"name\":\"单选题\",\"questionDtos\":[{\"analysis\":\"1\",\"correct\":\"B\",\"id\":4,\"itemOrder\":1,\"items\":[{\"content\":\"1\",\"prefix\":\"A\"},{\"content\":\"11\",\"prefix\":\"B\"},{\"content\":\"123234234234\",\"prefix\":\"C\"},{\"content\":\"1\",\"prefix\":\"D\"}],\"questionTitle\":\"1\",\"questionType\":1,\"score\":54,\"subjectId\":2}]}],\"score\":54,\"subjectId\":1}}', 0, NULL, '2024-10-12 10:03:34', 18);
INSERT INTO `sys_oper_log` VALUES (287, '试卷', 1, 'com.dm.quiz.controller.DamingPaperController.add()', 'POST', 1, 'admin', '研发部门', '/quiz/paper', '127.0.0.1', '内网IP', '{\"paperName\":\"123\",\"paperQuestionTypeDto\":[{\"name\":\"单选题\",\"questionDtos\":[{\"analysis\":\"1\",\"correct\":\"B\",\"id\":4,\"items\":[{\"content\":\"1\",\"prefix\":\"A\"},{\"content\":\"11\",\"prefix\":\"B\"},{\"content\":\"123234234234\",\"prefix\":\"C\"},{\"content\":\"1\",\"prefix\":\"D\"}],\"questionTitle\":\"1\",\"questionType\":1,\"score\":54,\"subjectId\":2}]}],\"subjectId\":1}', '{\"msg\":\"操作成功\",\"code\":200,\"data\":{\"paperName\":\"123\",\"paperQuestionTypeDto\":[{\"name\":\"单选题\",\"questionDtos\":[{\"analysis\":\"1\",\"correct\":\"B\",\"id\":4,\"itemOrder\":1,\"items\":[{\"content\":\"1\",\"prefix\":\"A\"},{\"content\":\"11\",\"prefix\":\"B\"},{\"content\":\"123234234234\",\"prefix\":\"C\"},{\"content\":\"1\",\"prefix\":\"D\"}],\"questionTitle\":\"1\",\"questionType\":1,\"score\":54,\"subjectId\":2}]}],\"score\":54,\"subjectId\":1}}', 0, NULL, '2024-10-12 10:03:35', 25);
INSERT INTO `sys_oper_log` VALUES (288, '试卷', 1, 'com.dm.quiz.controller.DamingPaperController.add()', 'POST', 1, 'admin', '研发部门', '/quiz/paper', '127.0.0.1', '内网IP', '{\"paperName\":\"123\",\"paperQuestionTypeDto\":[{\"name\":\"单选题\",\"questionDtos\":[{\"analysis\":\"1\",\"correct\":\"B\",\"id\":4,\"items\":[{\"content\":\"1\",\"prefix\":\"A\"},{\"content\":\"11\",\"prefix\":\"B\"},{\"content\":\"123234234234\",\"prefix\":\"C\"},{\"content\":\"1\",\"prefix\":\"D\"}],\"questionTitle\":\"1\",\"questionType\":1,\"score\":54,\"subjectId\":2}]}],\"subjectId\":1}', '{\"msg\":\"操作成功\",\"code\":200,\"data\":{\"paperName\":\"123\",\"paperQuestionTypeDto\":[{\"name\":\"单选题\",\"questionDtos\":[{\"analysis\":\"1\",\"correct\":\"B\",\"id\":4,\"itemOrder\":1,\"items\":[{\"content\":\"1\",\"prefix\":\"A\"},{\"content\":\"11\",\"prefix\":\"B\"},{\"content\":\"123234234234\",\"prefix\":\"C\"},{\"content\":\"1\",\"prefix\":\"D\"}],\"questionTitle\":\"1\",\"questionType\":1,\"score\":54,\"subjectId\":2}]}],\"score\":54,\"subjectId\":1}}', 0, NULL, '2024-10-12 10:03:37', 16);
INSERT INTO `sys_oper_log` VALUES (289, '试卷', 1, 'com.dm.quiz.controller.DamingPaperController.add()', 'POST', 1, 'admin', '研发部门', '/quiz/paper', '127.0.0.1', '内网IP', '{\"paperName\":\"123\",\"paperQuestionTypeDto\":[{\"name\":\"单选题\",\"questionDtos\":[{\"analysis\":\"1\",\"correct\":\"B\",\"id\":4,\"items\":[{\"content\":\"1\",\"prefix\":\"A\"},{\"content\":\"11\",\"prefix\":\"B\"},{\"content\":\"123234234234\",\"prefix\":\"C\"},{\"content\":\"1\",\"prefix\":\"D\"}],\"questionTitle\":\"1\",\"questionType\":1,\"score\":54,\"subjectId\":2}]}],\"subjectId\":1}', '{\"msg\":\"操作成功\",\"code\":200,\"data\":{\"paperName\":\"123\",\"paperQuestionTypeDto\":[{\"name\":\"单选题\",\"questionDtos\":[{\"analysis\":\"1\",\"correct\":\"B\",\"id\":4,\"itemOrder\":1,\"items\":[{\"content\":\"1\",\"prefix\":\"A\"},{\"content\":\"11\",\"prefix\":\"B\"},{\"content\":\"123234234234\",\"prefix\":\"C\"},{\"content\":\"1\",\"prefix\":\"D\"}],\"questionTitle\":\"1\",\"questionType\":1,\"score\":54,\"subjectId\":2}]}],\"score\":54,\"subjectId\":1}}', 0, NULL, '2024-10-12 10:03:38', 14);
INSERT INTO `sys_oper_log` VALUES (290, '代码生成', 2, 'com.ruoyi.generator.controller.GenController.editSave()', 'PUT', 1, 'admin', '研发部门', '/tool/gen', '127.0.0.1', '内网IP', '{\"businessName\":\"paper\",\"className\":\"DamingPaper\",\"columns\":[{\"capJavaField\":\"PaperId\",\"columnComment\":\"\",\"columnId\":5,\"columnName\":\"paper_id\",\"columnType\":\"int(11)\",\"createBy\":\"admin\",\"createTime\":\"2024-10-08 18:22:36\",\"dictType\":\"\",\"edit\":false,\"htmlType\":\"input\",\"increment\":true,\"insert\":true,\"isIncrement\":\"1\",\"isInsert\":\"1\",\"isPk\":\"1\",\"isRequired\":\"0\",\"javaField\":\"paperId\",\"javaType\":\"Long\",\"list\":false,\"params\":{},\"pk\":true,\"query\":false,\"queryType\":\"EQ\",\"required\":false,\"sort\":1,\"superColumn\":false,\"tableId\":2,\"updateBy\":\"\",\"updateTime\":\"2024-10-11 20:23:03\",\"usableColumn\":false},{\"capJavaField\":\"PaperName\",\"columnComment\":\"试卷名称\",\"columnId\":6,\"columnName\":\"paper_name\",\"columnType\":\"varchar(255)\",\"createBy\":\"admin\",\"createTime\":\"2024-10-08 18:22:36\",\"dictType\":\"\",\"edit\":true,\"htmlType\":\"input\",\"increment\":false,\"insert\":true,\"isEdit\":\"1\",\"isIncrement\":\"0\",\"isInsert\":\"1\",\"isList\":\"1\",\"isPk\":\"0\",\"isQuery\":\"1\",\"isRequired\":\"1\",\"javaField\":\"paperName\",\"javaType\":\"String\",\"list\":true,\"params\":{},\"pk\":false,\"query\":true,\"queryType\":\"LIKE\",\"required\":true,\"sort\":2,\"superColumn\":false,\"tableId\":2,\"updateBy\":\"\",\"updateTime\":\"2024-10-11 20:23:03\",\"usableColumn\":false},{\"capJavaField\":\"SubjectId\",\"columnComment\":\"科目ID\",\"columnId\":7,\"columnName\":\"subject_id\",\"columnType\":\"int(11)\",\"createBy\":\"admin\",\"createTime\":\"2024-10-08 18:22:36\",\"dictType\":\"\",\"edit\":true,\"htmlType\":\"input\",\"increment\":false,\"insert\":true,\"isEdit\":\"1\",\"isIncrement\":\"0\",\"isInsert\":\"1\",\"isList\":\"1\",\"isPk\":\"0\",\"isQuery\":\"1\",\"isRequired\":\"1\",\"javaField\":\"subjectId\",\"javaType\":\"Integer\",\"list\":true,\"params\":{},\"pk\":false,\"query\":true,\"queryType\":\"EQ\",\"required\":true,\"sort\":3,\"superColumn\":false,\"tableId\":2,\"updateBy\":\"\",\"updateTime\":\"2024-10-11 20:23:03\",\"usableColumn\":false},{\"capJavaField\":\"Score\",\"columnComment\":\"试卷总分\",\"columnId\":8,\"columnName\":\"score\",\"columnType\":\"int(11)\",\"createBy\":\"admin\",\"createTime\":\"2024-10-08 18:22:36\",\"dictType\":\"\",\"edit\":true,\"htmlType\":\"input\",\"increment\":false,\"insert\":true,', '{\"msg\":\"操作成功\",\"code\":200}', 0, NULL, '2024-10-12 10:06:12', 41);
INSERT INTO `sys_oper_log` VALUES (291, '试卷', 1, 'com.dm.quiz.controller.DamingPaperController.add()', 'POST', 1, 'admin', '研发部门', '/quiz/paper', '127.0.0.1', '内网IP', '{\"paperName\":\"123\",\"paperQuestionTypeDto\":[],\"subjectId\":1}', NULL, 1, '\r\n### Error querying database.  Cause: java.sql.SQLSyntaxErrorException: You have an error in your SQL syntax; check the manual that corresponds to your MySQL server version for the right syntax to use near \'\' at line 3\r\n### The error may exist in file [E:\\区块链比赛\\区块链赛前B站笔记++++\\Spring系列\\个人项目实战\\刷题项目\\后台\\daming-admin\\dm_questionBank\\target\\classes\\mapper\\quiz\\DamingQuestionMapper.xml]\r\n### The error may involve defaultParameterMap\r\n### The error occurred while setting parameters\r\n### SQL: select id, question_type, question_info_id, score, del_flag, subject_id, create_time, update_time from daming_question               WHERE id IN\r\n### Cause: java.sql.SQLSyntaxErrorException: You have an error in your SQL syntax; check the manual that corresponds to your MySQL server version for the right syntax to use near \'\' at line 3\n; bad SQL grammar []; nested exception is java.sql.SQLSyntaxErrorException: You have an error in your SQL syntax; check the manual that corresponds to your MySQL server version for the right syntax to use near \'\' at line 3', '2024-10-12 10:14:38', 54);
INSERT INTO `sys_oper_log` VALUES (292, '试卷', 1, 'com.dm.quiz.controller.DamingPaperController.add()', 'POST', 1, 'admin', '研发部门', '/quiz/paper', '127.0.0.1', '内网IP', '{\"paperName\":\"123\",\"paperQuestionTypeDto\":[{\"name\":\"单选题\",\"questionDtos\":[{\"analysis\":\"1\",\"correct\":\"B\",\"id\":4,\"items\":[{\"content\":\"1\",\"prefix\":\"A\"},{\"content\":\"11\",\"prefix\":\"B\"},{\"content\":\"123234234234\",\"prefix\":\"C\"},{\"content\":\"1\",\"prefix\":\"D\"}],\"questionTitle\":\"1\",\"questionType\":1,\"score\":54,\"subjectId\":2}]}],\"subjectId\":2}', '{\"msg\":\"操作成功\",\"code\":200,\"data\":{\"paperName\":\"123\",\"paperQuestionTypeDto\":[{\"name\":\"单选题\",\"questionDtos\":[{\"analysis\":\"1\",\"correct\":\"B\",\"id\":4,\"itemOrder\":1,\"items\":[{\"content\":\"1\",\"prefix\":\"A\"},{\"content\":\"11\",\"prefix\":\"B\"},{\"content\":\"123234234234\",\"prefix\":\"C\"},{\"content\":\"1\",\"prefix\":\"D\"}],\"questionTitle\":\"1\",\"questionType\":1,\"score\":54,\"subjectId\":2}]}],\"score\":54,\"subjectId\":2}}', 0, NULL, '2024-10-12 10:23:45', 58);
INSERT INTO `sys_oper_log` VALUES (293, '试卷', 1, 'com.dm.quiz.controller.DamingPaperController.add()', 'POST', 1, 'admin', '研发部门', '/quiz/paper', '127.0.0.1', '内网IP', '{\"paperName\":\"123\",\"paperQuestionTypeDto\":[{\"name\":\"单选题\",\"questionDtos\":[{\"analysis\":\"1\",\"correct\":\"B\",\"id\":4,\"itemOrder\":1,\"items\":[{\"content\":\"1\",\"prefix\":\"A\"},{\"content\":\"11\",\"prefix\":\"B\"},{\"content\":\"123234234234\",\"prefix\":\"C\"},{\"content\":\"1\",\"prefix\":\"D\"}],\"questionTitle\":\"1\",\"questionType\":1,\"score\":54,\"subjectId\":2}]}],\"score\":54,\"subjectId\":1}', '{\"msg\":\"操作成功\",\"code\":200,\"data\":{\"paperName\":\"123\",\"paperQuestionTypeDto\":[{\"name\":\"单选题\",\"questionDtos\":[{\"analysis\":\"1\",\"correct\":\"B\",\"id\":4,\"itemOrder\":1,\"items\":[{\"content\":\"1\",\"prefix\":\"A\"},{\"content\":\"11\",\"prefix\":\"B\"},{\"content\":\"123234234234\",\"prefix\":\"C\"},{\"content\":\"1\",\"prefix\":\"D\"}],\"questionTitle\":\"1\",\"questionType\":1,\"score\":54,\"subjectId\":2}]}],\"score\":54,\"subjectId\":1}}', 0, NULL, '2024-10-12 10:30:16', 23);
INSERT INTO `sys_oper_log` VALUES (294, '试卷', 1, 'com.dm.quiz.controller.DamingPaperController.add()', 'POST', 1, 'admin', '研发部门', '/quiz/paper', '127.0.0.1', '内网IP', '{\"paperName\":\"123\",\"paperQuestionTypeDto\":[{\"name\":\"单选题\",\"questionDtos\":[{\"analysis\":\"1\",\"correct\":\"B\",\"id\":4,\"itemOrder\":1,\"items\":[{\"content\":\"1\",\"prefix\":\"A\"},{\"content\":\"11\",\"prefix\":\"B\"},{\"content\":\"123234234234\",\"prefix\":\"C\"},{\"content\":\"1\",\"prefix\":\"D\"}],\"questionTitle\":\"1\",\"questionType\":1,\"score\":54,\"subjectId\":2}]}],\"score\":54,\"subjectId\":1}', '{\"msg\":\"操作成功\",\"code\":200,\"data\":{\"paperName\":\"123\",\"paperQuestionTypeDto\":[{\"name\":\"单选题\",\"questionDtos\":[{\"analysis\":\"1\",\"correct\":\"B\",\"id\":4,\"itemOrder\":1,\"items\":[{\"content\":\"1\",\"prefix\":\"A\"},{\"content\":\"11\",\"prefix\":\"B\"},{\"content\":\"123234234234\",\"prefix\":\"C\"},{\"content\":\"1\",\"prefix\":\"D\"}],\"questionTitle\":\"1\",\"questionType\":1,\"score\":54,\"subjectId\":2}]}],\"score\":54,\"subjectId\":1}}', 0, NULL, '2024-10-12 10:30:48', 11);
INSERT INTO `sys_oper_log` VALUES (295, '试卷', 1, 'com.dm.quiz.controller.DamingPaperController.add()', 'POST', 1, 'admin', '研发部门', '/quiz/paper', '127.0.0.1', '内网IP', '{\"paperName\":\"123\",\"paperQuestionTypeDto\":[{\"name\":\"单选题\",\"questionDtos\":[{\"analysis\":\"1\",\"correct\":\"B\",\"id\":4,\"itemOrder\":1,\"items\":[{\"content\":\"1\",\"prefix\":\"A\"},{\"content\":\"11\",\"prefix\":\"B\"},{\"content\":\"123234234234\",\"prefix\":\"C\"},{\"content\":\"1\",\"prefix\":\"D\"}],\"questionTitle\":\"1\",\"questionType\":1,\"score\":54,\"subjectId\":2}]}],\"score\":54,\"subjectId\":1}', '{\"msg\":\"操作成功\",\"code\":200,\"data\":{\"paperName\":\"123\",\"paperQuestionTypeDto\":[{\"name\":\"单选题\",\"questionDtos\":[{\"analysis\":\"1\",\"correct\":\"B\",\"id\":4,\"itemOrder\":1,\"items\":[{\"content\":\"1\",\"prefix\":\"A\"},{\"content\":\"11\",\"prefix\":\"B\"},{\"content\":\"123234234234\",\"prefix\":\"C\"},{\"content\":\"1\",\"prefix\":\"D\"}],\"questionTitle\":\"1\",\"questionType\":1,\"score\":54,\"subjectId\":2}]}],\"score\":54,\"subjectId\":1}}', 0, NULL, '2024-10-12 10:31:35', 19);
INSERT INTO `sys_oper_log` VALUES (296, '试卷', 1, 'com.dm.quiz.controller.DamingPaperController.add()', 'POST', 1, 'admin', '研发部门', '/quiz/paper', '127.0.0.1', '内网IP', '{\"paperName\":\"123\",\"paperQuestionTypeDto\":[{\"name\":\"单选题\",\"questionDtos\":[{\"analysis\":\"1\",\"correct\":\"B\",\"id\":4,\"itemOrder\":1,\"items\":[{\"content\":\"1\",\"prefix\":\"A\"},{\"content\":\"11\",\"prefix\":\"B\"},{\"content\":\"123234234234\",\"prefix\":\"C\"},{\"content\":\"1\",\"prefix\":\"D\"}],\"questionTitle\":\"1\",\"questionType\":1,\"score\":54,\"subjectId\":2}]}],\"score\":54,\"subjectId\":1}', '{\"msg\":\"操作成功\",\"code\":200,\"data\":{\"paperName\":\"123\",\"paperQuestionTypeDto\":[{\"name\":\"单选题\",\"questionDtos\":[{\"analysis\":\"1\",\"correct\":\"B\",\"id\":4,\"itemOrder\":1,\"items\":[{\"content\":\"1\",\"prefix\":\"A\"},{\"content\":\"11\",\"prefix\":\"B\"},{\"content\":\"123234234234\",\"prefix\":\"C\"},{\"content\":\"1\",\"prefix\":\"D\"}],\"questionTitle\":\"1\",\"questionType\":1,\"score\":54,\"subjectId\":2}]}],\"score\":54,\"subjectId\":1}}', 0, NULL, '2024-10-12 10:33:54', 16);
INSERT INTO `sys_oper_log` VALUES (297, '试卷', 1, 'com.dm.quiz.controller.DamingPaperController.add()', 'POST', 1, 'admin', '研发部门', '/quiz/paper', '127.0.0.1', '内网IP', '{\"paperId\":28,\"paperName\":\"123\",\"paperQuestionTypeDto\":[{\"name\":\"单选题\",\"questionDtos\":[{\"analysis\":\"1\",\"correct\":\"B\",\"id\":4,\"itemOrder\":1,\"items\":[{\"content\":\"1\",\"prefix\":\"A\"},{\"content\":\"11\",\"prefix\":\"B\"},{\"content\":\"123234234234\",\"prefix\":\"C\"},{\"content\":\"1\",\"prefix\":\"D\"}],\"questionTitle\":\"1\",\"questionType\":1,\"score\":54,\"subjectId\":2}]}],\"score\":54,\"subjectId\":1}', '{\"msg\":\"操作成功\",\"code\":200,\"data\":{\"paperId\":41,\"paperName\":\"123\",\"paperQuestionTypeDto\":[{\"name\":\"单选题\",\"questionDtos\":[{\"analysis\":\"1\",\"correct\":\"B\",\"id\":4,\"itemOrder\":1,\"items\":[{\"content\":\"1\",\"prefix\":\"A\"},{\"content\":\"11\",\"prefix\":\"B\"},{\"content\":\"123234234234\",\"prefix\":\"C\"},{\"content\":\"1\",\"prefix\":\"D\"}],\"questionTitle\":\"1\",\"questionType\":1,\"score\":54,\"subjectId\":2}]}],\"score\":54,\"subjectId\":1}}', 0, NULL, '2024-10-12 10:42:11', 62);
INSERT INTO `sys_oper_log` VALUES (298, '试卷', 2, 'com.dm.quiz.controller.DamingPaperController.edit()', 'PUT', 1, 'admin', '研发部门', '/quiz/paper', '127.0.0.1', '内网IP', '{\"paperId\":28,\"paperName\":\"123\",\"params\":{},\"score\":54,\"subjectId\":1,\"updateTime\":\"2024-10-12 10:46:49\"}', '{\"msg\":\"操作成功\",\"code\":200}', 0, NULL, '2024-10-12 10:46:49', 12);
INSERT INTO `sys_oper_log` VALUES (299, '试卷', 2, 'com.dm.quiz.controller.DamingPaperController.edit()', 'PUT', 1, 'admin', '研发部门', '/quiz/paper', '127.0.0.1', '内网IP', '{\"paperId\":28,\"paperName\":\"123\",\"paperQuestionTypeDto\":[{\"name\":\"单选题\",\"questionDtos\":[{\"analysis\":\"1\",\"correct\":\"B\",\"id\":4,\"itemOrder\":1,\"items\":[{\"content\":\"1\",\"prefix\":\"A\"},{\"content\":\"11\",\"prefix\":\"B\"},{\"content\":\"123234234234\",\"prefix\":\"C\"},{\"content\":\"1\",\"prefix\":\"D\"}],\"questionTitle\":\"1\",\"questionType\":1,\"score\":54,\"subjectId\":2},{\"analysis\":\"1\",\"correct\":\"B\",\"id\":4,\"items\":[{\"content\":\"1\",\"prefix\":\"A\"},{\"content\":\"11\",\"prefix\":\"B\"},{\"content\":\"123234234234\",\"prefix\":\"C\"},{\"content\":\"1\",\"prefix\":\"D\"}],\"questionTitle\":\"1\",\"questionType\":1,\"score\":54,\"subjectId\":2}]}],\"score\":54,\"subjectId\":2}', '{\"msg\":\"操作成功\",\"code\":200}', 0, NULL, '2024-10-12 11:59:01', 1224105);
INSERT INTO `sys_oper_log` VALUES (300, '试卷', 2, 'com.dm.quiz.controller.DamingPaperController.edit()', 'PUT', 1, 'admin', '研发部门', '/quiz/paper', '127.0.0.1', '内网IP', '{\"paperId\":28,\"paperName\":\"123\",\"paperQuestionTypeDto\":[{\"name\":\"单选题\",\"questionDtos\":[{\"analysis\":\"1\",\"correct\":\"B\",\"id\":4,\"itemOrder\":1,\"items\":[{\"content\":\"1\",\"prefix\":\"A\"},{\"content\":\"11\",\"prefix\":\"B\"},{\"content\":\"123234234234\",\"prefix\":\"C\"},{\"content\":\"1\",\"prefix\":\"D\"}],\"questionTitle\":\"1\",\"questionType\":1,\"score\":54,\"subjectId\":2},{\"analysis\":\"1\",\"correct\":\"B\",\"id\":4,\"itemOrder\":2,\"items\":[{\"content\":\"1\",\"prefix\":\"A\"},{\"content\":\"11\",\"prefix\":\"B\"},{\"content\":\"123234234234\",\"prefix\":\"C\"},{\"content\":\"1\",\"prefix\":\"D\"}],\"questionTitle\":\"1\",\"questionType\":1,\"score\":54,\"subjectId\":2}]}],\"score\":108,\"subjectId\":1}', '{\"msg\":\"操作成功\",\"code\":200}', 0, NULL, '2024-10-12 11:59:25', 17);
INSERT INTO `sys_oper_log` VALUES (301, '试卷', 2, 'com.dm.quiz.controller.DamingPaperController.edit()', 'PUT', 1, 'admin', '研发部门', '/quiz/paper', '127.0.0.1', '内网IP', '{\"paperId\":28,\"paperName\":\"123\",\"paperQuestionTypeDto\":[{\"name\":\"单选题\",\"questionDtos\":[{\"analysis\":\"1\",\"correct\":\"B\",\"id\":4,\"itemOrder\":1,\"items\":[{\"content\":\"1\",\"prefix\":\"A\"},{\"content\":\"11\",\"prefix\":\"B\"},{\"content\":\"123234234234\",\"prefix\":\"C\"},{\"content\":\"1\",\"prefix\":\"D\"}],\"questionTitle\":\"1\",\"questionType\":1,\"score\":54,\"subjectId\":2},{\"analysis\":\"1\",\"correct\":\"B\",\"id\":4,\"itemOrder\":2,\"items\":[{\"content\":\"1\",\"prefix\":\"A\"},{\"content\":\"11\",\"prefix\":\"B\"},{\"content\":\"123234234234\",\"prefix\":\"C\"},{\"content\":\"1\",\"prefix\":\"D\"}],\"questionTitle\":\"1\",\"questionType\":1,\"score\":54,\"subjectId\":2}]}],\"score\":108,\"subjectId\":2}', '{\"msg\":\"操作成功\",\"code\":200}', 0, NULL, '2024-10-12 11:59:32', 15);
INSERT INTO `sys_oper_log` VALUES (302, '字典类型', 1, 'com.ruoyi.web.controller.system.SysDictTypeController.add()', 'POST', 1, 'admin', '研发部门', '/system/dict/type', '127.0.0.1', '内网IP', '{\"createBy\":\"admin\",\"dictName\":\"科目\",\"dictType\":\"subject_id\",\"params\":{},\"status\":\"0\"}', '{\"msg\":\"操作成功\",\"code\":200}', 0, NULL, '2024-10-12 12:01:12', 12);
INSERT INTO `sys_oper_log` VALUES (303, '字典数据', 1, 'com.ruoyi.web.controller.system.SysDictDataController.add()', 'POST', 1, 'admin', '研发部门', '/system/dict/data', '127.0.0.1', '内网IP', '{\"createBy\":\"admin\",\"default\":false,\"dictLabel\":\"高等数学\",\"dictSort\":0,\"dictType\":\"subject_id\",\"dictValue\":\"1\",\"listClass\":\"success\",\"params\":{},\"status\":\"0\"}', '{\"msg\":\"操作成功\",\"code\":200}', 0, NULL, '2024-10-12 12:02:15', 14);
INSERT INTO `sys_oper_log` VALUES (304, '字典数据', 1, 'com.ruoyi.web.controller.system.SysDictDataController.add()', 'POST', 1, 'admin', '研发部门', '/system/dict/data', '127.0.0.1', '内网IP', '{\"createBy\":\"admin\",\"default\":false,\"dictLabel\":\"政治\",\"dictSort\":0,\"dictType\":\"subject_id\",\"dictValue\":\"2\",\"listClass\":\"default\",\"params\":{},\"status\":\"0\"}', '{\"msg\":\"操作成功\",\"code\":200}', 0, NULL, '2024-10-12 12:02:31', 22);
INSERT INTO `sys_oper_log` VALUES (305, '字典数据', 2, 'com.ruoyi.web.controller.system.SysDictDataController.edit()', 'PUT', 1, 'admin', '研发部门', '/system/dict/data', '127.0.0.1', '内网IP', '{\"createBy\":\"admin\",\"createTime\":\"2024-10-12 12:02:15\",\"default\":false,\"dictCode\":103,\"dictLabel\":\"高等数学\",\"dictSort\":0,\"dictType\":\"subject_id\",\"dictValue\":\"1\",\"isDefault\":\"N\",\"listClass\":\"default\",\"params\":{},\"status\":\"0\",\"updateBy\":\"admin\"}', '{\"msg\":\"操作成功\",\"code\":200}', 0, NULL, '2024-10-12 12:02:38', 10);
INSERT INTO `sys_oper_log` VALUES (306, '字典数据', 1, 'com.ruoyi.web.controller.system.SysDictDataController.add()', 'POST', 1, 'admin', '研发部门', '/system/dict/data', '127.0.0.1', '内网IP', '{\"createBy\":\"admin\",\"default\":false,\"dictLabel\":\"计算机基础与程序设计\",\"dictSort\":0,\"dictType\":\"subject_id\",\"dictValue\":\"3\",\"listClass\":\"default\",\"params\":{},\"status\":\"0\"}', '{\"msg\":\"操作成功\",\"code\":200}', 0, NULL, '2024-10-12 12:02:55', 18);
INSERT INTO `sys_oper_log` VALUES (307, '题目表', 1, 'com.dm.quiz.controller.DamingQuestionController.add()', 'POST', 1, 'admin', '研发部门', '/quiz/question', '127.0.0.1', '内网IP', '{\"analysis\":\"1\",\"correct\":\"C\",\"items\":[{\"content\":\"1\",\"prefix\":\"A\"},{\"content\":\"1\",\"prefix\":\"B\"},{\"content\":\"1\",\"prefix\":\"C\"},{\"content\":\"1\",\"prefix\":\"D\"}],\"questionTitle\":\"1\",\"questionType\":1,\"score\":54,\"subjectId\":1}', '{\"msg\":\"操作成功\",\"code\":200}', 0, NULL, '2024-10-12 12:10:38', 53);
INSERT INTO `sys_oper_log` VALUES (308, '题目表', 1, 'com.dm.quiz.controller.DamingQuestionController.add()', 'POST', 1, 'admin', '研发部门', '/quiz/question', '127.0.0.1', '内网IP', '{\"analysis\":\"1\",\"correct\":\"C\",\"items\":[{\"content\":\"1\",\"prefix\":\"A\"},{\"content\":\"1\",\"prefix\":\"B\"},{\"content\":\"1\",\"prefix\":\"C\"},{\"content\":\"1\",\"prefix\":\"D\"}],\"questionTitle\":\"1\",\"questionType\":1,\"score\":54,\"subjectId\":1}', '{\"msg\":\"操作成功\",\"code\":200}', 0, NULL, '2024-10-12 12:11:14', 10);
INSERT INTO `sys_oper_log` VALUES (309, '题目表', 1, 'com.dm.quiz.controller.DamingQuestionController.add()', 'POST', 1, 'admin', '研发部门', '/quiz/question', '127.0.0.1', '内网IP', '{\"analysis\":\"1\",\"correct\":\"B\",\"items\":[{\"content\":\"1\",\"prefix\":\"A\"},{\"content\":\"1\",\"prefix\":\"B\"},{\"content\":\"11\",\"prefix\":\"C\"},{\"content\":\"1\",\"prefix\":\"D\"}],\"questionTitle\":\"123\",\"questionType\":1,\"score\":54,\"subjectId\":1}', '{\"msg\":\"操作成功\",\"code\":200}', 0, NULL, '2024-10-12 12:11:29', 9);
INSERT INTO `sys_oper_log` VALUES (310, '题目表', 1, 'com.dm.quiz.controller.DamingQuestionController.add()', 'POST', 1, 'admin', '研发部门', '/quiz/question', '127.0.0.1', '内网IP', '{\"analysis\":\"1\",\"correct\":\"B\",\"items\":[{\"content\":\"1\",\"prefix\":\"A\"},{\"content\":\"1\",\"prefix\":\"B\"},{\"content\":\"1\",\"prefix\":\"C\"},{\"content\":\"1\",\"prefix\":\"D\"}],\"questionTitle\":\"1\",\"questionType\":1,\"score\":54,\"subjectId\":1}', '{\"msg\":\"操作成功\",\"code\":200}', 0, NULL, '2024-10-12 12:12:26', 9);
INSERT INTO `sys_oper_log` VALUES (311, '菜单管理', 2, 'com.ruoyi.web.controller.system.SysMenuController.edit()', 'PUT', 1, 'admin', '研发部门', '/system/menu', '127.0.0.1', '内网IP', '{\"children\":[],\"component\":\"quiz/paper/index\",\"createTime\":\"2024-10-10 11:18:06\",\"icon\":\"peoples\",\"isCache\":\"0\",\"isFrame\":\"1\",\"menuId\":2020,\"menuName\":\"试卷列表\",\"menuType\":\"C\",\"orderNum\":1,\"params\":{},\"parentId\":2018,\"path\":\"index\",\"perms\":\"quiz:paper:list\",\"routeName\":\"\",\"status\":\"0\",\"updateBy\":\"admin\",\"visible\":\"0\"}', '{\"msg\":\"操作成功\",\"code\":200}', 0, NULL, '2024-10-12 12:14:10', 16);
INSERT INTO `sys_oper_log` VALUES (312, '菜单管理', 2, 'com.ruoyi.web.controller.system.SysMenuController.edit()', 'PUT', 1, 'admin', '研发部门', '/system/menu', '127.0.0.1', '内网IP', '{\"children\":[],\"component\":\"quiz/question/index\",\"createTime\":\"2024-10-08 21:33:31\",\"icon\":\"bug\",\"isCache\":\"0\",\"isFrame\":\"1\",\"menuId\":2011,\"menuName\":\"题目列表\",\"menuType\":\"C\",\"orderNum\":1,\"params\":{},\"parentId\":2000,\"path\":\"index\",\"perms\":\"quiz:question:list\",\"routeName\":\"\",\"status\":\"0\",\"updateBy\":\"admin\",\"visible\":\"0\"}', '{\"msg\":\"操作成功\",\"code\":200}', 0, NULL, '2024-10-12 12:14:42', 12);
INSERT INTO `sys_oper_log` VALUES (313, '菜单管理', 2, 'com.ruoyi.web.controller.system.SysMenuController.edit()', 'PUT', 1, 'admin', '研发部门', '/system/menu', '127.0.0.1', '内网IP', '{\"children\":[],\"createTime\":\"2024-10-08 16:29:43\",\"icon\":\"dict\",\"isCache\":\"0\",\"isFrame\":\"1\",\"menuId\":2000,\"menuName\":\"题库管理\",\"menuType\":\"M\",\"orderNum\":1,\"params\":{},\"parentId\":0,\"path\":\"question\",\"perms\":\"\",\"routeName\":\"\",\"status\":\"0\",\"updateBy\":\"admin\",\"visible\":\"0\"}', '{\"msg\":\"操作成功\",\"code\":200}', 0, NULL, '2024-10-12 12:15:12', 16);
INSERT INTO `sys_oper_log` VALUES (314, '题目表', 1, 'com.dm.quiz.controller.DamingQuestionController.add()', 'POST', 1, 'admin', '研发部门', '/quiz/question', '127.0.0.1', '内网IP', '{\"analysis\":\"1\",\"correct\":\"B\",\"items\":[{\"content\":\"1\",\"prefix\":\"A\"},{\"content\":\"1\",\"prefix\":\"B\"},{\"content\":\"1\",\"prefix\":\"C\"},{\"content\":\"1\",\"prefix\":\"D\"}],\"questionTitle\":\"123\",\"questionType\":1,\"score\":54,\"subjectId\":1}', '{\"msg\":\"操作成功\",\"code\":200}', 0, NULL, '2024-10-12 12:17:03', 7);
INSERT INTO `sys_oper_log` VALUES (315, '题目表', 1, 'com.dm.quiz.controller.DamingQuestionController.add()', 'POST', 1, 'admin', '研发部门', '/quiz/question', '127.0.0.1', '内网IP', '{\"analysis\":\"1\",\"correct\":\"C\",\"items\":[{\"content\":\"1\",\"prefix\":\"A\"},{\"content\":\"11\",\"prefix\":\"B\"},{\"content\":\"1\",\"prefix\":\"C\"},{\"content\":\"1\",\"prefix\":\"D\"}],\"questionTitle\":\"1\",\"questionType\":1,\"score\":54,\"subjectId\":1}', '{\"msg\":\"操作成功\",\"code\":200}', 0, NULL, '2024-10-12 12:17:51', 12);
INSERT INTO `sys_oper_log` VALUES (316, '题目表', 1, 'com.dm.quiz.controller.DamingQuestionController.add()', 'POST', 1, 'admin', '研发部门', '/quiz/question', '127.0.0.1', '内网IP', '{\"analysis\":\"1\",\"correct\":\"C\",\"items\":[{\"content\":\"1\",\"prefix\":\"A\"},{\"content\":\"1\",\"prefix\":\"B\"},{\"content\":\"1\",\"prefix\":\"C\"},{\"content\":\"1\",\"prefix\":\"D\"}],\"questionTitle\":\"1\",\"questionType\":1,\"score\":54,\"subjectId\":1}', '{\"msg\":\"操作成功\",\"code\":200}', 0, NULL, '2024-10-12 12:18:29', 11);
INSERT INTO `sys_oper_log` VALUES (317, '题目表', 1, 'com.dm.quiz.controller.DamingQuestionController.add()', 'POST', 1, 'admin', '研发部门', '/quiz/question', '127.0.0.1', '内网IP', '{\"analysis\":\"34234\",\"correct\":\"B\",\"items\":[{\"content\":\"1\",\"prefix\":\"A\"},{\"content\":\"1\",\"prefix\":\"B\"},{\"content\":\"234\",\"prefix\":\"C\"},{\"content\":\"234234\",\"prefix\":\"D\"}],\"questionTitle\":\"234234234\",\"questionType\":1,\"score\":54,\"subjectId\":1}', '{\"msg\":\"操作成功\",\"code\":200}', 0, NULL, '2024-10-12 12:27:57', 35);
INSERT INTO `sys_oper_log` VALUES (318, '题目表', 1, 'com.dm.quiz.controller.DamingQuestionController.add()', 'POST', 1, 'admin', '研发部门', '/quiz/question', '127.0.0.1', '内网IP', '{\"analysis\":\"34213\",\"correct\":\"B\",\"items\":[{\"content\":\"42\",\"prefix\":\"A\"},{\"content\":\"134\",\"prefix\":\"B\"},{\"content\":\"2341\",\"prefix\":\"C\"},{\"content\":\"23413\",\"prefix\":\"D\"}],\"questionTitle\":\"123423\",\"questionType\":1,\"score\":54,\"subjectId\":1}', '{\"msg\":\"操作成功\",\"code\":200}', 0, NULL, '2024-10-12 12:28:18', 10);
INSERT INTO `sys_oper_log` VALUES (319, '题目表', 1, 'com.dm.quiz.controller.DamingQuestionController.add()', 'POST', 1, 'admin', '研发部门', '/quiz/question', '127.0.0.1', '内网IP', '{\"analysis\":\"1\",\"correct\":\"B\",\"items\":[{\"content\":\"1\",\"prefix\":\"A\"},{\"content\":\"11\",\"prefix\":\"B\"},{\"content\":\"1\",\"prefix\":\"C\"},{\"content\":\"1\",\"prefix\":\"D\"}],\"questionTitle\":\"1\",\"questionType\":1,\"score\":54,\"subjectId\":2}', '{\"msg\":\"操作成功\",\"code\":200}', 0, NULL, '2024-10-12 12:28:49', 5);
INSERT INTO `sys_oper_log` VALUES (320, '试卷', 1, 'com.dm.quiz.controller.admin.DamingPaperController.add()', 'POST', 1, 'admin', '研发部门', '/quiz/paper', '127.0.0.1', '内网IP', '{\"paperQuestionTypeDto\":[{\"name\":\"123\",\"questionDtos\":[{\"analysis\":\"34213\",\"correct\":\"B\",\"id\":18,\"items\":[{\"content\":\"42\",\"prefix\":\"A\"},{\"content\":\"134\",\"prefix\":\"B\"},{\"content\":\"2341\",\"prefix\":\"C\"},{\"content\":\"23413\",\"prefix\":\"D\"}],\"questionTitle\":\"123423\",\"questionType\":1,\"score\":54,\"subjectId\":1},{\"analysis\":\"34234\",\"correct\":\"B\",\"id\":17,\"items\":[{\"content\":\"1\",\"prefix\":\"A\"},{\"content\":\"1\",\"prefix\":\"B\"},{\"content\":\"234\",\"prefix\":\"C\"},{\"content\":\"234234\",\"prefix\":\"D\"}],\"questionTitle\":\"234234234\",\"questionType\":1,\"score\":54,\"subjectId\":1},{\"analysis\":\"1\",\"correct\":\"C\",\"id\":15,\"items\":[{\"content\":\"1\",\"prefix\":\"A\"},{\"content\":\"11\",\"prefix\":\"B\"},{\"content\":\"1\",\"prefix\":\"C\"},{\"content\":\"1\",\"prefix\":\"D\"}],\"questionTitle\":\"1\",\"questionType\":1,\"score\":54,\"subjectId\":1},{\"analysis\":\"1\",\"correct\":\"C\",\"id\":16,\"items\":[{\"content\":\"1\",\"prefix\":\"A\"},{\"content\":\"1\",\"prefix\":\"B\"},{\"content\":\"1\",\"prefix\":\"C\"},{\"content\":\"1\",\"prefix\":\"D\"}],\"questionTitle\":\"1\",\"questionType\":1,\"score\":54,\"subjectId\":1},{\"analysis\":\"1\",\"correct\":\"B\",\"id\":19,\"items\":[{\"content\":\"1\",\"prefix\":\"A\"},{\"content\":\"11\",\"prefix\":\"B\"},{\"content\":\"1\",\"prefix\":\"C\"},{\"content\":\"1\",\"prefix\":\"D\"}],\"questionTitle\":\"1\",\"questionType\":1,\"score\":54,\"subjectId\":2}]}]}', '{\"msg\":\"参数填写错误\",\"code\":500}', 0, NULL, '2024-10-12 15:27:34', 41);
INSERT INTO `sys_oper_log` VALUES (321, '试卷', 1, 'com.dm.quiz.controller.admin.DamingPaperController.add()', 'POST', 1, 'admin', '研发部门', '/quiz/paper', '127.0.0.1', '内网IP', '{\"paperName\":\"123\",\"paperQuestionTypeDto\":[{\"name\":\"123\",\"questionDtos\":[{\"analysis\":\"34213\",\"correct\":\"B\",\"id\":18,\"items\":[{\"content\":\"42\",\"prefix\":\"A\"},{\"content\":\"134\",\"prefix\":\"B\"},{\"content\":\"2341\",\"prefix\":\"C\"},{\"content\":\"23413\",\"prefix\":\"D\"}],\"questionTitle\":\"123423\",\"questionType\":1,\"score\":54,\"subjectId\":1},{\"analysis\":\"34234\",\"correct\":\"B\",\"id\":17,\"items\":[{\"content\":\"1\",\"prefix\":\"A\"},{\"content\":\"1\",\"prefix\":\"B\"},{\"content\":\"234\",\"prefix\":\"C\"},{\"content\":\"234234\",\"prefix\":\"D\"}],\"questionTitle\":\"234234234\",\"questionType\":1,\"score\":54,\"subjectId\":1},{\"analysis\":\"1\",\"correct\":\"C\",\"id\":15,\"items\":[{\"content\":\"1\",\"prefix\":\"A\"},{\"content\":\"11\",\"prefix\":\"B\"},{\"content\":\"1\",\"prefix\":\"C\"},{\"content\":\"1\",\"prefix\":\"D\"}],\"questionTitle\":\"1\",\"questionType\":1,\"score\":54,\"subjectId\":1},{\"analysis\":\"1\",\"correct\":\"C\",\"id\":16,\"items\":[{\"content\":\"1\",\"prefix\":\"A\"},{\"content\":\"1\",\"prefix\":\"B\"},{\"content\":\"1\",\"prefix\":\"C\"},{\"content\":\"1\",\"prefix\":\"D\"}],\"questionTitle\":\"1\",\"questionType\":1,\"score\":54,\"subjectId\":1},{\"analysis\":\"1\",\"correct\":\"B\",\"id\":19,\"items\":[{\"content\":\"1\",\"prefix\":\"A\"},{\"content\":\"11\",\"prefix\":\"B\"},{\"content\":\"1\",\"prefix\":\"C\"},{\"content\":\"1\",\"prefix\":\"D\"}],\"questionTitle\":\"1\",\"questionType\":1,\"score\":54,\"subjectId\":2}]}],\"subjectId\":1}', '{\"msg\":\"操作成功\",\"code\":200,\"data\":{\"paperId\":42,\"paperName\":\"123\",\"paperQuestionTypeDto\":[{\"name\":\"123\",\"questionDtos\":[{\"analysis\":\"34213\",\"correct\":\"B\",\"id\":18,\"itemOrder\":1,\"items\":[{\"content\":\"42\",\"prefix\":\"A\"},{\"content\":\"134\",\"prefix\":\"B\"},{\"content\":\"2341\",\"prefix\":\"C\"},{\"content\":\"23413\",\"prefix\":\"D\"}],\"questionTitle\":\"123423\",\"questionType\":1,\"score\":54,\"subjectId\":1},{\"analysis\":\"34234\",\"correct\":\"B\",\"id\":17,\"itemOrder\":2,\"items\":[{\"content\":\"1\",\"prefix\":\"A\"},{\"content\":\"1\",\"prefix\":\"B\"},{\"content\":\"234\",\"prefix\":\"C\"},{\"content\":\"234234\",\"prefix\":\"D\"}],\"questionTitle\":\"234234234\",\"questionType\":1,\"score\":54,\"subjectId\":1},{\"analysis\":\"1\",\"correct\":\"C\",\"id\":15,\"itemOrder\":3,\"items\":[{\"content\":\"1\",\"prefix\":\"A\"},{\"content\":\"11\",\"prefix\":\"B\"},{\"content\":\"1\",\"prefix\":\"C\"},{\"content\":\"1\",\"prefix\":\"D\"}],\"questionTitle\":\"1\",\"questionType\":1,\"score\":54,\"subjectId\":1},{\"analysis\":\"1\",\"correct\":\"C\",\"id\":16,\"itemOrder\":4,\"items\":[{\"content\":\"1\",\"prefix\":\"A\"},{\"content\":\"1\",\"prefix\":\"B\"},{\"content\":\"1\",\"prefix\":\"C\"},{\"content\":\"1\",\"prefix\":\"D\"}],\"questionTitle\":\"1\",\"questionType\":1,\"score\":54,\"subjectId\":1},{\"analysis\":\"1\",\"correct\":\"B\",\"id\":19,\"itemOrder\":5,\"items\":[{\"content\":\"1\",\"prefix\":\"A\"},{\"content\":\"11\",\"prefix\":\"B\"},{\"content\":\"1\",\"prefix\":\"C\"},{\"content\":\"1\",\"prefix\":\"D\"}],\"questionTitle\":\"1\",\"questionType\":1,\"score\":54,\"subjectId\":2}]}],\"score\":270,\"subjectId\":1}}', 0, NULL, '2024-10-12 15:27:37', 34);
INSERT INTO `sys_oper_log` VALUES (322, '试卷', 1, 'com.dm.quiz.controller.admin.DamingPaperController.add()', 'POST', 1, 'admin', '研发部门', '/quiz/paper', '127.0.0.1', '内网IP', '{\"paperName\":\"123\",\"paperQuestionTypeDto\":[{\"name\":\"123\",\"questionDtos\":[{\"analysis\":\"1\",\"correct\":\"B\",\"id\":19,\"items\":[{\"content\":\"1\",\"prefix\":\"A\"},{\"content\":\"11\",\"prefix\":\"B\"},{\"content\":\"1\",\"prefix\":\"C\"},{\"content\":\"1\",\"prefix\":\"D\"}],\"questionTitle\":\"1\",\"questionType\":1,\"score\":54,\"subjectId\":2},{\"analysis\":\"34234\",\"correct\":\"B\",\"id\":17,\"items\":[{\"content\":\"1\",\"prefix\":\"A\"},{\"content\":\"1\",\"prefix\":\"B\"},{\"content\":\"234\",\"prefix\":\"C\"},{\"content\":\"234234\",\"prefix\":\"D\"}],\"questionTitle\":\"234234234\",\"questionType\":1,\"score\":54,\"subjectId\":1},{\"analysis\":\"1\",\"correct\":\"C\",\"id\":16,\"items\":[{\"content\":\"1\",\"prefix\":\"A\"},{\"content\":\"1\",\"prefix\":\"B\"},{\"content\":\"1\",\"prefix\":\"C\"},{\"content\":\"1\",\"prefix\":\"D\"}],\"questionTitle\":\"1\",\"questionType\":1,\"score\":54,\"subjectId\":1},{\"analysis\":\"34213\",\"correct\":\"B\",\"id\":18,\"items\":[{\"content\":\"42\",\"prefix\":\"A\"},{\"content\":\"134\",\"prefix\":\"B\"},{\"content\":\"2341\",\"prefix\":\"C\"},{\"content\":\"23413\",\"prefix\":\"D\"}],\"questionTitle\":\"123423\",\"questionType\":1,\"score\":54,\"subjectId\":1},{\"analysis\":\"1\",\"correct\":\"C\",\"id\":15,\"items\":[{\"content\":\"1\",\"prefix\":\"A\"},{\"content\":\"11\",\"prefix\":\"B\"},{\"content\":\"1\",\"prefix\":\"C\"},{\"content\":\"1\",\"prefix\":\"D\"}],\"questionTitle\":\"1\",\"questionType\":1,\"score\":54,\"subjectId\":1}]}],\"subjectId\":1}', '{\"msg\":\"操作成功\",\"code\":200,\"data\":{\"paperId\":43,\"paperName\":\"123\",\"paperQuestionTypeDto\":[{\"name\":\"123\",\"questionDtos\":[{\"analysis\":\"1\",\"correct\":\"B\",\"id\":19,\"itemOrder\":1,\"items\":[{\"content\":\"1\",\"prefix\":\"A\"},{\"content\":\"11\",\"prefix\":\"B\"},{\"content\":\"1\",\"prefix\":\"C\"},{\"content\":\"1\",\"prefix\":\"D\"}],\"questionTitle\":\"1\",\"questionType\":1,\"score\":54,\"subjectId\":2},{\"analysis\":\"34234\",\"correct\":\"B\",\"id\":17,\"itemOrder\":2,\"items\":[{\"content\":\"1\",\"prefix\":\"A\"},{\"content\":\"1\",\"prefix\":\"B\"},{\"content\":\"234\",\"prefix\":\"C\"},{\"content\":\"234234\",\"prefix\":\"D\"}],\"questionTitle\":\"234234234\",\"questionType\":1,\"score\":54,\"subjectId\":1},{\"analysis\":\"1\",\"correct\":\"C\",\"id\":16,\"itemOrder\":3,\"items\":[{\"content\":\"1\",\"prefix\":\"A\"},{\"content\":\"1\",\"prefix\":\"B\"},{\"content\":\"1\",\"prefix\":\"C\"},{\"content\":\"1\",\"prefix\":\"D\"}],\"questionTitle\":\"1\",\"questionType\":1,\"score\":54,\"subjectId\":1},{\"analysis\":\"34213\",\"correct\":\"B\",\"id\":18,\"itemOrder\":4,\"items\":[{\"content\":\"42\",\"prefix\":\"A\"},{\"content\":\"134\",\"prefix\":\"B\"},{\"content\":\"2341\",\"prefix\":\"C\"},{\"content\":\"23413\",\"prefix\":\"D\"}],\"questionTitle\":\"123423\",\"questionType\":1,\"score\":54,\"subjectId\":1},{\"analysis\":\"1\",\"correct\":\"C\",\"id\":15,\"itemOrder\":5,\"items\":[{\"content\":\"1\",\"prefix\":\"A\"},{\"content\":\"11\",\"prefix\":\"B\"},{\"content\":\"1\",\"prefix\":\"C\"},{\"content\":\"1\",\"prefix\":\"D\"}],\"questionTitle\":\"1\",\"questionType\":1,\"score\":54,\"subjectId\":1}]}],\"score\":270,\"subjectId\":1}}', 0, NULL, '2024-10-12 15:28:21', 31);
INSERT INTO `sys_oper_log` VALUES (323, '试卷', 1, 'com.dm.quiz.controller.admin.DamingPaperController.add()', 'POST', 1, 'admin', '研发部门', '/quiz/paper', '127.0.0.1', '内网IP', '{\"paperName\":\"123\",\"paperQuestionTypeDto\":[{\"name\":\"123\",\"questionDtos\":[{\"analysis\":\"1\",\"correct\":\"B\",\"id\":19,\"items\":[{\"content\":\"1\",\"prefix\":\"A\"},{\"content\":\"11\",\"prefix\":\"B\"},{\"content\":\"1\",\"prefix\":\"C\"},{\"content\":\"1\",\"prefix\":\"D\"}],\"questionTitle\":\"1\",\"questionType\":1,\"score\":54,\"subjectId\":2},{\"analysis\":\"34213\",\"correct\":\"B\",\"id\":18,\"items\":[{\"content\":\"42\",\"prefix\":\"A\"},{\"content\":\"134\",\"prefix\":\"B\"},{\"content\":\"2341\",\"prefix\":\"C\"},{\"content\":\"23413\",\"prefix\":\"D\"}],\"questionTitle\":\"123423\",\"questionType\":1,\"score\":54,\"subjectId\":1},{\"analysis\":\"34234\",\"correct\":\"B\",\"id\":17,\"items\":[{\"content\":\"1\",\"prefix\":\"A\"},{\"content\":\"1\",\"prefix\":\"B\"},{\"content\":\"234\",\"prefix\":\"C\"},{\"content\":\"234234\",\"prefix\":\"D\"}],\"questionTitle\":\"234234234\",\"questionType\":1,\"score\":54,\"subjectId\":1},{\"analysis\":\"1\",\"correct\":\"C\",\"id\":16,\"items\":[{\"content\":\"1\",\"prefix\":\"A\"},{\"content\":\"1\",\"prefix\":\"B\"},{\"content\":\"1\",\"prefix\":\"C\"},{\"content\":\"1\",\"prefix\":\"D\"}],\"questionTitle\":\"1\",\"questionType\":1,\"score\":54,\"subjectId\":1},{\"analysis\":\"1\",\"correct\":\"C\",\"id\":15,\"items\":[{\"content\":\"1\",\"prefix\":\"A\"},{\"content\":\"11\",\"prefix\":\"B\"},{\"content\":\"1\",\"prefix\":\"C\"},{\"content\":\"1\",\"prefix\":\"D\"}],\"questionTitle\":\"1\",\"questionType\":1,\"score\":54,\"subjectId\":1}]}],\"subjectId\":1}', '{\"msg\":\"操作成功\",\"code\":200,\"data\":{\"paperId\":44,\"paperName\":\"123\",\"paperQuestionTypeDto\":[{\"name\":\"123\",\"questionDtos\":[{\"analysis\":\"1\",\"correct\":\"B\",\"id\":19,\"itemOrder\":1,\"items\":[{\"content\":\"1\",\"prefix\":\"A\"},{\"content\":\"11\",\"prefix\":\"B\"},{\"content\":\"1\",\"prefix\":\"C\"},{\"content\":\"1\",\"prefix\":\"D\"}],\"questionTitle\":\"1\",\"questionType\":1,\"score\":54,\"subjectId\":2},{\"analysis\":\"34213\",\"correct\":\"B\",\"id\":18,\"itemOrder\":2,\"items\":[{\"content\":\"42\",\"prefix\":\"A\"},{\"content\":\"134\",\"prefix\":\"B\"},{\"content\":\"2341\",\"prefix\":\"C\"},{\"content\":\"23413\",\"prefix\":\"D\"}],\"questionTitle\":\"123423\",\"questionType\":1,\"score\":54,\"subjectId\":1},{\"analysis\":\"34234\",\"correct\":\"B\",\"id\":17,\"itemOrder\":3,\"items\":[{\"content\":\"1\",\"prefix\":\"A\"},{\"content\":\"1\",\"prefix\":\"B\"},{\"content\":\"234\",\"prefix\":\"C\"},{\"content\":\"234234\",\"prefix\":\"D\"}],\"questionTitle\":\"234234234\",\"questionType\":1,\"score\":54,\"subjectId\":1},{\"analysis\":\"1\",\"correct\":\"C\",\"id\":16,\"itemOrder\":4,\"items\":[{\"content\":\"1\",\"prefix\":\"A\"},{\"content\":\"1\",\"prefix\":\"B\"},{\"content\":\"1\",\"prefix\":\"C\"},{\"content\":\"1\",\"prefix\":\"D\"}],\"questionTitle\":\"1\",\"questionType\":1,\"score\":54,\"subjectId\":1},{\"analysis\":\"1\",\"correct\":\"C\",\"id\":15,\"itemOrder\":5,\"items\":[{\"content\":\"1\",\"prefix\":\"A\"},{\"content\":\"11\",\"prefix\":\"B\"},{\"content\":\"1\",\"prefix\":\"C\"},{\"content\":\"1\",\"prefix\":\"D\"}],\"questionTitle\":\"1\",\"questionType\":1,\"score\":54,\"subjectId\":1}]}],\"score\":270,\"subjectId\":1}}', 0, NULL, '2024-10-12 15:29:38', 33);
INSERT INTO `sys_oper_log` VALUES (324, '代码生成', 2, 'com.ruoyi.generator.controller.GenController.synchDb()', 'GET', 1, 'admin', '研发部门', '/tool/gen/synchDb/daming_paper_answer', '127.0.0.1', '内网IP', '{}', '{\"msg\":\"操作成功\",\"code\":200}', 0, NULL, '2024-10-13 11:46:30', 181);
INSERT INTO `sys_oper_log` VALUES (325, '代码生成', 2, 'com.ruoyi.generator.controller.GenController.editSave()', 'PUT', 1, 'admin', '研发部门', '/tool/gen', '127.0.0.1', '内网IP', '{\"businessName\":\"paperAnswer\",\"className\":\"DamingPaperAnswer\",\"columns\":[{\"capJavaField\":\"PaperAnswerId\",\"columnComment\":\"达卷记录ID\",\"columnId\":13,\"columnName\":\"paper_answer_id\",\"columnType\":\"int(11)\",\"createBy\":\"admin\",\"createTime\":\"2024-10-08 18:22:36\",\"dictType\":\"\",\"edit\":false,\"htmlType\":\"input\",\"increment\":true,\"insert\":true,\"isIncrement\":\"1\",\"isInsert\":\"1\",\"isPk\":\"1\",\"isRequired\":\"0\",\"javaField\":\"paperAnswerId\",\"javaType\":\"Long\",\"list\":false,\"params\":{},\"pk\":true,\"query\":false,\"queryType\":\"EQ\",\"required\":false,\"sort\":1,\"superColumn\":false,\"tableId\":3,\"updateBy\":\"\",\"updateTime\":\"2024-10-13 11:46:30\",\"usableColumn\":false},{\"capJavaField\":\"PaperName\",\"columnComment\":\"试卷名\",\"columnId\":14,\"columnName\":\"paper_name\",\"columnType\":\"varchar(255)\",\"createBy\":\"admin\",\"createTime\":\"2024-10-08 18:22:36\",\"dictType\":\"\",\"edit\":true,\"htmlType\":\"input\",\"increment\":false,\"insert\":true,\"isEdit\":\"1\",\"isIncrement\":\"0\",\"isInsert\":\"1\",\"isList\":\"1\",\"isPk\":\"0\",\"isQuery\":\"1\",\"isRequired\":\"1\",\"javaField\":\"paperName\",\"javaType\":\"String\",\"list\":true,\"params\":{},\"pk\":false,\"query\":true,\"queryType\":\"LIKE\",\"required\":true,\"sort\":2,\"superColumn\":false,\"tableId\":3,\"updateBy\":\"\",\"updateTime\":\"2024-10-13 11:46:30\",\"usableColumn\":false},{\"capJavaField\":\"PaperId\",\"columnComment\":\"试卷ID\",\"columnId\":15,\"columnName\":\"paper_id\",\"columnType\":\"int(11)\",\"createBy\":\"admin\",\"createTime\":\"2024-10-08 18:22:36\",\"dictType\":\"\",\"edit\":true,\"htmlType\":\"input\",\"increment\":false,\"insert\":true,\"isEdit\":\"1\",\"isIncrement\":\"0\",\"isInsert\":\"1\",\"isList\":\"1\",\"isPk\":\"0\",\"isQuery\":\"1\",\"isRequired\":\"1\",\"javaField\":\"paperId\",\"javaType\":\"Long\",\"list\":true,\"params\":{},\"pk\":false,\"query\":true,\"queryType\":\"EQ\",\"required\":true,\"sort\":3,\"superColumn\":false,\"tableId\":3,\"updateBy\":\"\",\"updateTime\":\"2024-10-13 11:46:30\",\"usableColumn\":false},{\"capJavaField\":\"CreateUser\",\"columnComment\":\"回答人\",\"columnId\":86,\"columnName\":\"create_user\",\"columnType\":\"int(11)\",\"createBy\":\"\",\"createTime\":\"2024-10-13 11:46:30\",\"dictType\":\"\",\"edit\":true,\"htmlType\":\"inp', '{\"msg\":\"操作成功\",\"code\":200}', 0, NULL, '2024-10-13 11:56:02', 110);
INSERT INTO `sys_oper_log` VALUES (326, '菜单管理', 2, 'com.ruoyi.web.controller.system.SysMenuController.edit()', 'PUT', 1, 'admin', '研发部门', '/system/menu', '127.0.0.1', '内网IP', '{\"children\":[],\"component\":\"quiz/paperAnswer/index\",\"createTime\":\"2024-10-13 11:57:48\",\"icon\":\"time\",\"isCache\":\"0\",\"isFrame\":\"1\",\"menuId\":2033,\"menuName\":\"试卷作答情况\",\"menuType\":\"C\",\"orderNum\":1,\"params\":{},\"parentId\":2018,\"path\":\"paperAnswer\",\"perms\":\"quiz:paperAnswer:list\",\"routeName\":\"\",\"status\":\"0\",\"updateBy\":\"admin\",\"visible\":\"0\"}', '{\"msg\":\"操作成功\",\"code\":200}', 0, NULL, '2024-10-13 11:59:11', 34);
INSERT INTO `sys_oper_log` VALUES (327, '菜单管理', 2, 'com.ruoyi.web.controller.system.SysMenuController.edit()', 'PUT', 1, 'admin', '研发部门', '/system/menu', '127.0.0.1', '内网IP', '{\"children\":[],\"createTime\":\"2024-10-08 16:29:43\",\"icon\":\"form\",\"isCache\":\"0\",\"isFrame\":\"1\",\"menuId\":2000,\"menuName\":\"题库管理\",\"menuType\":\"M\",\"orderNum\":1,\"params\":{},\"parentId\":0,\"path\":\"question\",\"perms\":\"\",\"routeName\":\"\",\"status\":\"0\",\"updateBy\":\"admin\",\"visible\":\"0\"}', '{\"msg\":\"操作成功\",\"code\":200}', 0, NULL, '2024-10-13 11:59:47', 16);
INSERT INTO `sys_oper_log` VALUES (328, '菜单管理', 2, 'com.ruoyi.web.controller.system.SysMenuController.edit()', 'PUT', 1, 'admin', '研发部门', '/system/menu', '127.0.0.1', '内网IP', '{\"children\":[],\"component\":\"quiz/question/index\",\"createTime\":\"2024-10-08 21:33:31\",\"icon\":\"list\",\"isCache\":\"0\",\"isFrame\":\"1\",\"menuId\":2011,\"menuName\":\"题目列表\",\"menuType\":\"C\",\"orderNum\":1,\"params\":{},\"parentId\":2000,\"path\":\"index\",\"perms\":\"quiz:question:list\",\"routeName\":\"\",\"status\":\"0\",\"updateBy\":\"admin\",\"visible\":\"0\"}', '{\"msg\":\"操作成功\",\"code\":200}', 0, NULL, '2024-10-13 12:00:02', 15);
INSERT INTO `sys_oper_log` VALUES (329, '菜单管理', 2, 'com.ruoyi.web.controller.system.SysMenuController.edit()', 'PUT', 1, 'admin', '研发部门', '/system/menu', '127.0.0.1', '内网IP', '{\"children\":[],\"component\":\"quiz/question/single/index\",\"createTime\":\"2024-10-09 09:23:32\",\"icon\":\"edit\",\"isCache\":\"0\",\"isFrame\":\"1\",\"menuId\":2019,\"menuName\":\"单选题编写\",\"menuType\":\"C\",\"orderNum\":2,\"params\":{},\"parentId\":2000,\"path\":\"single\",\"perms\":\"quiz:single:add\",\"query\":\"\",\"routeName\":\"\",\"status\":\"0\",\"updateBy\":\"admin\",\"visible\":\"0\"}', '{\"msg\":\"操作成功\",\"code\":200}', 0, NULL, '2024-10-13 12:00:09', 13);
INSERT INTO `sys_oper_log` VALUES (330, '菜单管理', 2, 'com.ruoyi.web.controller.system.SysMenuController.edit()', 'PUT', 1, 'admin', '研发部门', '/system/menu', '127.0.0.1', '内网IP', '{\"children\":[],\"createTime\":\"2024-10-09 09:14:09\",\"icon\":\"documentation\",\"isCache\":\"0\",\"isFrame\":\"1\",\"menuId\":2018,\"menuName\":\"试卷管理\",\"menuType\":\"M\",\"orderNum\":1,\"params\":{},\"parentId\":0,\"path\":\"paper\",\"perms\":\"\",\"routeName\":\"\",\"status\":\"0\",\"updateBy\":\"admin\",\"visible\":\"0\"}', '{\"msg\":\"操作成功\",\"code\":200}', 0, NULL, '2024-10-13 12:00:52', 11);
INSERT INTO `sys_oper_log` VALUES (331, '菜单管理', 2, 'com.ruoyi.web.controller.system.SysMenuController.edit()', 'PUT', 1, 'admin', '研发部门', '/system/menu', '127.0.0.1', '内网IP', '{\"children\":[],\"component\":\"quiz/paper/index\",\"createTime\":\"2024-10-10 11:18:06\",\"icon\":\"list\",\"isCache\":\"0\",\"isFrame\":\"1\",\"menuId\":2020,\"menuName\":\"试卷列表\",\"menuType\":\"C\",\"orderNum\":1,\"params\":{},\"parentId\":2018,\"path\":\"index\",\"perms\":\"quiz:paper:list\",\"routeName\":\"\",\"status\":\"0\",\"updateBy\":\"admin\",\"visible\":\"0\"}', '{\"msg\":\"操作成功\",\"code\":200}', 0, NULL, '2024-10-13 12:01:03', 14);
INSERT INTO `sys_oper_log` VALUES (332, '菜单管理', 2, 'com.ruoyi.web.controller.system.SysMenuController.edit()', 'PUT', 1, 'admin', '研发部门', '/system/menu', '127.0.0.1', '内网IP', '{\"children\":[],\"component\":\"quiz/paper/edit\",\"createTime\":\"2024-10-10 11:46:46\",\"icon\":\"edit\",\"isCache\":\"0\",\"isFrame\":\"1\",\"menuId\":2032,\"menuName\":\"试卷编写\",\"menuType\":\"C\",\"orderNum\":1,\"params\":{},\"parentId\":2018,\"path\":\"edit\",\"perms\":\"quiz:paper:edit\",\"routeName\":\"\",\"status\":\"0\",\"updateBy\":\"admin\",\"visible\":\"0\"}', '{\"msg\":\"操作成功\",\"code\":200}', 0, NULL, '2024-10-13 12:01:11', 14);
INSERT INTO `sys_oper_log` VALUES (333, '菜单管理', 2, 'com.ruoyi.web.controller.system.SysMenuController.edit()', 'PUT', 1, 'admin', '研发部门', '/system/menu', '127.0.0.1', '内网IP', '{\"children\":[],\"createTime\":\"2024-10-09 09:14:09\",\"icon\":\"table\",\"isCache\":\"0\",\"isFrame\":\"1\",\"menuId\":2018,\"menuName\":\"试卷管理\",\"menuType\":\"M\",\"orderNum\":1,\"params\":{},\"parentId\":0,\"path\":\"paper\",\"perms\":\"\",\"routeName\":\"\",\"status\":\"0\",\"updateBy\":\"admin\",\"visible\":\"0\"}', '{\"msg\":\"操作成功\",\"code\":200}', 0, NULL, '2024-10-13 12:01:47', 11);
INSERT INTO `sys_oper_log` VALUES (334, '试卷作答情况', 1, 'com.dm.quiz.controller.admin.DamingPaperAnswerController.add()', 'POST', 1, 'admin', '研发部门', '/quiz/paperAnswer', '127.0.0.1', '内网IP', '{\"correctCount\":1,\"createTime\":\"2024-10-13 12:10:48\",\"createUser\":1,\"finalScore\":1,\"paperId\":1,\"paperName\":\"1\",\"paperScore\":1,\"params\":{},\"questionCount\":1,\"subjectId\":1}', NULL, 1, '\r\n### Error updating database.  Cause: java.sql.SQLIntegrityConstraintViolationException: Cannot add or update a child row: a foreign key constraint fails (`ry-vue`.`daming_paper_answer`, CONSTRAINT `daming_paper_answer_ibfk_1` FOREIGN KEY (`paper_id`) REFERENCES `daming_paper` (`paper_id`))\r\n### The error may exist in file [E:\\区块链比赛\\区块链赛前B站笔记++++\\Spring系列\\个人项目实战\\刷题项目\\后台\\daming-admin\\dm_questionBank\\target\\classes\\mapper\\quiz\\DamingPaperAnswerMapper.xml]\r\n### The error may involve com.dm.quiz.mapper.DamingPaperAnswerMapper.insertDamingPaperAnswer-Inline\r\n### The error occurred while setting parameters\r\n### SQL: insert into daming_paper_answer          ( paper_name,             paper_id,             create_user,             paper_score,             final_score,             question_count,             correct_count,             create_time,             subject_id )           values ( ?,             ?,             ?,             ?,             ?,             ?,             ?,             ?,             ? )\r\n### Cause: java.sql.SQLIntegrityConstraintViolationException: Cannot add or update a child row: a foreign key constraint fails (`ry-vue`.`daming_paper_answer`, CONSTRAINT `daming_paper_answer_ibfk_1` FOREIGN KEY (`paper_id`) REFERENCES `daming_paper` (`paper_id`))\n; Cannot add or update a child row: a foreign key constraint fails (`ry-vue`.`daming_paper_answer`, CONSTRAINT `daming_paper_answer_ibfk_1` FOREIGN KEY (`paper_id`) REFERENCES `daming_paper` (`paper_id`)); nested exception is java.sql.SQLIntegrityConstraintViolationException: Cannot add or update a child row: a foreign key constraint fails (`ry-vue`.`daming_paper_answer`, CONSTRAINT `daming_paper_answer_ibfk_1` FOREIGN KEY (`paper_id`) REFERENCES `daming_paper` (`paper_id`))', '2024-10-13 12:10:48', 104);
INSERT INTO `sys_oper_log` VALUES (335, '试卷作答情况', 1, 'com.dm.quiz.controller.admin.DamingPaperAnswerController.add()', 'POST', 1, 'admin', '研发部门', '/quiz/paperAnswer', '127.0.0.1', '内网IP', '{\"correctCount\":1,\"createTime\":\"2024-10-13 12:11:26\",\"createUser\":1,\"finalScore\":1,\"paperAnswerId\":2,\"paperId\":28,\"paperName\":\"1\",\"paperScore\":1,\"params\":{},\"questionCount\":1,\"subjectId\":1}', '{\"msg\":\"操作成功\",\"code\":200}', 0, NULL, '2024-10-13 12:11:26', 4);
INSERT INTO `sys_oper_log` VALUES (336, '代码生成', 8, 'com.ruoyi.generator.controller.GenController.batchGenCode()', 'GET', 1, 'admin', '研发部门', '/tool/gen/batchGenCode', '127.0.0.1', '内网IP', '{\"tables\":\"daming_question\"}', NULL, 0, NULL, '2024-10-13 15:24:33', 61);
INSERT INTO `sys_oper_log` VALUES (337, '代码生成', 2, 'com.ruoyi.generator.controller.GenController.synchDb()', 'GET', 1, 'admin', '研发部门', '/tool/gen/synchDb/daming_question', '127.0.0.1', '内网IP', '{}', '{\"msg\":\"操作成功\",\"code\":200}', 0, NULL, '2024-10-13 15:24:37', 31);
INSERT INTO `sys_oper_log` VALUES (338, '代码生成', 2, 'com.ruoyi.generator.controller.GenController.editSave()', 'PUT', 1, 'admin', '研发部门', '/tool/gen', '127.0.0.1', '内网IP', '{\"businessName\":\"question\",\"className\":\"DamingQuestion\",\"columns\":[{\"capJavaField\":\"Id\",\"columnComment\":\"题目id\",\"columnId\":25,\"columnName\":\"id\",\"columnType\":\"int(11)\",\"createBy\":\"admin\",\"createTime\":\"2024-10-08 18:22:36\",\"dictType\":\"\",\"edit\":false,\"htmlType\":\"input\",\"increment\":true,\"insert\":true,\"isIncrement\":\"1\",\"isInsert\":\"1\",\"isPk\":\"1\",\"isRequired\":\"0\",\"javaField\":\"id\",\"javaType\":\"Long\",\"list\":false,\"params\":{},\"pk\":true,\"query\":false,\"queryType\":\"EQ\",\"required\":false,\"sort\":1,\"superColumn\":false,\"tableId\":5,\"updateBy\":\"\",\"updateTime\":\"2024-10-13 15:24:37\",\"usableColumn\":false},{\"capJavaField\":\"QuestionType\",\"columnComment\":\"题目类型\",\"columnId\":26,\"columnName\":\"question_type\",\"columnType\":\"tinyint(4)\",\"createBy\":\"admin\",\"createTime\":\"2024-10-08 18:22:36\",\"dictType\":\"question_type\",\"edit\":true,\"htmlType\":\"select\",\"increment\":false,\"insert\":true,\"isEdit\":\"1\",\"isIncrement\":\"0\",\"isInsert\":\"1\",\"isList\":\"1\",\"isPk\":\"0\",\"isQuery\":\"1\",\"isRequired\":\"1\",\"javaField\":\"questionType\",\"javaType\":\"Integer\",\"list\":true,\"params\":{},\"pk\":false,\"query\":true,\"queryType\":\"EQ\",\"required\":true,\"sort\":2,\"superColumn\":false,\"tableId\":5,\"updateBy\":\"\",\"updateTime\":\"2024-10-13 15:24:37\",\"usableColumn\":false},{\"capJavaField\":\"QuestionInfoId\",\"columnComment\":\"题目内容id\",\"columnId\":85,\"columnName\":\"question_info_id\",\"columnType\":\"int(11)\",\"createBy\":\"\",\"createTime\":\"2024-10-09 18:42:42\",\"dictType\":\"\",\"edit\":true,\"htmlType\":\"input\",\"increment\":false,\"insert\":true,\"isEdit\":\"1\",\"isIncrement\":\"0\",\"isInsert\":\"1\",\"isList\":\"1\",\"isPk\":\"0\",\"isQuery\":\"1\",\"isRequired\":\"0\",\"javaField\":\"questionInfoId\",\"javaType\":\"Long\",\"list\":true,\"params\":{},\"pk\":false,\"query\":true,\"queryType\":\"EQ\",\"required\":false,\"sort\":3,\"superColumn\":false,\"tableId\":5,\"updateBy\":\"\",\"updateTime\":\"2024-10-13 15:24:37\",\"usableColumn\":false},{\"capJavaField\":\"Correct\",\"columnComment\":\"正确答案\",\"columnId\":88,\"columnName\":\"correct\",\"columnType\":\"varchar(255)\",\"createBy\":\"\",\"createTime\":\"2024-10-13 15:24:37\",\"dictType\":\"\",\"edit\":true,\"htmlType\":\"input\"', '{\"msg\":\"操作成功\",\"code\":200}', 0, NULL, '2024-10-13 15:27:16', 29);
INSERT INTO `sys_oper_log` VALUES (339, '代码生成', 2, 'com.ruoyi.generator.controller.GenController.editSave()', 'PUT', 1, 'admin', '研发部门', '/tool/gen', '127.0.0.1', '内网IP', '{\"businessName\":\"question\",\"className\":\"DamingQuestion\",\"columns\":[{\"capJavaField\":\"Id\",\"columnComment\":\"题目id\",\"columnId\":25,\"columnName\":\"id\",\"columnType\":\"int(11)\",\"createBy\":\"admin\",\"createTime\":\"2024-10-08 18:22:36\",\"dictType\":\"\",\"edit\":false,\"htmlType\":\"input\",\"increment\":true,\"insert\":true,\"isIncrement\":\"1\",\"isInsert\":\"1\",\"isPk\":\"1\",\"isRequired\":\"0\",\"javaField\":\"id\",\"javaType\":\"Long\",\"list\":false,\"params\":{},\"pk\":true,\"query\":false,\"queryType\":\"EQ\",\"required\":false,\"sort\":1,\"superColumn\":false,\"tableId\":5,\"updateBy\":\"\",\"updateTime\":\"2024-10-13 15:27:16\",\"usableColumn\":false},{\"capJavaField\":\"QuestionType\",\"columnComment\":\"题目类型\",\"columnId\":26,\"columnName\":\"question_type\",\"columnType\":\"tinyint(4)\",\"createBy\":\"admin\",\"createTime\":\"2024-10-08 18:22:36\",\"dictType\":\"question_type\",\"edit\":true,\"htmlType\":\"select\",\"increment\":false,\"insert\":true,\"isEdit\":\"1\",\"isIncrement\":\"0\",\"isInsert\":\"1\",\"isList\":\"1\",\"isPk\":\"0\",\"isQuery\":\"1\",\"isRequired\":\"1\",\"javaField\":\"questionType\",\"javaType\":\"Integer\",\"list\":true,\"params\":{},\"pk\":false,\"query\":true,\"queryType\":\"EQ\",\"required\":true,\"sort\":2,\"superColumn\":false,\"tableId\":5,\"updateBy\":\"\",\"updateTime\":\"2024-10-13 15:27:16\",\"usableColumn\":false},{\"capJavaField\":\"QuestionInfoId\",\"columnComment\":\"题目内容id\",\"columnId\":85,\"columnName\":\"question_info_id\",\"columnType\":\"int(11)\",\"createBy\":\"\",\"createTime\":\"2024-10-09 18:42:42\",\"dictType\":\"\",\"edit\":true,\"htmlType\":\"input\",\"increment\":false,\"insert\":true,\"isEdit\":\"1\",\"isIncrement\":\"0\",\"isInsert\":\"1\",\"isList\":\"1\",\"isPk\":\"0\",\"isQuery\":\"1\",\"isRequired\":\"0\",\"javaField\":\"questionInfoId\",\"javaType\":\"Long\",\"list\":true,\"params\":{},\"pk\":false,\"query\":true,\"queryType\":\"EQ\",\"required\":false,\"sort\":3,\"superColumn\":false,\"tableId\":5,\"updateBy\":\"\",\"updateTime\":\"2024-10-13 15:27:16\",\"usableColumn\":false},{\"capJavaField\":\"Correct\",\"columnComment\":\"正确答案\",\"columnId\":88,\"columnName\":\"correct\",\"columnType\":\"varchar(255)\",\"createBy\":\"\",\"createTime\":\"2024-10-13 15:24:37\",\"dictType\":\"\",\"edit\":true,\"htmlType\":\"input\"', '{\"msg\":\"操作成功\",\"code\":200}', 0, NULL, '2024-10-13 15:30:38', 32);
INSERT INTO `sys_oper_log` VALUES (340, '题目表', 1, 'com.dm.quiz.controller.admin.DamingQuestionController.add()', 'POST', 1, 'admin', '研发部门', '/quiz/question', '127.0.0.1', '内网IP', '{\"analysis\":\"123\",\"correct\":\"B\",\"items\":[{\"content\":\"1\",\"prefix\":\"A\"},{\"content\":\"123\",\"prefix\":\"B\"},{\"content\":\"123\",\"prefix\":\"C\"},{\"content\":\"1\",\"prefix\":\"D\"}],\"questionTitle\":\"123\",\"questionType\":1,\"score\":54,\"subjectId\":1}', '{\"msg\":\"操作成功\",\"code\":200}', 0, NULL, '2024-10-13 15:36:42', 26);
INSERT INTO `sys_oper_log` VALUES (341, '题目表', 1, 'com.dm.quiz.controller.admin.DamingQuestionController.add()', 'POST', 1, 'admin', '研发部门', '/quiz/question', '127.0.0.1', '内网IP', '{\"analysis\":\"123\",\"correct\":\"C\",\"items\":[{\"content\":\"1\",\"prefix\":\"A\"},{\"content\":\"1\",\"prefix\":\"B\"},{\"content\":\"1\",\"prefix\":\"C\"},{\"content\":\"\",\"prefix\":\"D\"}],\"questionTitle\":\"123信息修\",\"questionType\":1,\"score\":54,\"subjectId\":1}', '{\"msg\":\"操作成功\",\"code\":200}', 0, NULL, '2024-10-13 15:44:57', 34);
INSERT INTO `sys_oper_log` VALUES (342, '试卷', 3, 'com.dm.quiz.controller.admin.DamingPaperController.remove()', 'DELETE', 1, 'admin', '研发部门', '/quiz/paper/42,41,40,39,38,37,36', '127.0.0.1', '内网IP', '{}', '{\"msg\":\"操作成功\",\"code\":200}', 0, NULL, '2024-10-13 15:59:30', 16);
INSERT INTO `sys_oper_log` VALUES (343, '试卷', 1, 'com.dm.quiz.controller.admin.DamingPaperController.add()', 'POST', 1, 'admin', '研发部门', '/quiz/paper', '127.0.0.1', '内网IP', '{\"paperName\":\"123\",\"paperQuestionTypeDto\":[{\"name\":\"123\",\"questionDtos\":[{\"analysis\":\"1\",\"correct\":\"C\",\"id\":10,\"items\":[{\"content\":\"1\",\"prefix\":\"A\"},{\"content\":\"1\",\"prefix\":\"B\"},{\"content\":\"1\",\"prefix\":\"C\"},{\"content\":\"1\",\"prefix\":\"D\"}],\"questionTitle\":\"1\",\"questionType\":1,\"score\":54,\"subjectId\":1}]}],\"subjectId\":1}', NULL, 1, '', '2024-10-13 15:59:43', 62);
INSERT INTO `sys_oper_log` VALUES (344, '试卷', 1, 'com.dm.quiz.controller.admin.DamingPaperController.add()', 'POST', 1, 'admin', '研发部门', '/quiz/paper', '127.0.0.1', '内网IP', '{\"paperName\":\"123\",\"paperQuestionTypeDto\":[{\"name\":\"123\",\"questionDtos\":[{\"analysis\":\"1\",\"correct\":\"C\",\"id\":10,\"items\":[{\"content\":\"1\",\"prefix\":\"A\"},{\"content\":\"1\",\"prefix\":\"B\"},{\"content\":\"1\",\"prefix\":\"C\"},{\"content\":\"1\",\"prefix\":\"D\"}],\"questionTitle\":\"1\",\"questionType\":1,\"score\":54,\"subjectId\":1}]}],\"subjectId\":1}', NULL, 1, '', '2024-10-13 16:01:20', 41994);
INSERT INTO `sys_oper_log` VALUES (345, '试卷', 1, 'com.dm.quiz.controller.admin.DamingPaperController.add()', 'POST', 1, 'admin', '研发部门', '/quiz/paper', '127.0.0.1', '内网IP', '{\"paperName\":\"123\",\"paperQuestionTypeDto\":[{\"name\":\"123\",\"questionDtos\":[{\"analysis\":\"1\",\"correct\":\"C\",\"id\":10,\"items\":[{\"content\":\"1\",\"prefix\":\"A\"},{\"content\":\"1\",\"prefix\":\"B\"},{\"content\":\"1\",\"prefix\":\"C\"},{\"content\":\"1\",\"prefix\":\"D\"}],\"questionTitle\":\"1\",\"questionType\":1,\"score\":54,\"subjectId\":1}]}],\"subjectId\":1}', NULL, 1, '', '2024-10-13 16:03:58', 106941);
INSERT INTO `sys_oper_log` VALUES (346, '试卷', 1, 'com.dm.quiz.controller.admin.DamingPaperController.add()', 'POST', 1, 'admin', '研发部门', '/quiz/paper', '127.0.0.1', '内网IP', '{\"paperName\":\"123\",\"paperQuestionTypeDto\":[{\"name\":\"123\",\"questionDtos\":[{\"analysis\":\"1\",\"correct\":\"C\",\"id\":10,\"items\":[{\"content\":\"1\",\"prefix\":\"A\"},{\"content\":\"1\",\"prefix\":\"B\"},{\"content\":\"1\",\"prefix\":\"C\"},{\"content\":\"1\",\"prefix\":\"D\"}],\"questionTitle\":\"1\",\"questionType\":1,\"score\":54,\"subjectId\":1}]}],\"subjectId\":1}', NULL, 1, '', '2024-10-13 16:08:53', 292757);
INSERT INTO `sys_oper_log` VALUES (347, '试卷', 1, 'com.dm.quiz.controller.admin.DamingPaperController.add()', 'POST', 1, 'admin', '研发部门', '/quiz/paper', '127.0.0.1', '内网IP', '{\"paperName\":\"123\",\"paperQuestionTypeDto\":[{\"name\":\"123\",\"questionDtos\":[{\"analysis\":\"1\",\"correct\":\"C\",\"id\":10,\"items\":[{\"content\":\"1\",\"prefix\":\"A\"},{\"content\":\"1\",\"prefix\":\"B\"},{\"content\":\"1\",\"prefix\":\"C\"},{\"content\":\"1\",\"prefix\":\"D\"}],\"questionTitle\":\"1\",\"questionType\":1,\"score\":54,\"subjectId\":1}]}],\"subjectId\":1}', NULL, 1, '', '2024-10-13 16:32:08', 1389239);
INSERT INTO `sys_oper_log` VALUES (348, '试卷', 1, 'com.dm.quiz.controller.admin.DamingPaperController.add()', 'POST', 1, 'admin', '研发部门', '/quiz/paper', '127.0.0.1', '内网IP', '{\"paperName\":\"123\",\"paperQuestionTypeDto\":[{\"name\":\"123\",\"questionDtos\":[{\"analysis\":\"1\",\"correct\":\"C\",\"id\":10,\"items\":[{\"content\":\"1\",\"prefix\":\"A\"},{\"content\":\"1\",\"prefix\":\"B\"},{\"content\":\"1\",\"prefix\":\"C\"},{\"content\":\"1\",\"prefix\":\"D\"}],\"questionTitle\":\"1\",\"questionType\":1,\"score\":54,\"subjectId\":1}]}],\"subjectId\":1}', NULL, 1, '', '2024-10-13 16:32:29', 18728);
INSERT INTO `sys_oper_log` VALUES (349, '题目表', 1, 'com.dm.quiz.controller.admin.DamingQuestionController.add()', 'POST', 1, 'admin', '研发部门', '/quiz/question', '127.0.0.1', '内网IP', '{\"analysis\":\"1\",\"correct\":\"C\",\"items\":[{\"content\":\"1\",\"prefix\":\"A\"},{\"content\":\"1\",\"prefix\":\"B\"},{\"content\":\"1\",\"prefix\":\"C\"},{\"content\":\"1\",\"prefix\":\"D\"}],\"questionTitle\":\"test\",\"questionType\":1,\"score\":54,\"subjectId\":1}', '{\"msg\":\"操作成功\",\"code\":200}', 0, NULL, '2024-10-13 16:33:53', 13);
INSERT INTO `sys_oper_log` VALUES (350, '试卷', 1, 'com.dm.quiz.controller.admin.DamingPaperController.add()', 'POST', 1, 'admin', '研发部门', '/quiz/paper', '127.0.0.1', '内网IP', '{\"paperName\":\"test\",\"paperQuestionTypeDto\":[{\"name\":\"选择题\",\"questionDtos\":[{\"analysis\":\"1\",\"correct\":\"C\",\"id\":22,\"items\":[{\"content\":\"1\",\"prefix\":\"A\"},{\"content\":\"1\",\"prefix\":\"B\"},{\"content\":\"1\",\"prefix\":\"C\"},{\"content\":\"1\",\"prefix\":\"D\"}],\"questionTitle\":\"test\",\"questionType\":1,\"score\":54,\"subjectId\":1}]}],\"subjectId\":1}', NULL, 1, '', '2024-10-13 16:39:57', 297382);
INSERT INTO `sys_oper_log` VALUES (351, '试卷', 1, 'com.dm.quiz.controller.admin.DamingPaperController.add()', 'POST', 1, 'admin', '研发部门', '/quiz/paper', '127.0.0.1', '内网IP', '{\"paperName\":\"123\",\"paperQuestionTypeDto\":[{\"name\":\"123\",\"questionDtos\":[{\"analysis\":\"1\",\"correct\":\"C\",\"id\":22,\"items\":[{\"content\":\"1\",\"prefix\":\"A\"},{\"content\":\"1\",\"prefix\":\"B\"},{\"content\":\"1\",\"prefix\":\"C\"},{\"content\":\"1\",\"prefix\":\"D\"}],\"questionTitle\":\"test\",\"questionType\":1,\"score\":54,\"subjectId\":1}]}],\"subjectId\":2}', '{\"msg\":\"操作成功\",\"code\":200,\"data\":{\"paperId\":52,\"paperName\":\"123\",\"paperQuestionTypeDto\":[{\"name\":\"123\",\"questionDtos\":[{\"analysis\":\"1\",\"correct\":\"C\",\"id\":22,\"itemOrder\":0,\"items\":[{\"content\":\"1\",\"prefix\":\"A\"},{\"content\":\"1\",\"prefix\":\"B\"},{\"content\":\"1\",\"prefix\":\"C\"},{\"content\":\"1\",\"prefix\":\"D\"}],\"questionTitle\":\"test\",\"questionType\":1,\"score\":54,\"subjectId\":1}]}],\"score\":54,\"subjectId\":2}}', 0, NULL, '2024-10-13 16:42:12', 2775);
INSERT INTO `sys_oper_log` VALUES (352, '试卷', 1, 'com.dm.quiz.controller.admin.DamingPaperController.add()', 'POST', 1, 'admin', '研发部门', '/quiz/paper', '127.0.0.1', '内网IP', '{\"paperName\":\"213\",\"paperQuestionTypeDto\":[],\"subjectId\":1}', NULL, 1, '\r\n### Error querying database.  Cause: java.sql.SQLSyntaxErrorException: You have an error in your SQL syntax; check the manual that corresponds to your MySQL server version for the right syntax to use near \'\' at line 3\r\n### The error may exist in file [E:\\区块链比赛\\区块链赛前B站笔记++++\\Spring系列\\个人项目实战\\刷题项目\\后台\\daming-admin\\dm_questionBank\\target\\classes\\mapper\\quiz\\DamingQuestionMapper.xml]\r\n### The error may involve defaultParameterMap\r\n### The error occurred while setting parameters\r\n### SQL: select id, question_type, question_info_id, correct, score, del_flag, subject_id, create_time, update_time from daming_question               WHERE id IN\r\n### Cause: java.sql.SQLSyntaxErrorException: You have an error in your SQL syntax; check the manual that corresponds to your MySQL server version for the right syntax to use near \'\' at line 3\n; bad SQL grammar []; nested exception is java.sql.SQLSyntaxErrorException: You have an error in your SQL syntax; check the manual that corresponds to your MySQL server version for the right syntax to use near \'\' at line 3', '2024-10-13 16:45:32', 4179);
INSERT INTO `sys_oper_log` VALUES (353, '试卷', 1, 'com.dm.quiz.controller.admin.DamingPaperController.add()', 'POST', 1, 'admin', '研发部门', '/quiz/paper', '127.0.0.1', '内网IP', '{\"paperName\":\"213\",\"paperQuestionTypeDto\":[{\"name\":\"\",\"questionDtos\":[{\"analysis\":\"1\",\"correct\":\"C\",\"id\":22,\"items\":[{\"content\":\"1\",\"prefix\":\"A\"},{\"content\":\"1\",\"prefix\":\"B\"},{\"content\":\"1\",\"prefix\":\"C\"},{\"content\":\"1\",\"prefix\":\"D\"}],\"questionTitle\":\"test\",\"questionType\":1,\"score\":54,\"subjectId\":1}]}],\"subjectId\":1}', NULL, 1, '', '2024-10-13 16:48:11', 147902);
INSERT INTO `sys_oper_log` VALUES (354, '题目表', 1, 'com.dm.quiz.controller.admin.DamingQuestionController.add()', 'POST', 1, 'admin', '研发部门', '/quiz/question', '127.0.0.1', '内网IP', '{\"analysis\":\"1\",\"correct\":\"B\",\"items\":[{\"content\":\"1\",\"prefix\":\"A\"},{\"content\":\"1\",\"prefix\":\"B\"},{\"content\":\"1\",\"prefix\":\"C\"},{\"content\":\"1\",\"prefix\":\"D\"}],\"questionTitle\":\"1\",\"questionType\":1,\"score\":54,\"subjectId\":1}', '{\"msg\":\"操作成功\",\"code\":200}', 0, NULL, '2024-10-13 16:52:52', 18);
INSERT INTO `sys_oper_log` VALUES (355, '菜单管理', 2, 'com.ruoyi.web.controller.system.SysMenuController.edit()', 'PUT', 1, 'admin', '研发部门', '/system/menu', '127.0.0.1', '内网IP', '{\"children\":[],\"component\":\"quiz/questionAnswer/index\",\"createTime\":\"2024-10-13 20:31:38\",\"icon\":\"log\",\"isCache\":\"0\",\"isFrame\":\"1\",\"menuId\":2039,\"menuName\":\"题目回答情况表\",\"menuType\":\"C\",\"orderNum\":1,\"params\":{},\"parentId\":2000,\"path\":\"questionAnswer\",\"perms\":\"quiz:questionAnswer:list\",\"routeName\":\"\",\"status\":\"0\",\"updateBy\":\"admin\",\"visible\":\"0\"}', '{\"msg\":\"操作成功\",\"code\":200}', 0, NULL, '2024-10-13 20:35:22', 46);
INSERT INTO `sys_oper_log` VALUES (356, '菜单管理', 2, 'com.ruoyi.web.controller.system.SysMenuController.edit()', 'PUT', 1, 'admin', '研发部门', '/system/menu', '127.0.0.1', '内网IP', '{\"children\":[],\"component\":\"quiz/questionAnswer/index\",\"createTime\":\"2024-10-13 20:31:38\",\"icon\":\"log\",\"isCache\":\"0\",\"isFrame\":\"1\",\"menuId\":2039,\"menuName\":\"题目回答情况表\",\"menuType\":\"C\",\"orderNum\":1,\"params\":{},\"parentId\":2000,\"path\":\"index\",\"perms\":\"quiz:questionAnswer:list\",\"routeName\":\"\",\"status\":\"0\",\"updateBy\":\"admin\",\"visible\":\"0\"}', '{\"msg\":\"操作成功\",\"code\":200}', 0, NULL, '2024-10-13 20:37:13', 16);
INSERT INTO `sys_oper_log` VALUES (357, '菜单管理', 2, 'com.ruoyi.web.controller.system.SysMenuController.edit()', 'PUT', 1, 'admin', '研发部门', '/system/menu', '127.0.0.1', '内网IP', '{\"children\":[],\"component\":\"quiz/questionAnswer/index\",\"createTime\":\"2024-10-13 20:31:38\",\"icon\":\"log\",\"isCache\":\"0\",\"isFrame\":\"1\",\"menuId\":2039,\"menuName\":\"题目回答情况表\",\"menuType\":\"C\",\"orderNum\":1,\"params\":{},\"parentId\":2000,\"path\":\"questionAnswer\",\"perms\":\"quiz:questionAnswer:list\",\"routeName\":\"\",\"status\":\"0\",\"updateBy\":\"admin\",\"visible\":\"0\"}', '{\"msg\":\"操作成功\",\"code\":200}', 0, NULL, '2024-10-13 20:40:44', 9);
INSERT INTO `sys_oper_log` VALUES (358, '菜单管理', 2, 'com.ruoyi.web.controller.system.SysMenuController.edit()', 'PUT', 1, 'admin', '研发部门', '/system/menu', '127.0.0.1', '内网IP', '{\"children\":[],\"component\":\"quiz/questionAnswer/index\",\"createTime\":\"2024-10-13 20:31:38\",\"icon\":\"log\",\"isCache\":\"0\",\"isFrame\":\"1\",\"menuId\":2039,\"menuName\":\"题目回答情况表\",\"menuType\":\"C\",\"orderNum\":1,\"params\":{},\"parentId\":2000,\"path\":\"questionAnswer\",\"perms\":\"quiz:questionAnswer:list\",\"routeName\":\"\",\"status\":\"0\",\"updateBy\":\"admin\",\"visible\":\"0\"}', '{\"msg\":\"操作成功\",\"code\":200}', 0, NULL, '2024-10-13 20:41:08', 5);
INSERT INTO `sys_oper_log` VALUES (359, '代码生成', 2, 'com.ruoyi.generator.controller.GenController.editSave()', 'PUT', 1, 'admin', '研发部门', '/tool/gen', '127.0.0.1', '内网IP', '{\"businessName\":\"questionAnswer\",\"className\":\"DamingQuestionAnswer\",\"columns\":[{\"capJavaField\":\"AnswerId\",\"columnComment\":\"答题记录id\",\"columnId\":35,\"columnName\":\"answer_id\",\"columnType\":\"int(11)\",\"createBy\":\"admin\",\"createTime\":\"2024-10-08 18:22:36\",\"dictType\":\"\",\"edit\":false,\"htmlType\":\"input\",\"increment\":true,\"insert\":true,\"isIncrement\":\"1\",\"isInsert\":\"1\",\"isPk\":\"1\",\"isRequired\":\"0\",\"javaField\":\"answerId\",\"javaType\":\"Long\",\"list\":false,\"params\":{},\"pk\":true,\"query\":false,\"queryType\":\"EQ\",\"required\":false,\"sort\":1,\"superColumn\":false,\"tableId\":6,\"updateBy\":\"\",\"updateTime\":\"2024-10-08 21:19:50\",\"usableColumn\":false},{\"capJavaField\":\"UserId\",\"columnComment\":\"答题人\",\"columnId\":36,\"columnName\":\"user_id\",\"columnType\":\"int(11)\",\"createBy\":\"admin\",\"createTime\":\"2024-10-08 18:22:36\",\"dictType\":\"\",\"edit\":true,\"htmlType\":\"input\",\"increment\":false,\"insert\":true,\"isEdit\":\"1\",\"isIncrement\":\"0\",\"isInsert\":\"1\",\"isList\":\"1\",\"isPk\":\"0\",\"isQuery\":\"1\",\"isRequired\":\"1\",\"javaField\":\"userId\",\"javaType\":\"Long\",\"list\":true,\"params\":{},\"pk\":false,\"query\":true,\"queryType\":\"EQ\",\"required\":true,\"sort\":2,\"superColumn\":false,\"tableId\":6,\"updateBy\":\"\",\"updateTime\":\"2024-10-08 21:19:50\",\"usableColumn\":false},{\"capJavaField\":\"PaperId\",\"columnComment\":\"所属试卷id(后续用来连表连表返回用户查看题目记录复习)\",\"columnId\":37,\"columnName\":\"paper_id\",\"columnType\":\"int(11)\",\"createBy\":\"admin\",\"createTime\":\"2024-10-08 18:22:36\",\"dictType\":\"\",\"edit\":true,\"htmlType\":\"input\",\"increment\":false,\"insert\":true,\"isEdit\":\"1\",\"isIncrement\":\"0\",\"isInsert\":\"1\",\"isList\":\"1\",\"isPk\":\"0\",\"isQuery\":\"1\",\"isRequired\":\"1\",\"javaField\":\"paperId\",\"javaType\":\"Long\",\"list\":true,\"params\":{},\"pk\":false,\"query\":true,\"queryType\":\"EQ\",\"required\":true,\"sort\":3,\"superColumn\":false,\"tableId\":6,\"updateBy\":\"\",\"updateTime\":\"2024-10-08 21:19:50\",\"usableColumn\":false},{\"capJavaField\":\"UserAnswer\",\"columnComment\":\"用户答案\",\"columnId\":38,\"columnName\":\"user_answer\",\"columnType\":\"varchar(255)\",\"createBy\":\"admin\",\"createTime\":\"2024-10-08 18:22:36\",\"dictType\":\"\",\"edit\":true,\"htmlTyp', '{\"msg\":\"操作成功\",\"code\":200}', 0, NULL, '2024-10-13 20:57:34', 116);
INSERT INTO `sys_oper_log` VALUES (360, '代码生成', 2, 'com.ruoyi.generator.controller.GenController.synchDb()', 'GET', 1, 'admin', '研发部门', '/tool/gen/synchDb/daming_question_answer', '127.0.0.1', '内网IP', '{}', '{\"msg\":\"操作成功\",\"code\":200}', 0, NULL, '2024-10-13 21:01:58', 62);
INSERT INTO `sys_oper_log` VALUES (361, '代码生成', 2, 'com.ruoyi.generator.controller.GenController.editSave()', 'PUT', 1, 'admin', '研发部门', '/tool/gen', '127.0.0.1', '内网IP', '{\"businessName\":\"questionAnswer\",\"className\":\"DamingQuestionAnswer\",\"columns\":[{\"capJavaField\":\"AnswerId\",\"columnComment\":\"\",\"columnId\":35,\"columnName\":\"answer_id\",\"columnType\":\"int(11)\",\"createBy\":\"admin\",\"createTime\":\"2024-10-08 18:22:36\",\"dictType\":\"\",\"edit\":false,\"htmlType\":\"input\",\"increment\":true,\"insert\":true,\"isIncrement\":\"1\",\"isInsert\":\"1\",\"isPk\":\"1\",\"isRequired\":\"0\",\"javaField\":\"answerId\",\"javaType\":\"Long\",\"list\":false,\"params\":{},\"pk\":true,\"query\":false,\"queryType\":\"EQ\",\"required\":false,\"sort\":1,\"superColumn\":false,\"tableId\":6,\"updateBy\":\"\",\"updateTime\":\"2024-10-13 21:01:58\",\"usableColumn\":false},{\"capJavaField\":\"CreateUser\",\"columnId\":89,\"columnName\":\"create_user\",\"columnType\":\"int(11)\",\"createBy\":\"\",\"createTime\":\"2024-10-13 21:01:58\",\"dictType\":\"\",\"edit\":true,\"htmlType\":\"input\",\"increment\":false,\"insert\":true,\"isEdit\":\"1\",\"isIncrement\":\"0\",\"isInsert\":\"1\",\"isList\":\"1\",\"isPk\":\"0\",\"isQuery\":\"1\",\"isRequired\":\"1\",\"javaField\":\"createUser\",\"javaType\":\"Long\",\"list\":true,\"params\":{},\"pk\":false,\"query\":true,\"queryType\":\"EQ\",\"required\":true,\"sort\":2,\"superColumn\":false,\"tableId\":6,\"updateBy\":\"\",\"usableColumn\":false},{\"capJavaField\":\"PaperId\",\"columnComment\":\"\",\"columnId\":37,\"columnName\":\"paper_id\",\"columnType\":\"int(11)\",\"createBy\":\"admin\",\"createTime\":\"2024-10-08 18:22:36\",\"dictType\":\"\",\"edit\":true,\"htmlType\":\"input\",\"increment\":false,\"insert\":true,\"isEdit\":\"1\",\"isIncrement\":\"0\",\"isInsert\":\"1\",\"isList\":\"1\",\"isPk\":\"0\",\"isQuery\":\"1\",\"isRequired\":\"1\",\"javaField\":\"paperId\",\"javaType\":\"Long\",\"list\":true,\"params\":{},\"pk\":false,\"query\":true,\"queryType\":\"EQ\",\"required\":true,\"sort\":3,\"superColumn\":false,\"tableId\":6,\"updateBy\":\"\",\"updateTime\":\"2024-10-13 21:01:58\",\"usableColumn\":false},{\"capJavaField\":\"UserAnswer\",\"columnComment\":\"\",\"columnId\":38,\"columnName\":\"user_answer\",\"columnType\":\"varchar(255)\",\"createBy\":\"admin\",\"createTime\":\"2024-10-08 18:22:36\",\"dictType\":\"\",\"edit\":true,\"htmlType\":\"input\",\"increment\":false,\"insert\":true,\"isEdit\":\"1\",\"isIncrement\":\"0\",\"isInsert\":\"1\"', '{\"msg\":\"操作成功\",\"code\":200}', 0, NULL, '2024-10-13 21:03:30', 36);
INSERT INTO `sys_oper_log` VALUES (362, '代码生成', 2, 'com.ruoyi.generator.controller.GenController.synchDb()', 'GET', 1, 'admin', '研发部门', '/tool/gen/synchDb/daming_question_answer', '127.0.0.1', '内网IP', '{}', '{\"msg\":\"操作成功\",\"code\":200}', 0, NULL, '2024-10-13 21:57:38', 59);
INSERT INTO `sys_oper_log` VALUES (363, '代码生成', 2, 'com.ruoyi.generator.controller.GenController.editSave()', 'PUT', 1, 'admin', '研发部门', '/tool/gen', '127.0.0.1', '内网IP', '{\"businessName\":\"questionAnswer\",\"className\":\"DamingQuestionAnswer\",\"columns\":[{\"capJavaField\":\"AnswerId\",\"columnComment\":\"\",\"columnId\":35,\"columnName\":\"answer_id\",\"columnType\":\"int(11)\",\"createBy\":\"admin\",\"createTime\":\"2024-10-08 18:22:36\",\"dictType\":\"\",\"edit\":false,\"htmlType\":\"input\",\"increment\":true,\"insert\":true,\"isIncrement\":\"1\",\"isInsert\":\"1\",\"isPk\":\"1\",\"isRequired\":\"0\",\"javaField\":\"answerId\",\"javaType\":\"Long\",\"list\":false,\"params\":{},\"pk\":true,\"query\":false,\"queryType\":\"EQ\",\"required\":false,\"sort\":1,\"superColumn\":false,\"tableId\":6,\"updateBy\":\"\",\"updateTime\":\"2024-10-13 21:57:38\",\"usableColumn\":false},{\"capJavaField\":\"CreateUser\",\"columnComment\":\"\",\"columnId\":89,\"columnName\":\"create_user\",\"columnType\":\"int(11)\",\"createBy\":\"\",\"createTime\":\"2024-10-13 21:01:58\",\"dictType\":\"\",\"edit\":true,\"htmlType\":\"input\",\"increment\":false,\"insert\":true,\"isEdit\":\"1\",\"isIncrement\":\"0\",\"isInsert\":\"1\",\"isList\":\"1\",\"isPk\":\"0\",\"isQuery\":\"1\",\"isRequired\":\"1\",\"javaField\":\"createUser\",\"javaType\":\"Long\",\"list\":true,\"params\":{},\"pk\":false,\"query\":true,\"queryType\":\"EQ\",\"required\":true,\"sort\":2,\"superColumn\":false,\"tableId\":6,\"updateBy\":\"\",\"updateTime\":\"2024-10-13 21:57:38\",\"usableColumn\":false},{\"capJavaField\":\"PaperId\",\"columnComment\":\"\",\"columnId\":37,\"columnName\":\"paper_id\",\"columnType\":\"int(11)\",\"createBy\":\"admin\",\"createTime\":\"2024-10-08 18:22:36\",\"dictType\":\"\",\"edit\":true,\"htmlType\":\"input\",\"increment\":false,\"insert\":true,\"isEdit\":\"1\",\"isIncrement\":\"0\",\"isInsert\":\"1\",\"isList\":\"1\",\"isPk\":\"0\",\"isQuery\":\"1\",\"isRequired\":\"1\",\"javaField\":\"paperId\",\"javaType\":\"Long\",\"list\":true,\"params\":{},\"pk\":false,\"query\":true,\"queryType\":\"EQ\",\"required\":true,\"sort\":3,\"superColumn\":false,\"tableId\":6,\"updateBy\":\"\",\"updateTime\":\"2024-10-13 21:57:38\",\"usableColumn\":false},{\"capJavaField\":\"UserAnswer\",\"columnComment\":\"\",\"columnId\":38,\"columnName\":\"user_answer\",\"columnType\":\"varchar(255)\",\"createBy\":\"admin\",\"createTime\":\"2024-10-08 18:22:36\",\"dictType\":\"\",\"edit\":true,\"htmlType\":\"input\",\"increment\":false,\"inse', '{\"msg\":\"操作成功\",\"code\":200}', 0, NULL, '2024-10-13 21:59:44', 43);
INSERT INTO `sys_oper_log` VALUES (364, '代码生成', 2, 'com.ruoyi.generator.controller.GenController.synchDb()', 'GET', 1, 'admin', '研发部门', '/tool/gen/synchDb/daming_question_answer', '127.0.0.1', '内网IP', '{}', '{\"msg\":\"操作成功\",\"code\":200}', 0, NULL, '2024-10-14 09:32:26', 73);
INSERT INTO `sys_oper_log` VALUES (365, '代码生成', 2, 'com.ruoyi.generator.controller.GenController.editSave()', 'PUT', 1, 'admin', '研发部门', '/tool/gen', '127.0.0.1', '内网IP', '{\"businessName\":\"questionAnswer\",\"className\":\"DamingQuestionAnswer\",\"columns\":[{\"capJavaField\":\"AnswerId\",\"columnComment\":\"达卷id\",\"columnId\":35,\"columnName\":\"answer_id\",\"columnType\":\"int(11)\",\"createBy\":\"admin\",\"createTime\":\"2024-10-08 18:22:36\",\"dictType\":\"\",\"edit\":false,\"htmlType\":\"input\",\"increment\":true,\"insert\":true,\"isIncrement\":\"1\",\"isInsert\":\"1\",\"isPk\":\"1\",\"isRequired\":\"0\",\"javaField\":\"answerId\",\"javaType\":\"Long\",\"list\":false,\"params\":{},\"pk\":true,\"query\":false,\"queryType\":\"EQ\",\"required\":false,\"sort\":1,\"superColumn\":false,\"tableId\":6,\"updateBy\":\"\",\"updateTime\":\"2024-10-14 09:32:26\",\"usableColumn\":false},{\"capJavaField\":\"CreateUser\",\"columnComment\":\"提交人\",\"columnId\":89,\"columnName\":\"create_user\",\"columnType\":\"int(11)\",\"createBy\":\"\",\"createTime\":\"2024-10-13 21:01:58\",\"dictType\":\"\",\"edit\":true,\"htmlType\":\"input\",\"increment\":false,\"insert\":true,\"isEdit\":\"1\",\"isIncrement\":\"0\",\"isInsert\":\"1\",\"isList\":\"1\",\"isPk\":\"0\",\"isQuery\":\"1\",\"isRequired\":\"1\",\"javaField\":\"createUser\",\"javaType\":\"Long\",\"list\":true,\"params\":{},\"pk\":false,\"query\":true,\"queryType\":\"EQ\",\"required\":true,\"sort\":2,\"superColumn\":false,\"tableId\":6,\"updateBy\":\"\",\"updateTime\":\"2024-10-14 09:32:26\",\"usableColumn\":false},{\"capJavaField\":\"PaperId\",\"columnComment\":\"试卷id\",\"columnId\":37,\"columnName\":\"paper_id\",\"columnType\":\"int(11)\",\"createBy\":\"admin\",\"createTime\":\"2024-10-08 18:22:36\",\"dictType\":\"\",\"edit\":true,\"htmlType\":\"input\",\"increment\":false,\"insert\":true,\"isEdit\":\"1\",\"isIncrement\":\"0\",\"isInsert\":\"1\",\"isList\":\"1\",\"isPk\":\"0\",\"isQuery\":\"1\",\"isRequired\":\"1\",\"javaField\":\"paperId\",\"javaType\":\"Long\",\"list\":true,\"params\":{},\"pk\":false,\"query\":true,\"queryType\":\"EQ\",\"required\":true,\"sort\":3,\"superColumn\":false,\"tableId\":6,\"updateBy\":\"\",\"updateTime\":\"2024-10-14 09:32:26\",\"usableColumn\":false},{\"capJavaField\":\"PaperAnswerId\",\"columnComment\":\"试卷记录id\",\"columnId\":92,\"columnName\":\"paper_answer_id\",\"columnType\":\"int(11)\",\"createBy\":\"\",\"createTime\":\"2024-10-14 09:32:26\",\"dictType\":\"\",\"edit\":true,\"htmlType\":\"input\",\"incremen', '{\"msg\":\"操作成功\",\"code\":200}', 0, NULL, '2024-10-14 09:34:05', 21);
INSERT INTO `sys_oper_log` VALUES (366, '题目表', 1, 'com.dm.quiz.controller.admin.DamingQuestionController.add()', 'POST', 1, 'admin', '研发部门', '/quiz/question', '127.0.0.1', '内网IP', '{\"analysis\":\"因为1+1=2\",\"correct\":\"A\",\"items\":[{\"content\":\"2\",\"prefix\":\"A\"},{\"content\":\"3\",\"prefix\":\"B\"},{\"content\":\"4\",\"prefix\":\"C\"},{\"content\":\"5\",\"prefix\":\"D\"}],\"questionTitle\":\"1+1=多少\",\"questionType\":1,\"score\":1,\"subjectId\":1}', '{\"msg\":\"操作成功\",\"code\":200}', 0, NULL, '2024-10-15 21:10:34', 167);
INSERT INTO `sys_oper_log` VALUES (367, '题目表', 1, 'com.dm.quiz.controller.admin.DamingQuestionController.add()', 'POST', 1, 'admin', '研发部门', '/quiz/question', '127.0.0.1', '内网IP', '{\"analysis\":\"无\",\"correct\":\"B\",\"items\":[{\"content\":\"4\",\"prefix\":\"A\"},{\"content\":\"5\",\"prefix\":\"B\"},{\"content\":\"6\",\"prefix\":\"C\"},{\"content\":\"8\",\"prefix\":\"D\"},{\"content\":\"9\",\"prefix\":\"E\"},{\"content\":\"11\",\"prefix\":\"F\"}],\"questionTitle\":\"2*2=?\",\"questionType\":1,\"score\":54,\"subjectId\":1}', '{\"msg\":\"操作成功\",\"code\":200}', 0, NULL, '2024-10-15 21:11:26', 8);
INSERT INTO `sys_oper_log` VALUES (368, '试卷', 1, 'com.dm.quiz.controller.admin.DamingPaperController.add()', 'POST', 1, 'admin', '研发部门', '/quiz/paper', '127.0.0.1', '内网IP', '{\"paperName\":\"2024高等数学期末考试\",\"paperQuestionTypeDto\":[{\"name\":\"单选题\",\"questionDtos\":[{\"analysis\":\"因为1+1=2\",\"correct\":\"A\",\"id\":34,\"items\":[{\"content\":\"2\",\"prefix\":\"A\"},{\"content\":\"3\",\"prefix\":\"B\"},{\"content\":\"4\",\"prefix\":\"C\"},{\"content\":\"5\",\"prefix\":\"D\"}],\"questionTitle\":\"1+1=多少\",\"questionType\":1,\"score\":1,\"subjectId\":1},{\"analysis\":\"无\",\"correct\":\"B\",\"id\":35,\"items\":[{\"content\":\"4\",\"prefix\":\"A\"},{\"content\":\"5\",\"prefix\":\"B\"},{\"content\":\"6\",\"prefix\":\"C\"},{\"content\":\"8\",\"prefix\":\"D\"},{\"content\":\"9\",\"prefix\":\"E\"},{\"content\":\"11\",\"prefix\":\"F\"}],\"questionTitle\":\"2*2=?\",\"questionType\":1,\"score\":54,\"subjectId\":1}]}],\"subjectId\":1}', '{\"msg\":\"操作成功\",\"code\":200,\"data\":{\"paperId\":62,\"paperName\":\"2024高等数学期末考试\",\"paperQuestionTypeDto\":[{\"name\":\"单选题\",\"questionDtos\":[{\"analysis\":\"因为1+1=2\",\"correct\":\"A\",\"id\":34,\"itemOrder\":0,\"items\":[{\"content\":\"2\",\"prefix\":\"A\"},{\"content\":\"3\",\"prefix\":\"B\"},{\"content\":\"4\",\"prefix\":\"C\"},{\"content\":\"5\",\"prefix\":\"D\"}],\"questionTitle\":\"1+1=多少\",\"questionType\":1,\"score\":1,\"subjectId\":1},{\"analysis\":\"无\",\"correct\":\"B\",\"id\":35,\"itemOrder\":1,\"items\":[{\"content\":\"4\",\"prefix\":\"A\"},{\"content\":\"5\",\"prefix\":\"B\"},{\"content\":\"6\",\"prefix\":\"C\"},{\"content\":\"8\",\"prefix\":\"D\"},{\"content\":\"9\",\"prefix\":\"E\"},{\"content\":\"11\",\"prefix\":\"F\"}],\"questionTitle\":\"2*2=?\",\"questionType\":1,\"score\":54,\"subjectId\":1}]}],\"score\":55,\"subjectId\":1}}', 0, NULL, '2024-10-15 21:12:11', 45);
INSERT INTO `sys_oper_log` VALUES (369, '题目表', 1, 'com.dm.quiz.controller.admin.DamingQuestionController.add()', 'POST', 1, 'admin', '研发部门', '/quiz/question', '127.0.0.1', '内网IP', '{\"analysis\":\"231\",\"correct\":\"B\",\"correctArray\":[\"D\",\"C\",\"E\"],\"items\":[{\"content\":\"1\",\"prefix\":\"A\"},{\"content\":\"1\",\"prefix\":\"B\"},{\"content\":\"1\",\"prefix\":\"C\"},{\"content\":\"1\",\"prefix\":\"D\"},{\"content\":\"1\",\"prefix\":\"E\"}],\"questionTitle\":\"123\",\"questionType\":2,\"score\":54,\"subjectId\":1}', '{\"msg\":\"操作成功\",\"code\":200}', 0, NULL, '2024-10-15 21:25:32', 9);
INSERT INTO `sys_oper_log` VALUES (370, '题目表', 1, 'com.dm.quiz.controller.admin.DamingQuestionController.add()', 'POST', 1, 'admin', '研发部门', '/quiz/question', '127.0.0.1', '内网IP', '{\"analysis\":\"1234\",\"correct\":\"\",\"correctArray\":[\"D\",\"C\",\"B\"],\"items\":[{\"content\":\"1\",\"prefix\":\"A\"},{\"content\":\"1\",\"prefix\":\"B\"},{\"content\":\"1\",\"prefix\":\"C\"},{\"content\":\"1\",\"prefix\":\"D\"}],\"questionTitle\":\"1234\",\"questionType\":2,\"score\":54,\"subjectId\":1}', '{\"msg\":\"操作成功\",\"code\":200}', 0, NULL, '2024-10-15 21:32:08', 5);
INSERT INTO `sys_oper_log` VALUES (371, '题目表', 1, 'com.dm.quiz.controller.admin.DamingQuestionController.add()', 'POST', 1, 'admin', '研发部门', '/quiz/question', '127.0.0.1', '内网IP', '{\"analysis\":\"2423234\",\"correct\":\"\",\"correctArray\":[\"C\",\"B\",\"D\"],\"items\":[{\"content\":\"1234\",\"prefix\":\"A\"},{\"content\":\"4234\",\"prefix\":\"B\"},{\"content\":\"123\",\"prefix\":\"C\"},{\"content\":\"231\",\"prefix\":\"D\"}],\"questionTitle\":\"2134234\",\"questionType\":2,\"score\":54,\"subjectId\":1}', '{\"msg\":\"操作成功\",\"code\":200}', 0, NULL, '2024-10-15 21:41:41', 199514);
INSERT INTO `sys_oper_log` VALUES (372, '题目表', 1, 'com.dm.quiz.controller.admin.DamingQuestionController.add()', 'POST', 1, 'admin', '研发部门', '/quiz/question', '127.0.0.1', '内网IP', '{\"analysis\":\"1234\",\"correct\":\"\",\"correctArray\":[\"D\"],\"items\":[{\"content\":\"421\",\"prefix\":\"A\"},{\"content\":\"34\",\"prefix\":\"B\"},{\"content\":\"2134\",\"prefix\":\"C\"},{\"content\":\"2134\",\"prefix\":\"D\"}],\"questionTitle\":\"1234\",\"questionType\":2,\"score\":54,\"subjectId\":1}', '{\"msg\":\"操作成功\",\"code\":200}', 0, NULL, '2024-10-15 21:42:51', 21497);
INSERT INTO `sys_oper_log` VALUES (373, '题目表', 1, 'com.dm.quiz.controller.admin.DamingQuestionController.add()', 'POST', 1, 'admin', '研发部门', '/quiz/question', '127.0.0.1', '内网IP', '{\"analysis\":\"1234\",\"correct\":\"\",\"correctArray\":[\"D\",\"C\"],\"items\":[{\"content\":\"421\",\"prefix\":\"A\"},{\"content\":\"34\",\"prefix\":\"B\"},{\"content\":\"2134\",\"prefix\":\"C\"},{\"content\":\"2134\",\"prefix\":\"D\"}],\"questionTitle\":\"1234\",\"questionType\":2,\"score\":54,\"subjectId\":1}', '{\"msg\":\"操作成功\",\"code\":200}', 0, NULL, '2024-10-15 21:43:08', 15418);
INSERT INTO `sys_oper_log` VALUES (374, '题目表', 1, 'com.dm.quiz.controller.admin.DamingQuestionController.add()', 'POST', 1, 'admin', '研发部门', '/quiz/question', '127.0.0.1', '内网IP', '{\"analysis\":\"1234\",\"correct\":\"\",\"correctArray\":[\"D\",\"C\"],\"items\":[{\"content\":\"421\",\"prefix\":\"A\"},{\"content\":\"34\",\"prefix\":\"B\"},{\"content\":\"2134\",\"prefix\":\"C\"},{\"content\":\"2134\",\"prefix\":\"D\"}],\"questionTitle\":\"1234\",\"questionType\":2,\"score\":54,\"subjectId\":1}', '{\"msg\":\"操作成功\",\"code\":200}', 0, NULL, '2024-10-15 21:43:54', 24757);
INSERT INTO `sys_oper_log` VALUES (375, '题目表', 1, 'com.dm.quiz.controller.admin.DamingQuestionController.add()', 'POST', 1, 'admin', '研发部门', '/quiz/question', '127.0.0.1', '内网IP', '{\"analysis\":\"1234\",\"correct\":\"\",\"correctArray\":[\"D\",\"C\"],\"items\":[{\"content\":\"421\",\"prefix\":\"A\"},{\"content\":\"34\",\"prefix\":\"B\"},{\"content\":\"2134\",\"prefix\":\"C\"},{\"content\":\"2134\",\"prefix\":\"D\"}],\"questionTitle\":\"1234\",\"questionType\":2,\"score\":54,\"subjectId\":1}', '{\"msg\":\"操作成功\",\"code\":200}', 0, NULL, '2024-10-15 21:44:05', 19);
INSERT INTO `sys_oper_log` VALUES (376, '题目表', 1, 'com.dm.quiz.controller.admin.DamingQuestionController.add()', 'POST', 1, 'admin', '研发部门', '/quiz/question', '127.0.0.1', '内网IP', '{\"analysis\":\"1234\",\"correct\":\"\",\"correctArray\":[\"D\",\"C\"],\"items\":[{\"content\":\"421\",\"prefix\":\"A\"},{\"content\":\"34\",\"prefix\":\"B\"},{\"content\":\"2134\",\"prefix\":\"C\"},{\"content\":\"2134\",\"prefix\":\"D\"}],\"questionTitle\":\"1234\",\"questionType\":2,\"score\":54,\"subjectId\":1}', '{\"msg\":\"操作成功\",\"code\":200}', 0, NULL, '2024-10-15 21:44:08', 10);
INSERT INTO `sys_oper_log` VALUES (377, '题目表', 1, 'com.dm.quiz.controller.admin.DamingQuestionController.add()', 'POST', 1, 'admin', '研发部门', '/quiz/question', '127.0.0.1', '内网IP', '{\"analysis\":\"1234\",\"correct\":\"\",\"correctArray\":[\"D\",\"C\"],\"items\":[{\"content\":\"421\",\"prefix\":\"A\"},{\"content\":\"34\",\"prefix\":\"B\"},{\"content\":\"2134\",\"prefix\":\"C\"},{\"content\":\"2134\",\"prefix\":\"D\"}],\"questionTitle\":\"1234\",\"questionType\":2,\"score\":54,\"subjectId\":1}', '{\"msg\":\"操作成功\",\"code\":200}', 0, NULL, '2024-10-15 21:44:17', 12);
INSERT INTO `sys_oper_log` VALUES (378, '题目表', 1, 'com.dm.quiz.controller.admin.DamingQuestionController.add()', 'POST', 1, 'admin', '研发部门', '/quiz/question', '127.0.0.1', '内网IP', '{\"analysis\":\"123\",\"correct\":\"\",\"correctArray\":[\"C\",\"B\",\"D\"],\"items\":[{\"content\":\"123\",\"prefix\":\"A\"},{\"content\":\"4\",\"prefix\":\"B\"},{\"content\":\"324\",\"prefix\":\"C\"},{\"content\":\"234\",\"prefix\":\"D\"}],\"questionTitle\":\"123\",\"questionType\":2,\"score\":54,\"subjectId\":1}', '{\"msg\":\"操作成功\",\"code\":200}', 0, NULL, '2024-10-15 21:55:39', 228618);
INSERT INTO `sys_oper_log` VALUES (379, '题目表', 1, 'com.dm.quiz.controller.admin.DamingQuestionController.add()', 'POST', 1, 'admin', '研发部门', '/quiz/question', '127.0.0.1', '内网IP', '{\"analysis\":\"123\",\"correct\":\"\",\"correctArray\":[\"C\",\"B\",\"D\"],\"items\":[{\"content\":\"123\",\"prefix\":\"A\"},{\"content\":\"4\",\"prefix\":\"B\"},{\"content\":\"324\",\"prefix\":\"C\"},{\"content\":\"234\",\"prefix\":\"D\"}],\"questionTitle\":\"123\",\"questionType\":2,\"score\":54,\"subjectId\":1}', '{\"msg\":\"操作成功\",\"code\":200}', 0, NULL, '2024-10-15 21:55:39', 4252);
INSERT INTO `sys_oper_log` VALUES (380, '题目表', 1, 'com.dm.quiz.controller.admin.DamingQuestionController.add()', 'POST', 1, 'admin', '研发部门', '/quiz/question', '127.0.0.1', '内网IP', '{\"analysis\":\"4231\",\"correct\":\"C\",\"correctArray\":[],\"items\":[{\"content\":\"123\",\"prefix\":\"A\"},{\"content\":\"4\",\"prefix\":\"B\"},{\"content\":\"1234\",\"prefix\":\"C\"},{\"content\":\"14\",\"prefix\":\"D\"}],\"questionTitle\":\"1234\",\"questionType\":1,\"score\":54,\"subjectId\":1}', '{\"msg\":\"操作成功\",\"code\":200}', 0, NULL, '2024-10-15 22:04:56', 1408);
INSERT INTO `sys_oper_log` VALUES (381, '试卷', 1, 'com.dm.quiz.controller.admin.DamingPaperController.add()', 'POST', 1, 'admin', '研发部门', '/quiz/paper', '127.0.0.1', '内网IP', '{\"paperQuestionTypeDto\":[{\"name\":\"\",\"questionDtos\":[{\"analysis\":\"4231\",\"correct\":\"C\",\"id\":47,\"items\":[{\"content\":\"123\",\"prefix\":\"A\"},{\"content\":\"4\",\"prefix\":\"B\"},{\"content\":\"1234\",\"prefix\":\"C\"},{\"content\":\"14\",\"prefix\":\"D\"}],\"questionTitle\":\"1234\",\"questionType\":1,\"score\":54,\"subjectId\":1},null]}]}', '{\"msg\":\"参数填写错误\",\"code\":500}', 0, NULL, '2024-10-15 22:08:05', 39);
INSERT INTO `sys_oper_log` VALUES (382, '试卷', 1, 'com.dm.quiz.controller.admin.DamingPaperController.add()', 'POST', 1, 'admin', '研发部门', '/quiz/paper', '127.0.0.1', '内网IP', '{\"paperName\":\"1234\",\"paperQuestionTypeDto\":[{\"name\":\"2314234\",\"questionDtos\":[{\"analysis\":\"123\",\"correct\":\"C,B,D\",\"id\":45,\"items\":[{\"content\":\"123\",\"prefix\":\"A\"},{\"content\":\"4\",\"prefix\":\"B\"},{\"content\":\"324\",\"prefix\":\"C\"},{\"content\":\"234\",\"prefix\":\"D\"}],\"questionTitle\":\"123\",\"questionType\":2,\"score\":54,\"subjectId\":1}]}],\"subjectId\":1}', '{\"msg\":\"操作成功\",\"code\":200,\"data\":{\"paperId\":63,\"paperName\":\"1234\",\"paperQuestionTypeDto\":[{\"name\":\"2314234\",\"questionDtos\":[{\"analysis\":\"123\",\"correct\":\"C,B,D\",\"id\":45,\"itemOrder\":0,\"items\":[{\"content\":\"123\",\"prefix\":\"A\"},{\"content\":\"4\",\"prefix\":\"B\"},{\"content\":\"324\",\"prefix\":\"C\"},{\"content\":\"234\",\"prefix\":\"D\"}],\"questionTitle\":\"123\",\"questionType\":2,\"score\":54,\"subjectId\":1}]}],\"score\":54,\"subjectId\":1}}', 0, NULL, '2024-10-15 22:08:31', 1869);
INSERT INTO `sys_oper_log` VALUES (383, '代码生成', 2, 'com.ruoyi.generator.controller.GenController.synchDb()', 'GET', 1, 'admin', '研发部门', '/tool/gen/synchDb/daming_question_answer', '127.0.0.1', '内网IP', '{}', '{\"msg\":\"操作成功\",\"code\":200}', 0, NULL, '2024-10-15 23:36:55', 92);
INSERT INTO `sys_oper_log` VALUES (384, '菜单管理', 2, 'com.ruoyi.web.controller.system.SysMenuController.edit()', 'PUT', 1, 'admin', '研发部门', '/system/menu', '127.0.0.1', '内网IP', '{\"children\":[],\"component\":\"quiz/question/single/index\",\"createTime\":\"2024-10-09 09:23:32\",\"icon\":\"edit\",\"isCache\":\"0\",\"isFrame\":\"1\",\"menuId\":2019,\"menuName\":\"选择题编写\",\"menuType\":\"C\",\"orderNum\":2,\"params\":{},\"parentId\":2000,\"path\":\"single\",\"perms\":\"quiz:single:add\",\"query\":\"\",\"routeName\":\"\",\"status\":\"0\",\"updateBy\":\"admin\",\"visible\":\"0\"}', '{\"msg\":\"操作成功\",\"code\":200}', 0, NULL, '2024-10-16 10:10:27', 43);
INSERT INTO `sys_oper_log` VALUES (385, '题目表', 1, 'com.dm.quiz.controller.admin.DamingQuestionController.add()', 'POST', 1, 'admin', '研发部门', '/quiz/question', '127.0.0.1', '内网IP', '{\"analysis\":\"无\",\"correct\":\"A\",\"correctArray\":[],\"items\":[{\"content\":\"2\",\"prefix\":\"A\"},{\"content\":\"3\",\"prefix\":\"B\"},{\"content\":\"4\",\"prefix\":\"C\"},{\"content\":\"5\",\"prefix\":\"D\"}],\"questionTitle\":\"1+1等于多少\",\"questionType\":1,\"score\":54,\"subjectId\":1}', '{\"msg\":\"操作成功\",\"code\":200}', 0, NULL, '2024-10-16 10:11:39', 91);
INSERT INTO `sys_oper_log` VALUES (386, '题目表', 1, 'com.dm.quiz.controller.admin.DamingQuestionController.add()', 'POST', 1, 'admin', '研发部门', '/quiz/question', '127.0.0.1', '内网IP', '{\"analysis\":\"测试解析\",\"correct\":\"\",\"correctArray\":[\"D\",\"C\",\"B\",\"A\"],\"items\":[{\"content\":\"1\",\"prefix\":\"A\"},{\"content\":\"1\",\"prefix\":\"B\"},{\"content\":\"1\",\"prefix\":\"C\"},{\"content\":\"1\",\"prefix\":\"D\"},{\"content\":\"2\",\"prefix\":\"E\"},{\"content\":\"2\",\"prefix\":\"F\"}],\"questionTitle\":\"选ABCD\",\"questionType\":2,\"score\":1,\"subjectId\":1}', '{\"msg\":\"操作成功\",\"code\":200}', 0, NULL, '2024-10-16 10:12:31', 8);
INSERT INTO `sys_oper_log` VALUES (387, '题目表', 2, 'com.dm.quiz.controller.admin.DamingQuestionController.edit()', 'PUT', 1, 'admin', '研发部门', '/quiz/question', '127.0.0.1', '内网IP', '{\"analysis\":\"无\",\"correct\":\"A\",\"correctArray\":[],\"id\":48,\"items\":[{\"content\":\"2\",\"prefix\":\"A\"},{\"content\":\"3\",\"prefix\":\"B\"},{\"content\":\"4\",\"prefix\":\"C\"},{\"content\":\"5\",\"prefix\":\"D\"}],\"questionTitle\":\"1+1等于多少\",\"questionType\":1,\"score\":1,\"subjectId\":1}', '{\"msg\":\"操作成功\",\"code\":200}', 0, NULL, '2024-10-16 10:12:36', 13);
INSERT INTO `sys_oper_log` VALUES (388, '题目表', 2, 'com.dm.quiz.controller.admin.DamingQuestionController.edit()', 'PUT', 1, 'admin', '研发部门', '/quiz/question', '127.0.0.1', '内网IP', '{\"analysis\":\"测试解析\",\"correct\":\"\",\"correctArray\":[\"D\",\"C\",\"B\",\"A\"],\"id\":49,\"items\":[{\"content\":\"1\",\"prefix\":\"A\"},{\"content\":\"1\",\"prefix\":\"B\"},{\"content\":\"1\",\"prefix\":\"C\"},{\"content\":\"1\",\"prefix\":\"D\"},{\"content\":\"2\",\"prefix\":\"E\"},{\"content\":\"2\",\"prefix\":\"F\"}],\"questionTitle\":\"选ABCD\",\"questionType\":2,\"score\":4,\"subjectId\":1}', '{\"msg\":\"操作成功\",\"code\":200}', 0, NULL, '2024-10-16 10:12:41', 10);
INSERT INTO `sys_oper_log` VALUES (389, '试卷', 1, 'com.dm.quiz.controller.admin.DamingPaperController.add()', 'POST', 1, 'admin', '研发部门', '/quiz/paper', '127.0.0.1', '内网IP', '{\"paperName\":\"测试试卷\",\"paperQuestionTypeDto\":[{\"name\":\"单选题\",\"questionDtos\":[{\"analysis\":\"无\",\"correct\":\"A\",\"id\":48,\"items\":[{\"content\":\"2\",\"prefix\":\"A\"},{\"content\":\"3\",\"prefix\":\"B\"},{\"content\":\"4\",\"prefix\":\"C\"},{\"content\":\"5\",\"prefix\":\"D\"}],\"questionTitle\":\"1+1等于多少\",\"questionType\":1,\"score\":1,\"subjectId\":1}]},{\"name\":\"多选题\",\"questionDtos\":[{\"analysis\":\"测试解析\",\"correctArray\":[\"D\",\"C\",\"B\",\"A\"],\"id\":49,\"items\":[{\"content\":\"1\",\"prefix\":\"A\"},{\"content\":\"1\",\"prefix\":\"B\"},{\"content\":\"1\",\"prefix\":\"C\"},{\"content\":\"1\",\"prefix\":\"D\"},{\"content\":\"2\",\"prefix\":\"E\"},{\"content\":\"2\",\"prefix\":\"F\"}],\"questionTitle\":\"选ABCD\",\"questionType\":2,\"score\":4,\"subjectId\":1}]}],\"subjectId\":1}', '{\"msg\":\"操作成功\",\"code\":200,\"data\":{\"paperId\":64,\"paperName\":\"测试试卷\",\"paperQuestionTypeDto\":[{\"name\":\"单选题\",\"questionDtos\":[{\"analysis\":\"无\",\"correct\":\"A\",\"id\":48,\"itemOrder\":0,\"items\":[{\"content\":\"2\",\"prefix\":\"A\"},{\"content\":\"3\",\"prefix\":\"B\"},{\"content\":\"4\",\"prefix\":\"C\"},{\"content\":\"5\",\"prefix\":\"D\"}],\"questionTitle\":\"1+1等于多少\",\"questionType\":1,\"score\":1,\"subjectId\":1}]},{\"name\":\"多选题\",\"questionDtos\":[{\"analysis\":\"测试解析\",\"correctArray\":[\"D\",\"C\",\"B\",\"A\"],\"id\":49,\"itemOrder\":1,\"items\":[{\"content\":\"1\",\"prefix\":\"A\"},{\"content\":\"1\",\"prefix\":\"B\"},{\"content\":\"1\",\"prefix\":\"C\"},{\"content\":\"1\",\"prefix\":\"D\"},{\"content\":\"2\",\"prefix\":\"E\"},{\"content\":\"2\",\"prefix\":\"F\"}],\"questionTitle\":\"选ABCD\",\"questionType\":2,\"score\":4,\"subjectId\":1}]}],\"score\":5,\"subjectId\":1}}', 0, NULL, '2024-10-16 10:13:15', 58);
INSERT INTO `sys_oper_log` VALUES (390, '字典类型', 1, 'com.ruoyi.web.controller.system.SysDictTypeController.add()', 'POST', 1, 'admin', '研发部门', '/system/dict/type', '127.0.0.1', '内网IP', '{\"createBy\":\"admin\",\"dictName\":\"正确与否\",\"dictType\":\"is_correct\",\"params\":{},\"status\":\"0\"}', '{\"msg\":\"操作成功\",\"code\":200}', 0, NULL, '2024-10-16 11:01:15', 38);
INSERT INTO `sys_oper_log` VALUES (391, '字典数据', 1, 'com.ruoyi.web.controller.system.SysDictDataController.add()', 'POST', 1, 'admin', '研发部门', '/system/dict/data', '127.0.0.1', '内网IP', '{\"createBy\":\"admin\",\"default\":false,\"dictLabel\":\"1\",\"dictSort\":0,\"dictType\":\"is_correct\",\"dictValue\":\"正确\",\"listClass\":\"success\",\"params\":{},\"status\":\"0\"}', '{\"msg\":\"操作成功\",\"code\":200}', 0, NULL, '2024-10-16 11:01:42', 19);
INSERT INTO `sys_oper_log` VALUES (392, '字典数据', 1, 'com.ruoyi.web.controller.system.SysDictDataController.add()', 'POST', 1, 'admin', '研发部门', '/system/dict/data', '127.0.0.1', '内网IP', '{\"createBy\":\"admin\",\"default\":false,\"dictLabel\":\"错误\",\"dictSort\":0,\"dictType\":\"is_correct\",\"dictValue\":\"0\",\"listClass\":\"danger\",\"params\":{},\"status\":\"0\"}', '{\"msg\":\"操作成功\",\"code\":200}', 0, NULL, '2024-10-16 11:01:54', 17);
INSERT INTO `sys_oper_log` VALUES (393, '字典数据', 2, 'com.ruoyi.web.controller.system.SysDictDataController.edit()', 'PUT', 1, 'admin', '研发部门', '/system/dict/data', '127.0.0.1', '内网IP', '{\"createBy\":\"admin\",\"createTime\":\"2024-10-16 11:01:42\",\"default\":false,\"dictCode\":106,\"dictLabel\":\"正确\",\"dictSort\":0,\"dictType\":\"is_correct\",\"dictValue\":\"1\",\"isDefault\":\"N\",\"listClass\":\"success\",\"params\":{},\"status\":\"0\",\"updateBy\":\"admin\"}', '{\"msg\":\"操作成功\",\"code\":200}', 0, NULL, '2024-10-16 11:02:06', 49);
INSERT INTO `sys_oper_log` VALUES (394, '字典类型', 2, 'com.ruoyi.web.controller.system.SysDictTypeController.edit()', 'PUT', 1, 'admin', '研发部门', '/system/dict/type', '127.0.0.1', '内网IP', '{\"createBy\":\"admin\",\"createTime\":\"2024-10-12 12:01:12\",\"dictId\":101,\"dictName\":\"科目\",\"dictType\":\"subject_id\",\"params\":{},\"remark\":\"科目列表\",\"status\":\"0\",\"updateBy\":\"admin\"}', '{\"msg\":\"操作成功\",\"code\":200}', 0, NULL, '2024-10-16 11:13:13', 70);
INSERT INTO `sys_oper_log` VALUES (395, '字典类型', 2, 'com.ruoyi.web.controller.system.SysDictTypeController.edit()', 'PUT', 1, 'admin', '研发部门', '/system/dict/type', '127.0.0.1', '内网IP', '{\"createBy\":\"admin\",\"createTime\":\"2024-10-16 11:01:15\",\"dictId\":102,\"dictName\":\"正确与否\",\"dictType\":\"is_correct\",\"params\":{},\"remark\":\"答案枚举\",\"status\":\"0\",\"updateBy\":\"admin\"}', '{\"msg\":\"操作成功\",\"code\":200}', 0, NULL, '2024-10-16 11:13:19', 25);
INSERT INTO `sys_oper_log` VALUES (396, '字典数据', 2, 'com.ruoyi.web.controller.system.SysDictDataController.edit()', 'PUT', 1, 'admin', '研发部门', '/system/dict/data', '127.0.0.1', '内网IP', '{\"createBy\":\"admin\",\"createTime\":\"2024-10-16 11:01:42\",\"default\":false,\"dictCode\":106,\"dictLabel\":\"正确\",\"dictSort\":0,\"dictType\":\"is_correct\",\"dictValue\":\"true\",\"isDefault\":\"N\",\"listClass\":\"success\",\"params\":{},\"status\":\"0\",\"updateBy\":\"admin\"}', '{\"msg\":\"操作成功\",\"code\":200}', 0, NULL, '2024-10-16 11:13:38', 11);
INSERT INTO `sys_oper_log` VALUES (397, '字典数据', 2, 'com.ruoyi.web.controller.system.SysDictDataController.edit()', 'PUT', 1, 'admin', '研发部门', '/system/dict/data', '127.0.0.1', '内网IP', '{\"createBy\":\"admin\",\"createTime\":\"2024-10-16 11:01:54\",\"default\":false,\"dictCode\":107,\"dictLabel\":\"错误\",\"dictSort\":0,\"dictType\":\"is_correct\",\"dictValue\":\"false\",\"isDefault\":\"N\",\"listClass\":\"danger\",\"params\":{},\"status\":\"0\",\"updateBy\":\"admin\"}', '{\"msg\":\"操作成功\",\"code\":200}', 0, NULL, '2024-10-16 11:13:46', 13);
INSERT INTO `sys_oper_log` VALUES (398, '菜单管理', 2, 'com.ruoyi.web.controller.system.SysMenuController.edit()', 'PUT', 1, 'admin', '研发部门', '/system/menu', '127.0.0.1', '内网IP', '{\"children\":[],\"createTime\":\"2024-10-06 10:58:19\",\"icon\":\"guide\",\"isCache\":\"0\",\"isFrame\":\"0\",\"menuId\":4,\"menuName\":\"若依官网\",\"menuType\":\"M\",\"orderNum\":4,\"params\":{},\"parentId\":0,\"path\":\"http://ruoyi.vip\",\"perms\":\"\",\"query\":\"\",\"routeName\":\"\",\"status\":\"0\",\"updateBy\":\"admin\",\"visible\":\"1\"}', '{\"msg\":\"操作成功\",\"code\":200}', 0, NULL, '2024-10-16 11:19:27', 24);
INSERT INTO `sys_oper_log` VALUES (399, '用户头像', 2, 'com.ruoyi.web.controller.system.SysProfileController.avatar()', 'POST', 1, 'admin', '研发部门', '/system/user/profile/avatar', '127.0.0.1', '内网IP', '', '{\"msg\":\"操作成功\",\"imgUrl\":\"/profile/avatar/2024/10/16/northern_20241016112051A001.jpg\",\"code\":200}', 0, NULL, '2024-10-16 11:20:51', 128);
INSERT INTO `sys_oper_log` VALUES (400, '题目表', 1, 'com.dm.quiz.controller.admin.DamingQuestionController.add()', 'POST', 1, 'admin', '研发部门', '/quiz/question', '127.0.0.1', '内网IP', '{\"analysis\":\"无\",\"correct\":\"A\",\"correctArray\":[],\"items\":[{\"content\":\"2\",\"prefix\":\"A\"},{\"content\":\"3\",\"prefix\":\"B\"},{\"content\":\"4\",\"prefix\":\"C\"},{\"content\":\"5\",\"prefix\":\"D\"}],\"questionTitle\":\"1+1=？\",\"questionType\":1,\"score\":54,\"subjectId\":1}', '{\"msg\":\"操作成功\",\"code\":200}', 0, NULL, '2024-10-16 11:21:41', 52);
INSERT INTO `sys_oper_log` VALUES (401, '题目表', 1, 'com.dm.quiz.controller.admin.DamingQuestionController.add()', 'POST', 1, 'admin', '研发部门', '/quiz/question', '127.0.0.1', '内网IP', '{\"analysis\":\"解析测试\",\"correct\":\"\",\"correctArray\":[\"B\",\"C\"],\"items\":[{\"content\":\"1\",\"prefix\":\"A\"},{\"content\":\"2\",\"prefix\":\"B\"},{\"content\":\"3\",\"prefix\":\"C\"},{\"content\":\"4\",\"prefix\":\"D\"}],\"questionTitle\":\"测试多选题\",\"questionType\":2,\"score\":4,\"subjectId\":1}', '{\"msg\":\"操作成功\",\"code\":200}', 0, NULL, '2024-10-16 11:22:10', 10);
INSERT INTO `sys_oper_log` VALUES (402, '题目表', 2, 'com.dm.quiz.controller.admin.DamingQuestionController.edit()', 'PUT', 1, 'admin', '研发部门', '/quiz/question', '127.0.0.1', '内网IP', '{\"analysis\":\"解析测试\",\"correct\":\"\",\"correctArray\":[\"B\",\"C\",\"E\"],\"id\":51,\"items\":[{\"content\":\"1\",\"prefix\":\"A\"},{\"content\":\"2\",\"prefix\":\"B\"},{\"content\":\"3\",\"prefix\":\"C\"},{\"content\":\"4\",\"prefix\":\"D\"},{\"content\":\"5\",\"prefix\":\"E\"},{\"content\":\"6\",\"prefix\":\"F\"}],\"questionTitle\":\"测试多选题\",\"questionType\":2,\"score\":4,\"subjectId\":1}', '{\"msg\":\"操作成功\",\"code\":200}', 0, NULL, '2024-10-16 11:23:15', 49);
INSERT INTO `sys_oper_log` VALUES (403, '试卷', 1, 'com.dm.quiz.controller.admin.DamingPaperController.add()', 'POST', 1, 'admin', '研发部门', '/quiz/paper', '127.0.0.1', '内网IP', '{\"paperName\":\"测试试卷\",\"paperQuestionTypeDto\":[{\"name\":\"单选题\",\"questionDtos\":[{\"analysis\":\"无\",\"correct\":\"A\",\"id\":50,\"items\":[{\"content\":\"2\",\"prefix\":\"A\"},{\"content\":\"3\",\"prefix\":\"B\"},{\"content\":\"4\",\"prefix\":\"C\"},{\"content\":\"5\",\"prefix\":\"D\"}],\"questionTitle\":\"1+1=？\",\"questionType\":1,\"score\":54,\"subjectId\":1}]},{\"name\":\"多选题\",\"questionDtos\":[{\"analysis\":\"解析测试\",\"correctArray\":[\"B\",\"C\",\"E\"],\"id\":51,\"items\":[{\"content\":\"1\",\"prefix\":\"A\"},{\"content\":\"2\",\"prefix\":\"B\"},{\"content\":\"3\",\"prefix\":\"C\"},{\"content\":\"4\",\"prefix\":\"D\"},{\"content\":\"5\",\"prefix\":\"E\"},{\"content\":\"6\",\"prefix\":\"F\"}],\"questionTitle\":\"测试多选题\",\"questionType\":2,\"score\":4,\"subjectId\":1}]}],\"subjectId\":1}', '{\"msg\":\"操作成功\",\"code\":200,\"data\":{\"paperId\":65,\"paperName\":\"测试试卷\",\"paperQuestionTypeDto\":[{\"name\":\"单选题\",\"questionDtos\":[{\"analysis\":\"无\",\"correct\":\"A\",\"id\":50,\"itemOrder\":0,\"items\":[{\"content\":\"2\",\"prefix\":\"A\"},{\"content\":\"3\",\"prefix\":\"B\"},{\"content\":\"4\",\"prefix\":\"C\"},{\"content\":\"5\",\"prefix\":\"D\"}],\"questionTitle\":\"1+1=？\",\"questionType\":1,\"score\":54,\"subjectId\":1}]},{\"name\":\"多选题\",\"questionDtos\":[{\"analysis\":\"解析测试\",\"correctArray\":[\"B\",\"C\",\"E\"],\"id\":51,\"itemOrder\":1,\"items\":[{\"content\":\"1\",\"prefix\":\"A\"},{\"content\":\"2\",\"prefix\":\"B\"},{\"content\":\"3\",\"prefix\":\"C\"},{\"content\":\"4\",\"prefix\":\"D\"},{\"content\":\"5\",\"prefix\":\"E\"},{\"content\":\"6\",\"prefix\":\"F\"}],\"questionTitle\":\"测试多选题\",\"questionType\":2,\"score\":4,\"subjectId\":1}]}],\"score\":58,\"subjectId\":1}}', 0, NULL, '2024-10-16 11:23:41', 49);
INSERT INTO `sys_oper_log` VALUES (404, '试卷', 2, 'com.dm.quiz.controller.admin.DamingPaperController.edit()', 'PUT', 1, 'admin', '研发部门', '/quiz/paper', '127.0.0.1', '内网IP', '{\"paperId\":65,\"paperName\":\"测试试卷\",\"paperQuestionTypeDto\":[{\"name\":\"单选题\",\"questionDtos\":[{\"analysis\":\"无\",\"correct\":\"A\",\"id\":50,\"itemOrder\":0,\"items\":[{\"content\":\"2\",\"prefix\":\"A\"},{\"content\":\"3\",\"prefix\":\"B\"},{\"content\":\"4\",\"prefix\":\"C\"},{\"content\":\"5\",\"prefix\":\"D\"}],\"questionTitle\":\"1+1=？\",\"questionType\":1,\"score\":54,\"subjectId\":1}]},{\"name\":\"多选题\",\"questionDtos\":[{\"analysis\":\"解析测试\",\"correctArray\":[\"B\",\"C\",\"E\"],\"id\":51,\"itemOrder\":1,\"items\":[{\"content\":\"1\",\"prefix\":\"A\"},{\"content\":\"2\",\"prefix\":\"B\"},{\"content\":\"3\",\"prefix\":\"C\"},{\"content\":\"4\",\"prefix\":\"D\"},{\"content\":\"5\",\"prefix\":\"E\"},{\"content\":\"6\",\"prefix\":\"F\"}],\"questionTitle\":\"测试多选题\",\"questionType\":2,\"score\":4,\"subjectId\":1}]}],\"score\":58,\"subjectId\":1}', '{\"msg\":\"操作成功\",\"code\":200}', 0, NULL, '2024-10-16 11:26:50', 18);
INSERT INTO `sys_oper_log` VALUES (405, '代码生成', 2, 'com.ruoyi.generator.controller.GenController.synchDb()', 'GET', 1, 'admin', '研发部门', '/tool/gen/synchDb/daming_paper', '127.0.0.1', '内网IP', '{}', '{\"msg\":\"操作成功\",\"code\":200}', 0, NULL, '2024-10-16 12:01:02', 109);
INSERT INTO `sys_oper_log` VALUES (406, '试卷', 1, 'com.dm.quiz.controller.admin.DamingPaperController.add()', 'POST', 1, 'admin', '研发部门', '/quiz/paper', '127.0.0.1', '内网IP', '{\"paperName\":\"12\",\"paperQuestionTypeDto\":[{\"name\":\"1\",\"questionDtos\":[{\"analysis\":\"无\",\"correct\":\"A\",\"id\":50,\"items\":[{\"content\":\"2\",\"prefix\":\"A\"},{\"content\":\"3\",\"prefix\":\"B\"},{\"content\":\"4\",\"prefix\":\"C\"},{\"content\":\"5\",\"prefix\":\"D\"}],\"questionTitle\":\"1+1=？\",\"questionType\":1,\"score\":54,\"subjectId\":1}]}],\"subjectId\":1,\"suggestTime\":12}', '{\"msg\":\"操作成功\",\"code\":200,\"data\":{\"paperId\":66,\"paperName\":\"12\",\"paperQuestionTypeDto\":[{\"name\":\"1\",\"questionDtos\":[{\"analysis\":\"无\",\"correct\":\"A\",\"id\":50,\"itemOrder\":0,\"items\":[{\"content\":\"2\",\"prefix\":\"A\"},{\"content\":\"3\",\"prefix\":\"B\"},{\"content\":\"4\",\"prefix\":\"C\"},{\"content\":\"5\",\"prefix\":\"D\"}],\"questionTitle\":\"1+1=？\",\"questionType\":1,\"score\":54,\"subjectId\":1}]}],\"score\":54,\"subjectId\":1,\"suggestTime\":12}}', 0, NULL, '2024-10-16 12:04:17', 8056);
INSERT INTO `sys_oper_log` VALUES (407, '试卷', 1, 'com.dm.quiz.controller.admin.DamingPaperController.add()', 'POST', 1, 'admin', '研发部门', '/quiz/paper', '127.0.0.1', '内网IP', '{\"paperName\":\"666\",\"paperQuestionTypeDto\":[{\"name\":\"1\",\"questionDtos\":[{\"analysis\":\"无\",\"correct\":\"A\",\"id\":50,\"items\":[{\"content\":\"2\",\"prefix\":\"A\"},{\"content\":\"3\",\"prefix\":\"B\"},{\"content\":\"4\",\"prefix\":\"C\"},{\"content\":\"5\",\"prefix\":\"D\"}],\"questionTitle\":\"1+1=？\",\"questionType\":1,\"score\":54,\"subjectId\":1}]},{\"name\":\"2\",\"questionDtos\":[{\"analysis\":\"解析测试\",\"correctArray\":[\"B\",\"C\",\"E\"],\"id\":51,\"items\":[{\"content\":\"1\",\"prefix\":\"A\"},{\"content\":\"2\",\"prefix\":\"B\"},{\"content\":\"3\",\"prefix\":\"C\"},{\"content\":\"4\",\"prefix\":\"D\"},{\"content\":\"5\",\"prefix\":\"E\"},{\"content\":\"6\",\"prefix\":\"F\"}],\"questionTitle\":\"测试多选题\",\"questionType\":2,\"score\":4,\"subjectId\":1}]}],\"subjectId\":1,\"suggestTime\":1}', '{\"msg\":\"操作成功\",\"code\":200,\"data\":{\"paperId\":67,\"paperName\":\"666\",\"paperQuestionTypeDto\":[{\"name\":\"1\",\"questionDtos\":[{\"analysis\":\"无\",\"correct\":\"A\",\"id\":50,\"itemOrder\":0,\"items\":[{\"content\":\"2\",\"prefix\":\"A\"},{\"content\":\"3\",\"prefix\":\"B\"},{\"content\":\"4\",\"prefix\":\"C\"},{\"content\":\"5\",\"prefix\":\"D\"}],\"questionTitle\":\"1+1=？\",\"questionType\":1,\"score\":54,\"subjectId\":1}]},{\"name\":\"2\",\"questionDtos\":[{\"analysis\":\"解析测试\",\"correctArray\":[\"B\",\"C\",\"E\"],\"id\":51,\"itemOrder\":1,\"items\":[{\"content\":\"1\",\"prefix\":\"A\"},{\"content\":\"2\",\"prefix\":\"B\"},{\"content\":\"3\",\"prefix\":\"C\"},{\"content\":\"4\",\"prefix\":\"D\"},{\"content\":\"5\",\"prefix\":\"E\"},{\"content\":\"6\",\"prefix\":\"F\"}],\"questionTitle\":\"测试多选题\",\"questionType\":2,\"score\":4,\"subjectId\":1}]}],\"score\":58,\"subjectId\":1,\"suggestTime\":1}}', 0, NULL, '2024-10-16 16:28:33', 76);
INSERT INTO `sys_oper_log` VALUES (408, '试卷', 1, 'com.dm.quiz.controller.admin.DamingPaperController.add()', 'POST', 1, 'admin', '研发部门', '/quiz/paper', '127.0.0.1', '内网IP', '{\"paperName\":\"123\",\"paperQuestionTypeDto\":[{\"name\":\"\",\"questionDtos\":[{\"analysis\":\"无\",\"correct\":\"A\",\"id\":50,\"items\":[{\"content\":\"2\",\"prefix\":\"A\"},{\"content\":\"3\",\"prefix\":\"B\"},{\"content\":\"4\",\"prefix\":\"C\"},{\"content\":\"5\",\"prefix\":\"D\"}],\"questionTitle\":\"1+1=？\",\"questionType\":1,\"score\":54,\"subjectId\":1},{\"analysis\":\"无\",\"correct\":\"A\",\"id\":50,\"items\":[{\"content\":\"2\",\"prefix\":\"A\"},{\"content\":\"3\",\"prefix\":\"B\"},{\"content\":\"4\",\"prefix\":\"C\"},{\"content\":\"5\",\"prefix\":\"D\"}],\"questionTitle\":\"1+1=？\",\"questionType\":1,\"score\":54,\"subjectId\":1}]}],\"subjectId\":1,\"suggestTime\":1}', '{\"msg\":\"操作成功\",\"code\":200,\"data\":{\"paperId\":68,\"paperName\":\"123\",\"paperQuestionTypeDto\":[{\"name\":\"\",\"questionDtos\":[{\"analysis\":\"无\",\"correct\":\"A\",\"id\":50,\"itemOrder\":0,\"items\":[{\"content\":\"2\",\"prefix\":\"A\"},{\"content\":\"3\",\"prefix\":\"B\"},{\"content\":\"4\",\"prefix\":\"C\"},{\"content\":\"5\",\"prefix\":\"D\"}],\"questionTitle\":\"1+1=？\",\"questionType\":1,\"score\":54,\"subjectId\":1},{\"analysis\":\"无\",\"correct\":\"A\",\"id\":50,\"itemOrder\":1,\"items\":[{\"content\":\"2\",\"prefix\":\"A\"},{\"content\":\"3\",\"prefix\":\"B\"},{\"content\":\"4\",\"prefix\":\"C\"},{\"content\":\"5\",\"prefix\":\"D\"}],\"questionTitle\":\"1+1=？\",\"questionType\":1,\"score\":54,\"subjectId\":1}]}],\"score\":108,\"subjectId\":1,\"suggestTime\":1}}', 0, NULL, '2024-10-16 16:30:28', 83);
INSERT INTO `sys_oper_log` VALUES (409, '试卷', 2, 'com.dm.quiz.controller.admin.DamingPaperController.edit()', 'PUT', 1, 'admin', '研发部门', '/quiz/paper', '127.0.0.1', '内网IP', '{\"paperId\":68,\"paperName\":\"123\",\"paperQuestionTypeDto\":[{\"name\":\"\",\"questionDtos\":[{\"analysis\":\"无\",\"correct\":\"A\",\"id\":50,\"itemOrder\":0,\"items\":[{\"content\":\"2\",\"prefix\":\"A\"},{\"content\":\"3\",\"prefix\":\"B\"},{\"content\":\"4\",\"prefix\":\"C\"},{\"content\":\"5\",\"prefix\":\"D\"}],\"questionTitle\":\"1+1=？\",\"questionType\":1,\"score\":54,\"subjectId\":1},{\"analysis\":\"无\",\"correct\":\"A\",\"id\":50,\"itemOrder\":1,\"items\":[{\"content\":\"2\",\"prefix\":\"A\"},{\"content\":\"3\",\"prefix\":\"B\"},{\"content\":\"4\",\"prefix\":\"C\"},{\"content\":\"5\",\"prefix\":\"D\"}],\"questionTitle\":\"1+1=？\",\"questionType\":1,\"score\":54,\"subjectId\":1},{\"analysis\":\"无\",\"correct\":\"A\",\"id\":50,\"items\":[{\"content\":\"2\",\"prefix\":\"A\"},{\"content\":\"3\",\"prefix\":\"B\"},{\"content\":\"4\",\"prefix\":\"C\"},{\"content\":\"5\",\"prefix\":\"D\"}],\"questionTitle\":\"1+1=？\",\"questionType\":1,\"score\":54,\"subjectId\":1},{\"analysis\":\"解析测试\",\"correctArray\":[\"B\",\"C\",\"E\"],\"id\":51,\"items\":[{\"content\":\"1\",\"prefix\":\"A\"},{\"content\":\"2\",\"prefix\":\"B\"},{\"content\":\"3\",\"prefix\":\"C\"},{\"content\":\"4\",\"prefix\":\"D\"},{\"content\":\"5\",\"prefix\":\"E\"},{\"content\":\"6\",\"prefix\":\"F\"}],\"questionTitle\":\"测试多选题\",\"questionType\":2,\"score\":4,\"subjectId\":1},{\"analysis\":\"无\",\"correct\":\"A\",\"id\":50,\"items\":[{\"content\":\"2\",\"prefix\":\"A\"},{\"content\":\"3\",\"prefix\":\"B\"},{\"content\":\"4\",\"prefix\":\"C\"},{\"content\":\"5\",\"prefix\":\"D\"}],\"questionTitle\":\"1+1=？\",\"questionType\":1,\"score\":54,\"subjectId\":1},{\"analysis\":\"解析测试\",\"correctArray\":[\"B\",\"C\",\"E\"],\"id\":51,\"items\":[{\"content\":\"1\",\"prefix\":\"A\"},{\"content\":\"2\",\"prefix\":\"B\"},{\"content\":\"3\",\"prefix\":\"C\"},{\"content\":\"4\",\"prefix\":\"D\"},{\"content\":\"5\",\"prefix\":\"E\"},{\"content\":\"6\",\"prefix\":\"F\"}],\"questionTitle\":\"测试多选题\",\"questionType\":2,\"score\":4,\"subjectId\":1},{\"analysis\":\"无\",\"correct\":\"A\",\"id\":50,\"items\":[{\"content\":\"2\",\"prefix\":\"A\"},{\"content\":\"3\",\"prefix\":\"B\"},{\"content\":\"4\",\"prefix\":\"C\"},{\"content\":\"5\",\"prefix\":\"D\"}],\"questionTitle\":\"1+1=？\",\"questionType\":1,\"score\":54,\"subjectId\":1},{\"analysis\":\"解析测试\",\"correctArray\":[\"B\",\"C\",\"E\"],\"id\":51,\"items\":[{\"content\":\"1\",\"prefix\":\"A\"},{\"content\":\"2\",\"prefix\":\"B\"}', '{\"msg\":\"操作成功\",\"code\":200}', 0, NULL, '2024-10-16 17:13:29', 33);
INSERT INTO `sys_oper_log` VALUES (410, '题目表', 1, 'com.dm.quiz.controller.admin.DamingQuestionController.add()', 'POST', 1, 'admin', '研发部门', '/quiz/question', '127.0.0.1', '内网IP', '{\"analysis\":\"1\",\"correct\":\"A\",\"correctArray\":[],\"items\":[{\"content\":\"1\",\"prefix\":\"A\"},{\"content\":\"1\",\"prefix\":\"B\"},{\"content\":\"1\",\"prefix\":\"C\"},{\"content\":\"1\",\"prefix\":\"D\"}],\"questionTitle\":\"111\",\"questionType\":1,\"score\":54,\"subjectId\":1}', '{\"msg\":\"操作成功\",\"code\":200}', 0, NULL, '2024-10-16 18:46:43', 44);
INSERT INTO `sys_oper_log` VALUES (411, '题目表', 1, 'com.dm.quiz.controller.admin.DamingQuestionController.add()', 'POST', 1, 'admin', '研发部门', '/quiz/question', '127.0.0.1', '内网IP', '{\"analysis\":\"1111\",\"correct\":\"\",\"correctArray\":[\"A\",\"B\"],\"items\":[{\"content\":\"1\",\"prefix\":\"A\"},{\"content\":\"1\",\"prefix\":\"B\"},{\"content\":\"1\",\"prefix\":\"C\"},{\"content\":\"1\",\"prefix\":\"D\"},{\"content\":\"1\",\"prefix\":\"E\"}],\"questionTitle\":\"123\",\"questionType\":2,\"score\":54,\"subjectId\":1}', '{\"msg\":\"操作成功\",\"code\":200}', 0, NULL, '2024-10-16 18:47:00', 7);
INSERT INTO `sys_oper_log` VALUES (412, '试卷', 1, 'com.dm.quiz.controller.admin.DamingPaperController.add()', 'POST', 1, 'admin', '研发部门', '/quiz/paper', '127.0.0.1', '内网IP', '{\"paperName\":\"123\",\"paperQuestionTypeDto\":[{\"name\":\"11\",\"questionDtos\":[{\"analysis\":\"1\",\"correct\":\"A\",\"id\":52,\"items\":[{\"content\":\"1\",\"prefix\":\"A\"},{\"content\":\"1\",\"prefix\":\"B\"},{\"content\":\"1\",\"prefix\":\"C\"},{\"content\":\"1\",\"prefix\":\"D\"}],\"questionTitle\":\"111\",\"questionType\":1,\"score\":54,\"subjectId\":1},{\"analysis\":\"1111\",\"correctArray\":[\"A\",\"B\"],\"id\":53,\"items\":[{\"content\":\"1\",\"prefix\":\"A\"},{\"content\":\"1\",\"prefix\":\"B\"},{\"content\":\"1\",\"prefix\":\"C\"},{\"content\":\"1\",\"prefix\":\"D\"},{\"content\":\"1\",\"prefix\":\"E\"}],\"questionTitle\":\"123\",\"questionType\":2,\"score\":54,\"subjectId\":1}]}],\"subjectId\":1,\"suggestTime\":2}', '{\"msg\":\"操作成功\",\"code\":200,\"data\":{\"paperId\":69,\"paperName\":\"123\",\"paperQuestionTypeDto\":[{\"name\":\"11\",\"questionDtos\":[{\"analysis\":\"1\",\"correct\":\"A\",\"id\":52,\"itemOrder\":0,\"items\":[{\"content\":\"1\",\"prefix\":\"A\"},{\"content\":\"1\",\"prefix\":\"B\"},{\"content\":\"1\",\"prefix\":\"C\"},{\"content\":\"1\",\"prefix\":\"D\"}],\"questionTitle\":\"111\",\"questionType\":1,\"score\":54,\"subjectId\":1},{\"analysis\":\"1111\",\"correctArray\":[\"A\",\"B\"],\"id\":53,\"itemOrder\":1,\"items\":[{\"content\":\"1\",\"prefix\":\"A\"},{\"content\":\"1\",\"prefix\":\"B\"},{\"content\":\"1\",\"prefix\":\"C\"},{\"content\":\"1\",\"prefix\":\"D\"},{\"content\":\"1\",\"prefix\":\"E\"}],\"questionTitle\":\"123\",\"questionType\":2,\"score\":54,\"subjectId\":1}]}],\"score\":108,\"subjectId\":1,\"suggestTime\":2}}', 0, NULL, '2024-10-16 18:47:14', 31);
INSERT INTO `sys_oper_log` VALUES (413, '题目表', 1, 'com.dm.quiz.controller.admin.DamingQuestionController.add()', 'POST', 1, 'admin', '研发部门', '/quiz/question', '127.0.0.1', '内网IP', '{\"analysis\":\"测试\",\"correct\":\"A\",\"correctArray\":[],\"items\":[{\"content\":\"2\",\"prefix\":\"A\"},{\"content\":\"1\",\"prefix\":\"B\"},{\"content\":\"3\",\"prefix\":\"C\"},{\"content\":\"4\",\"prefix\":\"D\"}],\"questionTitle\":\"1+1=?\",\"questionType\":1,\"score\":54,\"subjectId\":1}', '{\"msg\":\"操作成功\",\"code\":200}', 0, NULL, '2024-10-16 23:30:52', 39);
INSERT INTO `sys_oper_log` VALUES (414, '题目表', 1, 'com.dm.quiz.controller.admin.DamingQuestionController.add()', 'POST', 1, 'admin', '研发部门', '/quiz/question', '127.0.0.1', '内网IP', '{\"analysis\":\"1234\",\"correct\":\"\",\"correctArray\":[\"A\",\"B\",\"C\"],\"items\":[{\"content\":\"1\",\"prefix\":\"A\"},{\"content\":\"2\",\"prefix\":\"B\"},{\"content\":\"3\",\"prefix\":\"C\"},{\"content\":\"4\",\"prefix\":\"D\"},{\"content\":\"5\",\"prefix\":\"E\"}],\"questionTitle\":\"多选题\",\"questionType\":2,\"score\":54,\"subjectId\":1}', '{\"msg\":\"操作成功\",\"code\":200}', 0, NULL, '2024-10-16 23:31:16', 9);
INSERT INTO `sys_oper_log` VALUES (415, '试卷', 1, 'com.dm.quiz.controller.admin.DamingPaperController.add()', 'POST', 1, 'admin', '研发部门', '/quiz/paper', '127.0.0.1', '内网IP', '{\"paperName\":\"测试\",\"paperQuestionTypeDto\":[{\"name\":\"单选题\",\"questionDtos\":[{\"analysis\":\"测试\",\"correct\":\"A\",\"id\":54,\"items\":[{\"content\":\"2\",\"prefix\":\"A\"},{\"content\":\"1\",\"prefix\":\"B\"},{\"content\":\"3\",\"prefix\":\"C\"},{\"content\":\"4\",\"prefix\":\"D\"}],\"questionTitle\":\"1+1=?\",\"questionType\":1,\"score\":54,\"subjectId\":1}]},{\"name\":\"多选题\",\"questionDtos\":[{\"analysis\":\"1111\",\"correctArray\":[\"A\",\"B\"],\"id\":53,\"items\":[{\"content\":\"1\",\"prefix\":\"A\"},{\"content\":\"1\",\"prefix\":\"B\"},{\"content\":\"1\",\"prefix\":\"C\"},{\"content\":\"1\",\"prefix\":\"D\"},{\"content\":\"1\",\"prefix\":\"E\"}],\"questionTitle\":\"123\",\"questionType\":2,\"score\":54,\"subjectId\":1}]}],\"subjectId\":1,\"suggestTime\":1}', '{\"msg\":\"操作成功\",\"code\":200,\"data\":{\"paperId\":70,\"paperName\":\"测试\",\"paperQuestionTypeDto\":[{\"name\":\"单选题\",\"questionDtos\":[{\"analysis\":\"测试\",\"correct\":\"A\",\"id\":54,\"itemOrder\":0,\"items\":[{\"content\":\"2\",\"prefix\":\"A\"},{\"content\":\"1\",\"prefix\":\"B\"},{\"content\":\"3\",\"prefix\":\"C\"},{\"content\":\"4\",\"prefix\":\"D\"}],\"questionTitle\":\"1+1=?\",\"questionType\":1,\"score\":54,\"subjectId\":1}]},{\"name\":\"多选题\",\"questionDtos\":[{\"analysis\":\"1111\",\"correctArray\":[\"A\",\"B\"],\"id\":53,\"itemOrder\":1,\"items\":[{\"content\":\"1\",\"prefix\":\"A\"},{\"content\":\"1\",\"prefix\":\"B\"},{\"content\":\"1\",\"prefix\":\"C\"},{\"content\":\"1\",\"prefix\":\"D\"},{\"content\":\"1\",\"prefix\":\"E\"}],\"questionTitle\":\"123\",\"questionType\":2,\"score\":54,\"subjectId\":1}]}],\"score\":108,\"subjectId\":1,\"suggestTime\":1}}', 0, NULL, '2024-10-16 23:31:45', 48);
INSERT INTO `sys_oper_log` VALUES (416, '代码生成', 6, 'com.ruoyi.generator.controller.GenController.importTableSave()', 'POST', 1, 'admin', '研发部门', '/tool/gen/importTable', '127.0.0.1', '内网IP', '{\"tables\":\"daming_user\"}', '{\"msg\":\"操作成功\",\"code\":200}', 0, NULL, '2024-10-18 00:24:26', 114);
INSERT INTO `sys_oper_log` VALUES (417, '代码生成', 2, 'com.ruoyi.generator.controller.GenController.editSave()', 'PUT', 1, 'admin', '研发部门', '/tool/gen', '127.0.0.1', '内网IP', '{\"businessName\":\"user\",\"className\":\"DamingUser\",\"columns\":[{\"capJavaField\":\"UserId\",\"columnComment\":\"用户id\",\"columnId\":96,\"columnName\":\"user_id\",\"columnType\":\"int(11)\",\"createBy\":\"admin\",\"createTime\":\"2024-10-18 00:24:26\",\"dictType\":\"\",\"edit\":false,\"htmlType\":\"input\",\"increment\":true,\"insert\":true,\"isIncrement\":\"1\",\"isInsert\":\"1\",\"isPk\":\"1\",\"isRequired\":\"0\",\"javaField\":\"userId\",\"javaType\":\"Long\",\"list\":false,\"params\":{},\"pk\":true,\"query\":false,\"queryType\":\"EQ\",\"required\":false,\"sort\":1,\"superColumn\":false,\"tableId\":12,\"updateBy\":\"\",\"usableColumn\":false},{\"capJavaField\":\"Username\",\"columnComment\":\"用户名\",\"columnId\":97,\"columnName\":\"username\",\"columnType\":\"varchar(255)\",\"createBy\":\"admin\",\"createTime\":\"2024-10-18 00:24:26\",\"dictType\":\"\",\"edit\":true,\"htmlType\":\"input\",\"increment\":false,\"insert\":true,\"isEdit\":\"1\",\"isIncrement\":\"0\",\"isInsert\":\"1\",\"isList\":\"1\",\"isPk\":\"0\",\"isQuery\":\"1\",\"isRequired\":\"0\",\"javaField\":\"username\",\"javaType\":\"String\",\"list\":true,\"params\":{},\"pk\":false,\"query\":true,\"queryType\":\"LIKE\",\"required\":false,\"sort\":2,\"superColumn\":false,\"tableId\":12,\"updateBy\":\"\",\"usableColumn\":false},{\"capJavaField\":\"Password\",\"columnComment\":\"用户密码\",\"columnId\":98,\"columnName\":\"password\",\"columnType\":\"varchar(255)\",\"createBy\":\"admin\",\"createTime\":\"2024-10-18 00:24:26\",\"dictType\":\"\",\"edit\":true,\"htmlType\":\"input\",\"increment\":false,\"insert\":true,\"isEdit\":\"1\",\"isIncrement\":\"0\",\"isInsert\":\"1\",\"isList\":\"1\",\"isPk\":\"0\",\"isQuery\":\"1\",\"isRequired\":\"0\",\"javaField\":\"password\",\"javaType\":\"String\",\"list\":true,\"params\":{},\"pk\":false,\"query\":true,\"queryType\":\"EQ\",\"required\":false,\"sort\":3,\"superColumn\":false,\"tableId\":12,\"updateBy\":\"\",\"usableColumn\":false},{\"capJavaField\":\"Nickname\",\"columnComment\":\"用户昵称\",\"columnId\":99,\"columnName\":\"nickname\",\"columnType\":\"varchar(255)\",\"createBy\":\"admin\",\"createTime\":\"2024-10-18 00:24:26\",\"dictType\":\"\",\"edit\":true,\"htmlType\":\"input\",\"increment\":false,\"insert\":true,\"isEdit\":\"1\",\"isIncrement\":\"0\",\"isInsert\":\"1\",\"isList\":\"1\",\"isPk\":\"0\",\"isQuery\":\"1\",\"isRequ', '{\"msg\":\"操作成功\",\"code\":200}', 0, NULL, '2024-10-18 00:25:09', 52);
INSERT INTO `sys_oper_log` VALUES (418, '菜单管理', 1, 'com.ruoyi.web.controller.system.SysMenuController.add()', 'POST', 1, 'admin', '研发部门', '/system/menu', '127.0.0.1', '内网IP', '{\"children\":[],\"createBy\":\"admin\",\"icon\":\"clipboard\",\"isCache\":\"0\",\"isFrame\":\"1\",\"menuName\":\"用户管理\",\"menuType\":\"M\",\"orderNum\":1,\"params\":{},\"parentId\":0,\"path\":\"paperUser\",\"status\":\"0\",\"visible\":\"0\"}', '{\"msg\":\"操作成功\",\"code\":200}', 0, NULL, '2024-10-18 00:25:54', 33);
INSERT INTO `sys_oper_log` VALUES (419, '代码生成', 2, 'com.ruoyi.generator.controller.GenController.editSave()', 'PUT', 1, 'admin', '研发部门', '/tool/gen', '127.0.0.1', '内网IP', '{\"businessName\":\"user\",\"className\":\"DamingUser\",\"columns\":[{\"capJavaField\":\"UserId\",\"columnComment\":\"用户id\",\"columnId\":96,\"columnName\":\"user_id\",\"columnType\":\"int(11)\",\"createBy\":\"admin\",\"createTime\":\"2024-10-18 00:24:26\",\"dictType\":\"\",\"edit\":false,\"htmlType\":\"input\",\"increment\":true,\"insert\":true,\"isIncrement\":\"1\",\"isInsert\":\"1\",\"isPk\":\"1\",\"isRequired\":\"0\",\"javaField\":\"userId\",\"javaType\":\"Long\",\"list\":false,\"params\":{},\"pk\":true,\"query\":false,\"queryType\":\"EQ\",\"required\":false,\"sort\":1,\"superColumn\":false,\"tableId\":12,\"updateBy\":\"\",\"updateTime\":\"2024-10-18 00:25:09\",\"usableColumn\":false},{\"capJavaField\":\"Username\",\"columnComment\":\"用户名\",\"columnId\":97,\"columnName\":\"username\",\"columnType\":\"varchar(255)\",\"createBy\":\"admin\",\"createTime\":\"2024-10-18 00:24:26\",\"dictType\":\"\",\"edit\":true,\"htmlType\":\"input\",\"increment\":false,\"insert\":true,\"isEdit\":\"1\",\"isIncrement\":\"0\",\"isInsert\":\"1\",\"isList\":\"1\",\"isPk\":\"0\",\"isQuery\":\"1\",\"isRequired\":\"0\",\"javaField\":\"username\",\"javaType\":\"String\",\"list\":true,\"params\":{},\"pk\":false,\"query\":true,\"queryType\":\"LIKE\",\"required\":false,\"sort\":2,\"superColumn\":false,\"tableId\":12,\"updateBy\":\"\",\"updateTime\":\"2024-10-18 00:25:09\",\"usableColumn\":false},{\"capJavaField\":\"Password\",\"columnComment\":\"用户密码\",\"columnId\":98,\"columnName\":\"password\",\"columnType\":\"varchar(255)\",\"createBy\":\"admin\",\"createTime\":\"2024-10-18 00:24:26\",\"dictType\":\"\",\"edit\":true,\"htmlType\":\"input\",\"increment\":false,\"insert\":true,\"isEdit\":\"1\",\"isIncrement\":\"0\",\"isInsert\":\"1\",\"isList\":\"1\",\"isPk\":\"0\",\"isQuery\":\"1\",\"isRequired\":\"0\",\"javaField\":\"password\",\"javaType\":\"String\",\"list\":true,\"params\":{},\"pk\":false,\"query\":true,\"queryType\":\"EQ\",\"required\":false,\"sort\":3,\"superColumn\":false,\"tableId\":12,\"updateBy\":\"\",\"updateTime\":\"2024-10-18 00:25:09\",\"usableColumn\":false},{\"capJavaField\":\"Nickname\",\"columnComment\":\"用户昵称\",\"columnId\":99,\"columnName\":\"nickname\",\"columnType\":\"varchar(255)\",\"createBy\":\"admin\",\"createTime\":\"2024-10-18 00:24:26\",\"dictType\":\"\",\"edit\":true,\"htmlType\":\"input\",\"increment\":false,', '{\"msg\":\"操作成功\",\"code\":200}', 0, NULL, '2024-10-18 00:26:39', 38);
INSERT INTO `sys_oper_log` VALUES (420, '代码生成', 2, 'com.ruoyi.generator.controller.GenController.editSave()', 'PUT', 1, 'admin', '研发部门', '/tool/gen', '127.0.0.1', '内网IP', '{\"businessName\":\"user\",\"className\":\"DamingUser\",\"columns\":[{\"capJavaField\":\"UserId\",\"columnComment\":\"用户id\",\"columnId\":96,\"columnName\":\"user_id\",\"columnType\":\"int(11)\",\"createBy\":\"admin\",\"createTime\":\"2024-10-18 00:24:26\",\"dictType\":\"\",\"edit\":false,\"htmlType\":\"input\",\"increment\":true,\"insert\":true,\"isIncrement\":\"1\",\"isInsert\":\"1\",\"isPk\":\"1\",\"isRequired\":\"0\",\"javaField\":\"userId\",\"javaType\":\"Long\",\"list\":false,\"params\":{},\"pk\":true,\"query\":false,\"queryType\":\"EQ\",\"required\":false,\"sort\":1,\"superColumn\":false,\"tableId\":12,\"updateBy\":\"\",\"updateTime\":\"2024-10-18 00:26:39\",\"usableColumn\":false},{\"capJavaField\":\"Username\",\"columnComment\":\"用户名\",\"columnId\":97,\"columnName\":\"username\",\"columnType\":\"varchar(255)\",\"createBy\":\"admin\",\"createTime\":\"2024-10-18 00:24:26\",\"dictType\":\"\",\"edit\":true,\"htmlType\":\"input\",\"increment\":false,\"insert\":true,\"isEdit\":\"1\",\"isIncrement\":\"0\",\"isInsert\":\"1\",\"isList\":\"1\",\"isPk\":\"0\",\"isQuery\":\"1\",\"isRequired\":\"0\",\"javaField\":\"username\",\"javaType\":\"String\",\"list\":true,\"params\":{},\"pk\":false,\"query\":true,\"queryType\":\"LIKE\",\"required\":false,\"sort\":2,\"superColumn\":false,\"tableId\":12,\"updateBy\":\"\",\"updateTime\":\"2024-10-18 00:26:39\",\"usableColumn\":false},{\"capJavaField\":\"Password\",\"columnComment\":\"用户密码\",\"columnId\":98,\"columnName\":\"password\",\"columnType\":\"varchar(255)\",\"createBy\":\"admin\",\"createTime\":\"2024-10-18 00:24:26\",\"dictType\":\"\",\"edit\":true,\"htmlType\":\"input\",\"increment\":false,\"insert\":true,\"isEdit\":\"1\",\"isIncrement\":\"0\",\"isInsert\":\"1\",\"isList\":\"1\",\"isPk\":\"0\",\"isQuery\":\"1\",\"isRequired\":\"0\",\"javaField\":\"password\",\"javaType\":\"String\",\"list\":true,\"params\":{},\"pk\":false,\"query\":true,\"queryType\":\"EQ\",\"required\":false,\"sort\":3,\"superColumn\":false,\"tableId\":12,\"updateBy\":\"\",\"updateTime\":\"2024-10-18 00:26:39\",\"usableColumn\":false},{\"capJavaField\":\"Nickname\",\"columnComment\":\"用户昵称\",\"columnId\":99,\"columnName\":\"nickname\",\"columnType\":\"varchar(255)\",\"createBy\":\"admin\",\"createTime\":\"2024-10-18 00:24:26\",\"dictType\":\"\",\"edit\":true,\"htmlType\":\"input\",\"increment\":false,', '{\"msg\":\"操作成功\",\"code\":200}', 0, NULL, '2024-10-18 00:37:46', 38);
INSERT INTO `sys_oper_log` VALUES (421, '菜单管理', 2, 'com.ruoyi.web.controller.system.SysMenuController.edit()', 'PUT', 1, 'admin', '研发部门', '/system/menu', '127.0.0.1', '内网IP', '{\"children\":[],\"component\":\"quiz/user/index\",\"createTime\":\"2024-10-18 00:38:00\",\"icon\":\"checkbox\",\"isCache\":\"0\",\"isFrame\":\"1\",\"menuId\":2046,\"menuName\":\"刷题用户\",\"menuType\":\"C\",\"orderNum\":1,\"params\":{},\"parentId\":2045,\"path\":\"user\",\"perms\":\"quiz:user:list\",\"routeName\":\"\",\"status\":\"0\",\"updateBy\":\"admin\",\"visible\":\"0\"}', '{\"msg\":\"操作成功\",\"code\":200}', 0, NULL, '2024-10-18 00:40:12', 23);
INSERT INTO `sys_oper_log` VALUES (422, '菜单管理', 2, 'com.ruoyi.web.controller.system.SysMenuController.edit()', 'PUT', 1, 'admin', '研发部门', '/system/menu', '127.0.0.1', '内网IP', '{\"children\":[],\"component\":\"quiz/user/index\",\"createTime\":\"2024-10-18 00:38:00\",\"icon\":\"checkbox\",\"isCache\":\"0\",\"isFrame\":\"1\",\"menuId\":2046,\"menuName\":\"刷题用户\",\"menuType\":\"C\",\"orderNum\":1,\"params\":{},\"parentId\":2045,\"path\":\"index\",\"perms\":\"quiz:user:list\",\"routeName\":\"\",\"status\":\"0\",\"updateBy\":\"admin\",\"visible\":\"0\"}', '{\"msg\":\"操作成功\",\"code\":200}', 0, NULL, '2024-10-18 00:40:20', 12);
INSERT INTO `sys_oper_log` VALUES (423, '菜单管理', 2, 'com.ruoyi.web.controller.system.SysMenuController.edit()', 'PUT', 1, 'admin', '研发部门', '/system/menu', '127.0.0.1', '内网IP', '{\"children\":[],\"createTime\":\"2024-10-18 00:25:54\",\"icon\":\"clipboard\",\"isCache\":\"0\",\"isFrame\":\"1\",\"menuId\":2045,\"menuName\":\"用户管理\",\"menuType\":\"M\",\"orderNum\":1,\"params\":{},\"parentId\":0,\"path\":\"paperUser\",\"perms\":\"\",\"routeName\":\"\",\"status\":\"0\",\"updateBy\":\"admin\",\"visible\":\"0\"}', '{\"msg\":\"操作成功\",\"code\":200}', 0, NULL, '2024-10-18 00:40:29', 10);
INSERT INTO `sys_oper_log` VALUES (424, '刷题用户', 1, 'com.dm.quiz.controller.admin.DamingUserController.add()', 'POST', 1, 'admin', '研发部门', '/quiz/user', '127.0.0.1', '内网IP', '{\"nickname\":\"1\",\"params\":{},\"userId\":1,\"username\":\"1\"}', '{\"msg\":\"操作成功\",\"code\":200}', 0, NULL, '2024-10-18 00:40:50', 11);
INSERT INTO `sys_oper_log` VALUES (425, '代码生成', 2, 'com.ruoyi.generator.controller.GenController.synchDb()', 'GET', 1, 'admin', '研发部门', '/tool/gen/synchDb/daming_user', '127.0.0.1', '内网IP', '{}', '{\"msg\":\"操作成功\",\"code\":200}', 0, NULL, '2024-10-18 11:14:39', 51);
INSERT INTO `sys_oper_log` VALUES (426, '代码生成', 2, 'com.ruoyi.generator.controller.GenController.editSave()', 'PUT', 1, 'admin', '研发部门', '/tool/gen', '127.0.0.1', '内网IP', '{\"businessName\":\"user\",\"className\":\"DamingUser\",\"columns\":[{\"capJavaField\":\"UserId\",\"columnComment\":\"用户id\",\"columnId\":96,\"columnName\":\"user_id\",\"columnType\":\"int(11)\",\"createBy\":\"admin\",\"createTime\":\"2024-10-18 00:24:26\",\"dictType\":\"\",\"edit\":false,\"htmlType\":\"input\",\"increment\":true,\"insert\":true,\"isIncrement\":\"1\",\"isInsert\":\"1\",\"isPk\":\"1\",\"isRequired\":\"0\",\"javaField\":\"userId\",\"javaType\":\"Long\",\"list\":false,\"params\":{},\"pk\":true,\"query\":false,\"queryType\":\"EQ\",\"required\":false,\"sort\":1,\"superColumn\":false,\"tableId\":12,\"updateBy\":\"\",\"updateTime\":\"2024-10-18 11:14:39\",\"usableColumn\":false},{\"capJavaField\":\"UserName\",\"columnComment\":\"用户名\",\"columnId\":100,\"columnName\":\"user_name\",\"columnType\":\"varchar(255)\",\"createBy\":\"\",\"createTime\":\"2024-10-18 11:14:39\",\"dictType\":\"\",\"edit\":true,\"htmlType\":\"input\",\"increment\":false,\"insert\":true,\"isEdit\":\"1\",\"isIncrement\":\"0\",\"isInsert\":\"1\",\"isList\":\"1\",\"isPk\":\"0\",\"isQuery\":\"1\",\"isRequired\":\"1\",\"javaField\":\"userName\",\"javaType\":\"String\",\"list\":true,\"params\":{},\"pk\":false,\"query\":true,\"queryType\":\"LIKE\",\"required\":true,\"sort\":2,\"superColumn\":false,\"tableId\":12,\"updateBy\":\"\",\"usableColumn\":false},{\"capJavaField\":\"Password\",\"columnComment\":\"用户密码\",\"columnId\":98,\"columnName\":\"password\",\"columnType\":\"varchar(255)\",\"createBy\":\"admin\",\"createTime\":\"2024-10-18 00:24:26\",\"dictType\":\"\",\"edit\":true,\"htmlType\":\"input\",\"increment\":false,\"insert\":true,\"isEdit\":\"1\",\"isIncrement\":\"0\",\"isInsert\":\"1\",\"isList\":\"1\",\"isPk\":\"0\",\"isQuery\":\"1\",\"isRequired\":\"0\",\"javaField\":\"password\",\"javaType\":\"String\",\"list\":true,\"params\":{},\"pk\":false,\"query\":true,\"queryType\":\"EQ\",\"required\":false,\"sort\":3,\"superColumn\":false,\"tableId\":12,\"updateBy\":\"\",\"updateTime\":\"2024-10-18 11:14:39\",\"usableColumn\":false},{\"capJavaField\":\"NickName\",\"columnComment\":\"用户昵称\",\"columnId\":101,\"columnName\":\"nick_name\",\"columnType\":\"varchar(255)\",\"createBy\":\"\",\"createTime\":\"2024-10-18 11:14:39\",\"dictType\":\"\",\"edit\":true,\"htmlType\":\"input\",\"increment\":false,\"insert\":true,\"isEdit\":\"1\",\"isIncrement\":\"', '{\"msg\":\"操作成功\",\"code\":200}', 0, NULL, '2024-10-18 11:14:52', 20);
INSERT INTO `sys_oper_log` VALUES (427, '代码生成', 2, 'com.ruoyi.generator.controller.GenController.synchDb()', 'GET', 1, 'admin', '研发部门', '/tool/gen/synchDb/daming_user', '127.0.0.1', '内网IP', '{}', '{\"msg\":\"操作成功\",\"code\":200}', 0, NULL, '2024-10-18 11:15:16', 25);
INSERT INTO `sys_oper_log` VALUES (428, '题目表', 1, 'com.ruoyi.web.controller.quiz.admin.DamingQuestionController.add()', 'POST', 1, 'admin', '研发部门', '/quiz/question', '127.0.0.1', '内网IP', '{\"analysis\":\"23423\",\"correct\":\"C\",\"correctArray\":[],\"items\":[{\"content\":\"2\",\"prefix\":\"A\"},{\"content\":\"2\",\"prefix\":\"B\"},{\"content\":\"2\",\"prefix\":\"C\"},{\"content\":\"32\",\"prefix\":\"D\"},{\"content\":\"45345\",\"prefix\":\"F\"}],\"questionTitle\":\"234234\",\"questionType\":1,\"score\":49,\"subjectId\":1}', '{\"msg\":\"操作成功\",\"code\":200}', 0, NULL, '2024-10-18 16:17:24', 61);
INSERT INTO `sys_oper_log` VALUES (429, '代码生成', 2, 'com.ruoyi.generator.controller.GenController.synchDb()', 'GET', 1, 'admin', '研发部门', '/tool/gen/synchDb/daming_paper', '127.0.0.1', '内网IP', '{}', '{\"msg\":\"操作成功\",\"code\":200}', 0, NULL, '2024-10-18 16:44:22', 89);
INSERT INTO `sys_oper_log` VALUES (430, '代码生成', 2, 'com.ruoyi.generator.controller.GenController.synchDb()', 'GET', 1, 'admin', '研发部门', '/tool/gen/synchDb/daming_paper', '127.0.0.1', '内网IP', '{}', '{\"msg\":\"操作成功\",\"code\":200}', 0, NULL, '2024-10-18 16:48:48', 53);
INSERT INTO `sys_oper_log` VALUES (431, '试卷', 2, 'com.ruoyi.web.controller.quiz.admin.DamingPaperController.edit()', 'PUT', 1, 'admin', '研发部门', '/quiz/paper', '127.0.0.1', '内网IP', '{\"paperId\":70,\"paperName\":\"测试\",\"paperQuestionTypeDto\":[{\"name\":\"单选题\",\"questionDtos\":[{\"analysis\":\"测试\",\"correct\":\"A\",\"id\":54,\"itemOrder\":0,\"items\":[{\"content\":\"2\",\"prefix\":\"A\"},{\"content\":\"1\",\"prefix\":\"B\"},{\"content\":\"3\",\"prefix\":\"C\"},{\"content\":\"4\",\"prefix\":\"D\"}],\"questionTitle\":\"1+1=?\",\"questionType\":1,\"score\":54,\"subjectId\":1}]},{\"name\":\"多选题\",\"questionDtos\":[{\"analysis\":\"1111\",\"correctArray\":[\"A\",\"B\"],\"id\":53,\"itemOrder\":1,\"items\":[{\"content\":\"1\",\"prefix\":\"A\"},{\"content\":\"1\",\"prefix\":\"B\"},{\"content\":\"1\",\"prefix\":\"C\"},{\"content\":\"1\",\"prefix\":\"D\"},{\"content\":\"1\",\"prefix\":\"E\"}],\"questionTitle\":\"123\",\"questionType\":2,\"score\":54,\"subjectId\":1}]}],\"score\":108,\"subjectId\":1,\"suggestTime\":1}', '{\"msg\":\"操作成功\",\"code\":200}', 0, NULL, '2024-10-18 16:58:17', 61);
INSERT INTO `sys_oper_log` VALUES (432, '试卷', 1, 'com.ruoyi.web.controller.quiz.admin.DamingPaperController.add()', 'POST', 1, 'admin', '研发部门', '/quiz/paper', '127.0.0.1', '内网IP', '{\"paperName\":\"1\",\"paperQuestionTypeDto\":[],\"subjectId\":1,\"suggestTime\":2}', NULL, 1, '\r\n### Error querying database.  Cause: java.sql.SQLSyntaxErrorException: You have an error in your SQL syntax; check the manual that corresponds to your MySQL server version for the right syntax to use near \'\' at line 3\r\n### The error may exist in file [E:\\区块链比赛\\区块链赛前B站笔记++++\\Spring系列\\个人项目实战\\刷题项目\\后台\\daming-admin\\dm_questionBank\\target\\classes\\mapper\\quiz\\DamingQuestionMapper.xml]\r\n### The error may involve defaultParameterMap\r\n### The error occurred while setting parameters\r\n### SQL: select id, question_type, question_info_id, correct, score, del_flag, subject_id, create_time, update_time from daming_question               WHERE id IN\r\n### Cause: java.sql.SQLSyntaxErrorException: You have an error in your SQL syntax; check the manual that corresponds to your MySQL server version for the right syntax to use near \'\' at line 3\n; bad SQL grammar []; nested exception is java.sql.SQLSyntaxErrorException: You have an error in your SQL syntax; check the manual that corresponds to your MySQL server version for the right syntax to use near \'\' at line 3', '2024-10-18 17:00:49', 38044);
INSERT INTO `sys_oper_log` VALUES (433, '试卷', 1, 'com.ruoyi.web.controller.quiz.admin.DamingPaperController.add()', 'POST', 1, 'admin', '研发部门', '/quiz/paper', '127.0.0.1', '内网IP', '{\"paperName\":\"1\",\"paperQuestionTypeDto\":[],\"paperType\":1,\"subjectId\":1,\"suggestTime\":2}', NULL, 1, '\r\n### Error querying database.  Cause: java.sql.SQLSyntaxErrorException: You have an error in your SQL syntax; check the manual that corresponds to your MySQL server version for the right syntax to use near \'\' at line 3\r\n### The error may exist in file [E:\\区块链比赛\\区块链赛前B站笔记++++\\Spring系列\\个人项目实战\\刷题项目\\后台\\daming-admin\\dm_questionBank\\target\\classes\\mapper\\quiz\\DamingQuestionMapper.xml]\r\n### The error may involve defaultParameterMap\r\n### The error occurred while setting parameters\r\n### SQL: select id, question_type, question_info_id, correct, score, del_flag, subject_id, create_time, update_time from daming_question               WHERE id IN\r\n### Cause: java.sql.SQLSyntaxErrorException: You have an error in your SQL syntax; check the manual that corresponds to your MySQL server version for the right syntax to use near \'\' at line 3\n; bad SQL grammar []; nested exception is java.sql.SQLSyntaxErrorException: You have an error in your SQL syntax; check the manual that corresponds to your MySQL server version for the right syntax to use near \'\' at line 3', '2024-10-18 17:02:25', 6893);
INSERT INTO `sys_oper_log` VALUES (434, '字典类型', 1, 'com.ruoyi.web.controller.system.SysDictTypeController.add()', 'POST', 1, 'admin', '研发部门', '/system/dict/type', '127.0.0.1', '内网IP', '{\"createBy\":\"admin\",\"dictName\":\"试卷类型\",\"dictType\":\"paper_type\",\"params\":{},\"remark\":\"试卷类型\",\"status\":\"0\"}', '{\"msg\":\"操作成功\",\"code\":200}', 0, NULL, '2024-10-18 17:03:11', 4);
INSERT INTO `sys_oper_log` VALUES (435, '字典数据', 1, 'com.ruoyi.web.controller.system.SysDictDataController.add()', 'POST', 1, 'admin', '研发部门', '/system/dict/data', '127.0.0.1', '内网IP', '{\"createBy\":\"admin\",\"default\":false,\"dictLabel\":\"真题\",\"dictSort\":0,\"dictType\":\"paper_type\",\"dictValue\":\"1\",\"listClass\":\"success\",\"params\":{},\"status\":\"0\"}', '{\"msg\":\"操作成功\",\"code\":200}', 0, NULL, '2024-10-18 17:03:33', 11);
INSERT INTO `sys_oper_log` VALUES (436, '字典数据', 1, 'com.ruoyi.web.controller.system.SysDictDataController.add()', 'POST', 1, 'admin', '研发部门', '/system/dict/data', '127.0.0.1', '内网IP', '{\"createBy\":\"admin\",\"default\":false,\"dictLabel\":\"模拟题\",\"dictSort\":0,\"dictType\":\"paper_type\",\"dictValue\":\"2\",\"listClass\":\"primary\",\"params\":{},\"status\":\"0\"}', '{\"msg\":\"操作成功\",\"code\":200}', 0, NULL, '2024-10-18 17:03:50', 9);
INSERT INTO `sys_oper_log` VALUES (437, '字典数据', 2, 'com.ruoyi.web.controller.system.SysDictDataController.edit()', 'PUT', 1, 'admin', '研发部门', '/system/dict/data', '127.0.0.1', '内网IP', '{\"createBy\":\"admin\",\"createTime\":\"2024-10-18 17:03:33\",\"default\":false,\"dictCode\":108,\"dictLabel\":\"真题\",\"dictSort\":0,\"dictType\":\"paper_type\",\"dictValue\":\"1\",\"isDefault\":\"N\",\"listClass\":\"danger\",\"params\":{},\"status\":\"0\",\"updateBy\":\"admin\"}', '{\"msg\":\"操作成功\",\"code\":200}', 0, NULL, '2024-10-18 17:03:55', 13);
INSERT INTO `sys_oper_log` VALUES (438, '代码生成', 2, 'com.ruoyi.generator.controller.GenController.editSave()', 'PUT', 1, 'admin', '研发部门', '/tool/gen', '127.0.0.1', '内网IP', '{\"businessName\":\"paper\",\"className\":\"DamingPaper\",\"columns\":[{\"capJavaField\":\"PaperId\",\"columnComment\":\"\",\"columnId\":5,\"columnName\":\"paper_id\",\"columnType\":\"int(11)\",\"createBy\":\"admin\",\"createTime\":\"2024-10-08 18:22:36\",\"dictType\":\"\",\"edit\":false,\"htmlType\":\"input\",\"increment\":true,\"insert\":true,\"isIncrement\":\"1\",\"isInsert\":\"1\",\"isPk\":\"1\",\"isRequired\":\"0\",\"javaField\":\"paperId\",\"javaType\":\"Long\",\"list\":false,\"params\":{},\"pk\":true,\"query\":false,\"queryType\":\"EQ\",\"required\":false,\"sort\":1,\"superColumn\":false,\"tableId\":2,\"updateBy\":\"\",\"updateTime\":\"2024-10-18 16:48:48\",\"usableColumn\":false},{\"capJavaField\":\"PaperName\",\"columnComment\":\"\",\"columnId\":6,\"columnName\":\"paper_name\",\"columnType\":\"varchar(255)\",\"createBy\":\"admin\",\"createTime\":\"2024-10-08 18:22:36\",\"dictType\":\"\",\"edit\":true,\"htmlType\":\"input\",\"increment\":false,\"insert\":true,\"isEdit\":\"1\",\"isIncrement\":\"0\",\"isInsert\":\"1\",\"isList\":\"1\",\"isPk\":\"0\",\"isQuery\":\"1\",\"isRequired\":\"1\",\"javaField\":\"paperName\",\"javaType\":\"String\",\"list\":true,\"params\":{},\"pk\":false,\"query\":true,\"queryType\":\"LIKE\",\"required\":true,\"sort\":2,\"superColumn\":false,\"tableId\":2,\"updateBy\":\"\",\"updateTime\":\"2024-10-18 16:48:48\",\"usableColumn\":false},{\"capJavaField\":\"SubjectId\",\"columnComment\":\"\",\"columnId\":7,\"columnName\":\"subject_id\",\"columnType\":\"int(11)\",\"createBy\":\"admin\",\"createTime\":\"2024-10-08 18:22:36\",\"dictType\":\"\",\"edit\":true,\"htmlType\":\"input\",\"increment\":false,\"insert\":true,\"isEdit\":\"1\",\"isIncrement\":\"0\",\"isInsert\":\"1\",\"isList\":\"1\",\"isPk\":\"0\",\"isQuery\":\"1\",\"isRequired\":\"1\",\"javaField\":\"subjectId\",\"javaType\":\"Long\",\"list\":true,\"params\":{},\"pk\":false,\"query\":true,\"queryType\":\"EQ\",\"required\":true,\"sort\":3,\"superColumn\":false,\"tableId\":2,\"updateBy\":\"\",\"updateTime\":\"2024-10-18 16:48:48\",\"usableColumn\":false},{\"capJavaField\":\"Score\",\"columnComment\":\"\",\"columnId\":8,\"columnName\":\"score\",\"columnType\":\"int(11)\",\"createBy\":\"admin\",\"createTime\":\"2024-10-08 18:22:36\",\"dictType\":\"\",\"edit\":true,\"htmlType\":\"input\",\"increment\":false,\"insert\":true,\"isEdit\":\"1\",\"i', '{\"msg\":\"操作成功\",\"code\":200}', 0, NULL, '2024-10-18 17:04:43', 15);
INSERT INTO `sys_oper_log` VALUES (439, '试卷', 1, 'com.ruoyi.web.controller.quiz.admin.DamingPaperController.add()', 'POST', 1, 'admin', '研发部门', '/quiz/paper', '127.0.0.1', '内网IP', '{\"paperName\":\"123\",\"paperQuestionTypeDto\":[{\"name\":\"213\",\"questionDtos\":[{\"analysis\":\"1\",\"correct\":\"A\",\"id\":52,\"items\":[{\"content\":\"1\",\"prefix\":\"A\"},{\"content\":\"1\",\"prefix\":\"B\"},{\"content\":\"1\",\"prefix\":\"C\"},{\"content\":\"1\",\"prefix\":\"D\"}],\"questionTitle\":\"111\",\"questionType\":1,\"score\":54,\"subjectId\":1},{\"analysis\":\"23423\",\"correct\":\"C\",\"id\":56,\"items\":[{\"content\":\"2\",\"prefix\":\"A\"},{\"content\":\"2\",\"prefix\":\"B\"},{\"content\":\"2\",\"prefix\":\"C\"},{\"content\":\"32\",\"prefix\":\"D\"},{\"content\":\"45345\",\"prefix\":\"F\"}],\"questionTitle\":\"234234\",\"questionType\":1,\"score\":49,\"subjectId\":1},{\"analysis\":\"1234\",\"correctArray\":[\"A\",\"B\",\"C\"],\"id\":55,\"items\":[{\"content\":\"1\",\"prefix\":\"A\"},{\"content\":\"2\",\"prefix\":\"B\"},{\"content\":\"3\",\"prefix\":\"C\"},{\"content\":\"4\",\"prefix\":\"D\"},{\"content\":\"5\",\"prefix\":\"E\"}],\"questionTitle\":\"多选题\",\"questionType\":2,\"score\":54,\"subjectId\":1},{\"analysis\":\"测试\",\"correct\":\"A\",\"id\":54,\"items\":[{\"content\":\"2\",\"prefix\":\"A\"},{\"content\":\"1\",\"prefix\":\"B\"},{\"content\":\"3\",\"prefix\":\"C\"},{\"content\":\"4\",\"prefix\":\"D\"}],\"questionTitle\":\"1+1=?\",\"questionType\":1,\"score\":54,\"subjectId\":1},{\"analysis\":\"1111\",\"correctArray\":[\"A\",\"B\"],\"id\":53,\"items\":[{\"content\":\"1\",\"prefix\":\"A\"},{\"content\":\"1\",\"prefix\":\"B\"},{\"content\":\"1\",\"prefix\":\"C\"},{\"content\":\"1\",\"prefix\":\"D\"},{\"content\":\"1\",\"prefix\":\"E\"}],\"questionTitle\":\"123\",\"questionType\":2,\"score\":54,\"subjectId\":1}]}],\"paperType\":1,\"subjectId\":1,\"suggestTime\":1}', '{\"msg\":\"操作成功\",\"code\":200,\"data\":{\"paperId\":73,\"paperName\":\"123\",\"paperQuestionTypeDto\":[{\"name\":\"213\",\"questionDtos\":[{\"analysis\":\"1\",\"correct\":\"A\",\"id\":52,\"itemOrder\":0,\"items\":[{\"content\":\"1\",\"prefix\":\"A\"},{\"content\":\"1\",\"prefix\":\"B\"},{\"content\":\"1\",\"prefix\":\"C\"},{\"content\":\"1\",\"prefix\":\"D\"}],\"questionTitle\":\"111\",\"questionType\":1,\"score\":54,\"subjectId\":1},{\"analysis\":\"23423\",\"correct\":\"C\",\"id\":56,\"itemOrder\":1,\"items\":[{\"content\":\"2\",\"prefix\":\"A\"},{\"content\":\"2\",\"prefix\":\"B\"},{\"content\":\"2\",\"prefix\":\"C\"},{\"content\":\"32\",\"prefix\":\"D\"},{\"content\":\"45345\",\"prefix\":\"F\"}],\"questionTitle\":\"234234\",\"questionType\":1,\"score\":49,\"subjectId\":1},{\"analysis\":\"1234\",\"correctArray\":[\"A\",\"B\",\"C\"],\"id\":55,\"itemOrder\":2,\"items\":[{\"content\":\"1\",\"prefix\":\"A\"},{\"content\":\"2\",\"prefix\":\"B\"},{\"content\":\"3\",\"prefix\":\"C\"},{\"content\":\"4\",\"prefix\":\"D\"},{\"content\":\"5\",\"prefix\":\"E\"}],\"questionTitle\":\"多选题\",\"questionType\":2,\"score\":54,\"subjectId\":1},{\"analysis\":\"测试\",\"correct\":\"A\",\"id\":54,\"itemOrder\":3,\"items\":[{\"content\":\"2\",\"prefix\":\"A\"},{\"content\":\"1\",\"prefix\":\"B\"},{\"content\":\"3\",\"prefix\":\"C\"},{\"content\":\"4\",\"prefix\":\"D\"}],\"questionTitle\":\"1+1=?\",\"questionType\":1,\"score\":54,\"subjectId\":1},{\"analysis\":\"1111\",\"correctArray\":[\"A\",\"B\"],\"id\":53,\"itemOrder\":4,\"items\":[{\"content\":\"1\",\"prefix\":\"A\"},{\"content\":\"1\",\"prefix\":\"B\"},{\"content\":\"1\",\"prefix\":\"C\"},{\"content\":\"1\",\"prefix\":\"D\"},{\"content\":\"1\",\"prefix\":\"E\"}],\"questionTitle\":\"123\",\"questionType\":2,\"score\":54,\"subjectId\":1}]}],\"paperType\":1,\"score\":265,\"subjectId\":1,\"suggestTime\":1}}', 0, NULL, '2024-10-18 17:23:41', 49);
INSERT INTO `sys_oper_log` VALUES (440, '个人信息', 2, 'com.ruoyi.web.controller.system.SysProfileController.updatePwd()', 'PUT', 1, 'admin', '研发部门', '/system/user/profile/updatePwd', '127.0.0.1', '内网IP', '{}', '{\"msg\":\"修改密码失败，旧密码错误\",\"code\":500}', 0, NULL, '2024-10-18 18:42:51', 140);
INSERT INTO `sys_oper_log` VALUES (441, '个人信息', 2, 'com.ruoyi.web.controller.system.SysProfileController.updatePwd()', 'PUT', 1, 'admin', '研发部门', '/system/user/profile/updatePwd', '127.0.0.1', '内网IP', '{}', '{\"msg\":\"修改密码失败，旧密码错误\",\"code\":500}', 0, NULL, '2024-10-18 18:42:51', 140);
INSERT INTO `sys_oper_log` VALUES (442, '个人信息', 2, 'com.ruoyi.web.controller.system.SysProfileController.updatePwd()', 'PUT', 1, 'admin', '研发部门', '/system/user/profile/updatePwd', '127.0.0.1', '内网IP', '{}', '{\"msg\":\"修改密码失败，旧密码错误\",\"code\":500}', 0, NULL, '2024-10-18 18:43:07', 78);
INSERT INTO `sys_oper_log` VALUES (443, '用户头像', 2, 'com.ruoyi.web.controller.system.SysProfileController.avatar()', 'POST', 1, 'admin', '研发部门', '/system/user/profile/avatar', '127.0.0.1', '内网IP', '', '{\"msg\":\"操作成功\",\"imgUrl\":\"/profile/avatar/2024/10/18/aurora_20241018205555A001.jpg\",\"code\":200}', 0, NULL, '2024-10-18 20:55:55', 844216);
INSERT INTO `sys_oper_log` VALUES (444, '用户头像', 2, 'com.ruoyi.web.controller.system.SysProfileController.avatar()', 'POST', 1, 'admin', '研发部门', '/system/user/profile/avatar', '127.0.0.1', '内网IP', '', '{\"msg\":\"操作成功\",\"imgUrl\":\"/profile/avatar/2024/10/18/barn_20241018221548A001.jpg\",\"code\":200}', 0, NULL, '2024-10-18 22:16:09', 147784);
INSERT INTO `sys_oper_log` VALUES (445, '题目表', 1, 'com.ruoyi.web.controller.quiz.admin.DamingQuestionController.add()', 'POST', 1, 'admin', '研发部门', '/quiz/question', '127.0.0.1', '内网IP', '{\"analysis\":\"无\",\"correct\":\"A\",\"correctArray\":[],\"items\":[{\"content\":\"2\",\"prefix\":\"A\"},{\"content\":\"1\",\"prefix\":\"B\"},{\"content\":\"4\",\"prefix\":\"C\"},{\"content\":\"3\",\"prefix\":\"D\"},{\"content\":\"5\",\"prefix\":\"E\"}],\"questionTitle\":\"1+1=？\",\"questionType\":1,\"score\":1,\"subjectId\":1}', '{\"msg\":\"操作成功\",\"code\":200}', 0, NULL, '2024-10-18 23:14:25', 65);
INSERT INTO `sys_oper_log` VALUES (446, '题目表', 1, 'com.ruoyi.web.controller.quiz.admin.DamingQuestionController.add()', 'POST', 1, 'admin', '研发部门', '/quiz/question', '127.0.0.1', '内网IP', '{\"analysis\":\"无\",\"correct\":\"\",\"correctArray\":[\"A\",\"B\",\"C\"],\"items\":[{\"content\":\"1\",\"prefix\":\"A\"},{\"content\":\"1\",\"prefix\":\"B\"},{\"content\":\"1\",\"prefix\":\"C\"},{\"content\":\"1\",\"prefix\":\"D\"},{\"content\":\"1\",\"prefix\":\"E\"},{\"content\":\"1\",\"prefix\":\"F\"}],\"questionTitle\":\"选ABC\",\"questionType\":2,\"score\":3,\"subjectId\":1}', '{\"msg\":\"操作成功\",\"code\":200}', 0, NULL, '2024-10-18 23:14:54', 9);
INSERT INTO `sys_oper_log` VALUES (447, '试卷', 1, 'com.ruoyi.web.controller.quiz.admin.DamingPaperController.add()', 'POST', 1, 'admin', '研发部门', '/quiz/paper', '127.0.0.1', '内网IP', '{\"paperName\":\"测试\",\"paperQuestionTypeDto\":[{\"name\":\"单选题\",\"questionDtos\":[{\"analysis\":\"无\",\"correct\":\"A\",\"id\":57,\"items\":[{\"content\":\"2\",\"prefix\":\"A\"},{\"content\":\"1\",\"prefix\":\"B\"},{\"content\":\"4\",\"prefix\":\"C\"},{\"content\":\"3\",\"prefix\":\"D\"},{\"content\":\"5\",\"prefix\":\"E\"}],\"questionTitle\":\"1+1=？\",\"questionType\":1,\"score\":1,\"subjectId\":1},{\"analysis\":\"测试\",\"correct\":\"A\",\"id\":54,\"items\":[{\"content\":\"2\",\"prefix\":\"A\"},{\"content\":\"1\",\"prefix\":\"B\"},{\"content\":\"3\",\"prefix\":\"C\"},{\"content\":\"4\",\"prefix\":\"D\"}],\"questionTitle\":\"1+1=?\",\"questionType\":1,\"score\":54,\"subjectId\":1},{\"analysis\":\"23423\",\"correct\":\"C\",\"id\":56,\"items\":[{\"content\":\"2\",\"prefix\":\"A\"},{\"content\":\"2\",\"prefix\":\"B\"},{\"content\":\"2\",\"prefix\":\"C\"},{\"content\":\"32\",\"prefix\":\"D\"},{\"content\":\"45345\",\"prefix\":\"F\"}],\"questionTitle\":\"234234\",\"questionType\":1,\"score\":49,\"subjectId\":1},{\"analysis\":\"1\",\"correct\":\"A\",\"id\":52,\"items\":[{\"content\":\"1\",\"prefix\":\"A\"},{\"content\":\"1\",\"prefix\":\"B\"},{\"content\":\"1\",\"prefix\":\"C\"},{\"content\":\"1\",\"prefix\":\"D\"}],\"questionTitle\":\"111\",\"questionType\":1,\"score\":54,\"subjectId\":1}]},{\"name\":\"多选题\",\"questionDtos\":[{\"analysis\":\"1234\",\"correctArray\":[\"A\",\"B\",\"C\"],\"id\":55,\"items\":[{\"content\":\"1\",\"prefix\":\"A\"},{\"content\":\"2\",\"prefix\":\"B\"},{\"content\":\"3\",\"prefix\":\"C\"},{\"content\":\"4\",\"prefix\":\"D\"},{\"content\":\"5\",\"prefix\":\"E\"}],\"questionTitle\":\"多选题\",\"questionType\":2,\"score\":54,\"subjectId\":1},{\"analysis\":\"1111\",\"correctArray\":[\"A\",\"B\"],\"id\":53,\"items\":[{\"content\":\"1\",\"prefix\":\"A\"},{\"content\":\"1\",\"prefix\":\"B\"},{\"content\":\"1\",\"prefix\":\"C\"},{\"content\":\"1\",\"prefix\":\"D\"},{\"content\":\"1\",\"prefix\":\"E\"}],\"questionTitle\":\"123\",\"questionType\":2,\"score\":54,\"subjectId\":1},{\"analysis\":\"无\",\"correctArray\":[\"A\",\"B\",\"C\"],\"id\":58,\"items\":[{\"content\":\"1\",\"prefix\":\"A\"},{\"content\":\"1\",\"prefix\":\"B\"},{\"content\":\"1\",\"prefix\":\"C\"},{\"content\":\"1\",\"prefix\":\"D\"},{\"content\":\"1\",\"prefix\":\"E\"},{\"content\":\"1\",\"prefix\":\"F\"}],\"questionTitle\":\"选ABC\",\"questionType\":2,\"score\":3,\"subjectId\":1},{\"analysis\":\"1111\",\"correctArray\":[\"A\",\"B\"],\"id\":53,\"ite', '{\"msg\":\"操作成功\",\"code\":200,\"data\":{\"paperId\":74,\"paperName\":\"测试\",\"paperQuestionTypeDto\":[{\"name\":\"单选题\",\"questionDtos\":[{\"analysis\":\"无\",\"correct\":\"A\",\"id\":57,\"itemOrder\":0,\"items\":[{\"content\":\"2\",\"prefix\":\"A\"},{\"content\":\"1\",\"prefix\":\"B\"},{\"content\":\"4\",\"prefix\":\"C\"},{\"content\":\"3\",\"prefix\":\"D\"},{\"content\":\"5\",\"prefix\":\"E\"}],\"questionTitle\":\"1+1=？\",\"questionType\":1,\"score\":1,\"subjectId\":1},{\"analysis\":\"测试\",\"correct\":\"A\",\"id\":54,\"itemOrder\":1,\"items\":[{\"content\":\"2\",\"prefix\":\"A\"},{\"content\":\"1\",\"prefix\":\"B\"},{\"content\":\"3\",\"prefix\":\"C\"},{\"content\":\"4\",\"prefix\":\"D\"}],\"questionTitle\":\"1+1=?\",\"questionType\":1,\"score\":54,\"subjectId\":1},{\"analysis\":\"23423\",\"correct\":\"C\",\"id\":56,\"itemOrder\":2,\"items\":[{\"content\":\"2\",\"prefix\":\"A\"},{\"content\":\"2\",\"prefix\":\"B\"},{\"content\":\"2\",\"prefix\":\"C\"},{\"content\":\"32\",\"prefix\":\"D\"},{\"content\":\"45345\",\"prefix\":\"F\"}],\"questionTitle\":\"234234\",\"questionType\":1,\"score\":49,\"subjectId\":1},{\"analysis\":\"1\",\"correct\":\"A\",\"id\":52,\"itemOrder\":3,\"items\":[{\"content\":\"1\",\"prefix\":\"A\"},{\"content\":\"1\",\"prefix\":\"B\"},{\"content\":\"1\",\"prefix\":\"C\"},{\"content\":\"1\",\"prefix\":\"D\"}],\"questionTitle\":\"111\",\"questionType\":1,\"score\":54,\"subjectId\":1}]},{\"name\":\"多选题\",\"questionDtos\":[{\"analysis\":\"1234\",\"correctArray\":[\"A\",\"B\",\"C\"],\"id\":55,\"itemOrder\":4,\"items\":[{\"content\":\"1\",\"prefix\":\"A\"},{\"content\":\"2\",\"prefix\":\"B\"},{\"content\":\"3\",\"prefix\":\"C\"},{\"content\":\"4\",\"prefix\":\"D\"},{\"content\":\"5\",\"prefix\":\"E\"}],\"questionTitle\":\"多选题\",\"questionType\":2,\"score\":54,\"subjectId\":1},{\"analysis\":\"1111\",\"correctArray\":[\"A\",\"B\"],\"id\":53,\"itemOrder\":5,\"items\":[{\"content\":\"1\",\"prefix\":\"A\"},{\"content\":\"1\",\"prefix\":\"B\"},{\"content\":\"1\",\"prefix\":\"C\"},{\"content\":\"1\",\"prefix\":\"D\"},{\"content\":\"1\",\"prefix\":\"E\"}],\"questionTitle\":\"123\",\"questionType\":2,\"score\":54,\"subjectId\":1},{\"analysis\":\"无\",\"correctArray\":[\"A\",\"B\",\"C\"],\"id\":58,\"itemOrder\":6,\"items\":[{\"content\":\"1\",\"prefix\":\"A\"},{\"content\":\"1\",\"prefix\":\"B\"},{\"content\":\"1\",\"prefix\":\"C\"},{\"content\":\"1\",\"prefix\":\"D\"},{\"content\":\"1\",\"prefix\":\"E\"},{\"conten', 0, NULL, '2024-10-18 23:15:42', 73);
INSERT INTO `sys_oper_log` VALUES (448, '题目表', 1, 'com.ruoyi.web.controller.quiz.admin.DamingQuestionController.add()', 'POST', 1, 'admin', '研发部门', '/quiz/question', '127.0.0.1', '内网IP', '{\"analysis\":\"测试\",\"correct\":\"A\",\"correctArray\":[],\"items\":[{\"content\":\"2\",\"prefix\":\"A\"},{\"content\":\"3\",\"prefix\":\"B\"},{\"content\":\"4\",\"prefix\":\"C\"},{\"content\":\"5\",\"prefix\":\"D\"},{\"content\":\"6\",\"prefix\":\"E\"},{\"content\":\"7\",\"prefix\":\"F\"}],\"questionTitle\":\"1+1\",\"questionType\":1,\"score\":1,\"subjectId\":1}', '{\"msg\":\"操作成功\",\"code\":200}', 0, NULL, '2024-10-18 23:23:57', 30);
INSERT INTO `sys_oper_log` VALUES (449, '题目表', 1, 'com.ruoyi.web.controller.quiz.admin.DamingQuestionController.add()', 'POST', 1, 'admin', '研发部门', '/quiz/question', '127.0.0.1', '内网IP', '{\"analysis\":\"测试\",\"correct\":\"A\",\"correctArray\":[],\"items\":[{\"content\":\"2\",\"prefix\":\"A\"},{\"content\":\"1\",\"prefix\":\"B\"},{\"content\":\"1\",\"prefix\":\"C\"},{\"content\":\"1\",\"prefix\":\"D\"},{\"content\":\"1\",\"prefix\":\"E\"}],\"questionTitle\":\"1+1=？\",\"questionType\":1,\"score\":54,\"subjectId\":1}', '{\"msg\":\"操作成功\",\"code\":200}', 0, NULL, '2024-10-18 23:24:55', 8);
INSERT INTO `sys_oper_log` VALUES (450, '题目表', 1, 'com.ruoyi.web.controller.quiz.admin.DamingQuestionController.add()', 'POST', 1, 'admin', '研发部门', '/quiz/question', '127.0.0.1', '内网IP', '{\"analysis\":\"测试\",\"correct\":\"\",\"correctArray\":[\"A\",\"B\"],\"items\":[{\"content\":\"1\",\"prefix\":\"A\"},{\"content\":\"1\",\"prefix\":\"B\"},{\"content\":\"1\",\"prefix\":\"C\"},{\"content\":\"1\",\"prefix\":\"D\"},{\"content\":\"2341234\",\"prefix\":\"E\"}],\"questionTitle\":\"选ab\",\"questionType\":2,\"score\":54,\"subjectId\":1}', '{\"msg\":\"操作成功\",\"code\":200}', 0, NULL, '2024-10-18 23:25:12', 14);
INSERT INTO `sys_oper_log` VALUES (451, '试卷', 1, 'com.ruoyi.web.controller.quiz.admin.DamingPaperController.add()', 'POST', 1, 'admin', '研发部门', '/quiz/paper', '127.0.0.1', '内网IP', '{\"paperName\":\"测试\",\"paperQuestionTypeDto\":[{\"name\":\"单选题\",\"questionDtos\":[{\"analysis\":\"1\",\"correct\":\"A\",\"id\":52,\"items\":[{\"content\":\"1\",\"prefix\":\"A\"},{\"content\":\"1\",\"prefix\":\"B\"},{\"content\":\"1\",\"prefix\":\"C\"},{\"content\":\"1\",\"prefix\":\"D\"}],\"questionTitle\":\"111\",\"questionType\":1,\"score\":54,\"subjectId\":1},{\"analysis\":\"测试\",\"correct\":\"A\",\"id\":54,\"items\":[{\"content\":\"2\",\"prefix\":\"A\"},{\"content\":\"1\",\"prefix\":\"B\"},{\"content\":\"3\",\"prefix\":\"C\"},{\"content\":\"4\",\"prefix\":\"D\"}],\"questionTitle\":\"1+1=?\",\"questionType\":1,\"score\":54,\"subjectId\":1},{\"analysis\":\"无\",\"correct\":\"A\",\"id\":57,\"items\":[{\"content\":\"2\",\"prefix\":\"A\"},{\"content\":\"1\",\"prefix\":\"B\"},{\"content\":\"4\",\"prefix\":\"C\"},{\"content\":\"3\",\"prefix\":\"D\"},{\"content\":\"5\",\"prefix\":\"E\"}],\"questionTitle\":\"1+1=？\",\"questionType\":1,\"score\":1,\"subjectId\":1},{\"analysis\":\"23423\",\"correct\":\"C\",\"id\":56,\"items\":[{\"content\":\"2\",\"prefix\":\"A\"},{\"content\":\"2\",\"prefix\":\"B\"},{\"content\":\"2\",\"prefix\":\"C\"},{\"content\":\"32\",\"prefix\":\"D\"},{\"content\":\"45345\",\"prefix\":\"F\"}],\"questionTitle\":\"234234\",\"questionType\":1,\"score\":49,\"subjectId\":1},{\"analysis\":\"测试\",\"correct\":\"A\",\"id\":59,\"items\":[{\"content\":\"2\",\"prefix\":\"A\"},{\"content\":\"3\",\"prefix\":\"B\"},{\"content\":\"4\",\"prefix\":\"C\"},{\"content\":\"5\",\"prefix\":\"D\"},{\"content\":\"6\",\"prefix\":\"E\"},{\"content\":\"7\",\"prefix\":\"F\"}],\"questionTitle\":\"1+1\",\"questionType\":1,\"score\":1,\"subjectId\":1}]},{\"name\":\"多选题\",\"questionDtos\":[{\"analysis\":\"测试\",\"correctArray\":[\"A\",\"B\"],\"id\":61,\"items\":[{\"content\":\"1\",\"prefix\":\"A\"},{\"content\":\"1\",\"prefix\":\"B\"},{\"content\":\"1\",\"prefix\":\"C\"},{\"content\":\"1\",\"prefix\":\"D\"},{\"content\":\"2341234\",\"prefix\":\"E\"}],\"questionTitle\":\"选ab\",\"questionType\":2,\"score\":54,\"subjectId\":1},{\"analysis\":\"1234\",\"correctArray\":[\"A\",\"B\",\"C\"],\"id\":55,\"items\":[{\"content\":\"1\",\"prefix\":\"A\"},{\"content\":\"2\",\"prefix\":\"B\"},{\"content\":\"3\",\"prefix\":\"C\"},{\"content\":\"4\",\"prefix\":\"D\"},{\"content\":\"5\",\"prefix\":\"E\"}],\"questionTitle\":\"多选题\",\"questionType\":2,\"score\":54,\"subjectId\":1},{\"analysis\":\"1111\",\"correctArray\":[\"A\",\"B\"],\"id\":53,\"items\":[{\"cont', '{\"msg\":\"操作成功\",\"code\":200,\"data\":{\"paperId\":75,\"paperName\":\"测试\",\"paperQuestionTypeDto\":[{\"name\":\"单选题\",\"questionDtos\":[{\"analysis\":\"1\",\"correct\":\"A\",\"id\":52,\"itemOrder\":0,\"items\":[{\"content\":\"1\",\"prefix\":\"A\"},{\"content\":\"1\",\"prefix\":\"B\"},{\"content\":\"1\",\"prefix\":\"C\"},{\"content\":\"1\",\"prefix\":\"D\"}],\"questionTitle\":\"111\",\"questionType\":1,\"score\":54,\"subjectId\":1},{\"analysis\":\"测试\",\"correct\":\"A\",\"id\":54,\"itemOrder\":1,\"items\":[{\"content\":\"2\",\"prefix\":\"A\"},{\"content\":\"1\",\"prefix\":\"B\"},{\"content\":\"3\",\"prefix\":\"C\"},{\"content\":\"4\",\"prefix\":\"D\"}],\"questionTitle\":\"1+1=?\",\"questionType\":1,\"score\":54,\"subjectId\":1},{\"analysis\":\"无\",\"correct\":\"A\",\"id\":57,\"itemOrder\":2,\"items\":[{\"content\":\"2\",\"prefix\":\"A\"},{\"content\":\"1\",\"prefix\":\"B\"},{\"content\":\"4\",\"prefix\":\"C\"},{\"content\":\"3\",\"prefix\":\"D\"},{\"content\":\"5\",\"prefix\":\"E\"}],\"questionTitle\":\"1+1=？\",\"questionType\":1,\"score\":1,\"subjectId\":1},{\"analysis\":\"23423\",\"correct\":\"C\",\"id\":56,\"itemOrder\":3,\"items\":[{\"content\":\"2\",\"prefix\":\"A\"},{\"content\":\"2\",\"prefix\":\"B\"},{\"content\":\"2\",\"prefix\":\"C\"},{\"content\":\"32\",\"prefix\":\"D\"},{\"content\":\"45345\",\"prefix\":\"F\"}],\"questionTitle\":\"234234\",\"questionType\":1,\"score\":49,\"subjectId\":1},{\"analysis\":\"测试\",\"correct\":\"A\",\"id\":59,\"itemOrder\":4,\"items\":[{\"content\":\"2\",\"prefix\":\"A\"},{\"content\":\"3\",\"prefix\":\"B\"},{\"content\":\"4\",\"prefix\":\"C\"},{\"content\":\"5\",\"prefix\":\"D\"},{\"content\":\"6\",\"prefix\":\"E\"},{\"content\":\"7\",\"prefix\":\"F\"}],\"questionTitle\":\"1+1\",\"questionType\":1,\"score\":1,\"subjectId\":1}]},{\"name\":\"多选题\",\"questionDtos\":[{\"analysis\":\"测试\",\"correctArray\":[\"A\",\"B\"],\"id\":61,\"itemOrder\":5,\"items\":[{\"content\":\"1\",\"prefix\":\"A\"},{\"content\":\"1\",\"prefix\":\"B\"},{\"content\":\"1\",\"prefix\":\"C\"},{\"content\":\"1\",\"prefix\":\"D\"},{\"content\":\"2341234\",\"prefix\":\"E\"}],\"questionTitle\":\"选ab\",\"questionType\":2,\"score\":54,\"subjectId\":1},{\"analysis\":\"1234\",\"correctArray\":[\"A\",\"B\",\"C\"],\"id\":55,\"itemOrder\":6,\"items\":[{\"content\":\"1\",\"prefix\":\"A\"},{\"content\":\"2\",\"prefix\":\"B\"},{\"content\":\"3\",\"prefix\":\"C\"},{\"content\":\"4\",\"prefix\":\"D\"},{\"content\":\"5\",\"pre', 0, NULL, '2024-10-18 23:26:10', 9009);
INSERT INTO `sys_oper_log` VALUES (452, '题目表', 1, 'com.ruoyi.web.controller.quiz.admin.DamingQuestionController.add()', 'POST', 1, 'admin', '研发部门', '/quiz/question', '127.0.0.1', '内网IP', '{\"analysis\":\"测试解析\",\"correct\":\"A\",\"correctArray\":[],\"items\":[{\"content\":\"2\",\"prefix\":\"A\"},{\"content\":\"3\",\"prefix\":\"B\"},{\"content\":\"4\",\"prefix\":\"C\"},{\"content\":\"5\",\"prefix\":\"D\"}],\"questionTitle\":\"1+1=？\",\"questionType\":1,\"score\":1,\"subjectId\":1}', '{\"msg\":\"操作成功\",\"code\":200}', 0, NULL, '2024-10-18 23:31:11', 9);
INSERT INTO `sys_oper_log` VALUES (453, '题目表', 1, 'com.ruoyi.web.controller.quiz.admin.DamingQuestionController.add()', 'POST', 1, 'admin', '研发部门', '/quiz/question', '127.0.0.1', '内网IP', '{\"analysis\":\"12342134\",\"correct\":\"\",\"correctArray\":[\"A\",\"C\",\"B\",\"F\",\"H\"],\"items\":[{\"content\":\"12\",\"prefix\":\"A\"},{\"content\":\"2\",\"prefix\":\"B\"},{\"content\":\"341\",\"prefix\":\"C\"},{\"content\":\"234\",\"prefix\":\"D\"},{\"content\":\"1\",\"prefix\":\"E\"},{\"content\":\"234\",\"prefix\":\"F\"},{\"content\":\"2314\",\"prefix\":\"G\"},{\"content\":\"1234\",\"prefix\":\"H\"}],\"questionTitle\":\"选ABC\",\"questionType\":2,\"score\":54,\"subjectId\":1}', '{\"msg\":\"操作成功\",\"code\":200}', 0, NULL, '2024-10-18 23:31:37', 9);
INSERT INTO `sys_oper_log` VALUES (454, '试卷', 1, 'com.ruoyi.web.controller.quiz.admin.DamingPaperController.add()', 'POST', 1, 'admin', '研发部门', '/quiz/paper', '127.0.0.1', '内网IP', '{\"paperName\":\"测试试卷\",\"paperQuestionTypeDto\":[{\"name\":\"单选题\",\"questionDtos\":[{\"analysis\":\"23423\",\"correct\":\"C\",\"id\":56,\"items\":[{\"content\":\"2\",\"prefix\":\"A\"},{\"content\":\"2\",\"prefix\":\"B\"},{\"content\":\"2\",\"prefix\":\"C\"},{\"content\":\"32\",\"prefix\":\"D\"},{\"content\":\"45345\",\"prefix\":\"F\"}],\"questionTitle\":\"234234\",\"questionType\":1,\"score\":49,\"subjectId\":1},{\"analysis\":\"无\",\"correct\":\"A\",\"id\":57,\"items\":[{\"content\":\"2\",\"prefix\":\"A\"},{\"content\":\"1\",\"prefix\":\"B\"},{\"content\":\"4\",\"prefix\":\"C\"},{\"content\":\"3\",\"prefix\":\"D\"},{\"content\":\"5\",\"prefix\":\"E\"}],\"questionTitle\":\"1+1=？\",\"questionType\":1,\"score\":1,\"subjectId\":1},{\"analysis\":\"测试\",\"correct\":\"A\",\"id\":59,\"items\":[{\"content\":\"2\",\"prefix\":\"A\"},{\"content\":\"3\",\"prefix\":\"B\"},{\"content\":\"4\",\"prefix\":\"C\"},{\"content\":\"5\",\"prefix\":\"D\"},{\"content\":\"6\",\"prefix\":\"E\"},{\"content\":\"7\",\"prefix\":\"F\"}],\"questionTitle\":\"1+1\",\"questionType\":1,\"score\":1,\"subjectId\":1},{\"analysis\":\"测试\",\"correct\":\"A\",\"id\":54,\"items\":[{\"content\":\"2\",\"prefix\":\"A\"},{\"content\":\"1\",\"prefix\":\"B\"},{\"content\":\"3\",\"prefix\":\"C\"},{\"content\":\"4\",\"prefix\":\"D\"}],\"questionTitle\":\"1+1=?\",\"questionType\":1,\"score\":54,\"subjectId\":1},{\"analysis\":\"1\",\"correct\":\"A\",\"id\":52,\"items\":[{\"content\":\"1\",\"prefix\":\"A\"},{\"content\":\"1\",\"prefix\":\"B\"},{\"content\":\"1\",\"prefix\":\"C\"},{\"content\":\"1\",\"prefix\":\"D\"}],\"questionTitle\":\"111\",\"questionType\":1,\"score\":54,\"subjectId\":1},{\"analysis\":\"无\",\"correct\":\"A\",\"id\":57,\"items\":[{\"content\":\"2\",\"prefix\":\"A\"},{\"content\":\"1\",\"prefix\":\"B\"},{\"content\":\"4\",\"prefix\":\"C\"},{\"content\":\"3\",\"prefix\":\"D\"},{\"content\":\"5\",\"prefix\":\"E\"}],\"questionTitle\":\"1+1=？\",\"questionType\":1,\"score\":1,\"subjectId\":1},{\"analysis\":\"23423\",\"correct\":\"C\",\"id\":56,\"items\":[{\"content\":\"2\",\"prefix\":\"A\"},{\"content\":\"2\",\"prefix\":\"B\"},{\"content\":\"2\",\"prefix\":\"C\"},{\"content\":\"32\",\"prefix\":\"D\"},{\"content\":\"45345\",\"prefix\":\"F\"}],\"questionTitle\":\"234234\",\"questionType\":1,\"score\":49,\"subjectId\":1},{\"analysis\":\"测试\",\"correct\":\"A\",\"id\":59,\"items\":[{\"content\":\"2\",\"prefix\":\"A\"},{\"content\":\"3\",\"prefix\":\"B\"},{\"content\":\"4\"', '{\"msg\":\"操作成功\",\"code\":200,\"data\":{\"paperId\":76,\"paperName\":\"测试试卷\",\"paperQuestionTypeDto\":[{\"name\":\"单选题\",\"questionDtos\":[{\"analysis\":\"23423\",\"correct\":\"C\",\"id\":56,\"itemOrder\":0,\"items\":[{\"content\":\"2\",\"prefix\":\"A\"},{\"content\":\"2\",\"prefix\":\"B\"},{\"content\":\"2\",\"prefix\":\"C\"},{\"content\":\"32\",\"prefix\":\"D\"},{\"content\":\"45345\",\"prefix\":\"F\"}],\"questionTitle\":\"234234\",\"questionType\":1,\"score\":49,\"subjectId\":1},{\"analysis\":\"无\",\"correct\":\"A\",\"id\":57,\"itemOrder\":1,\"items\":[{\"content\":\"2\",\"prefix\":\"A\"},{\"content\":\"1\",\"prefix\":\"B\"},{\"content\":\"4\",\"prefix\":\"C\"},{\"content\":\"3\",\"prefix\":\"D\"},{\"content\":\"5\",\"prefix\":\"E\"}],\"questionTitle\":\"1+1=？\",\"questionType\":1,\"score\":1,\"subjectId\":1},{\"analysis\":\"测试\",\"correct\":\"A\",\"id\":59,\"itemOrder\":2,\"items\":[{\"content\":\"2\",\"prefix\":\"A\"},{\"content\":\"3\",\"prefix\":\"B\"},{\"content\":\"4\",\"prefix\":\"C\"},{\"content\":\"5\",\"prefix\":\"D\"},{\"content\":\"6\",\"prefix\":\"E\"},{\"content\":\"7\",\"prefix\":\"F\"}],\"questionTitle\":\"1+1\",\"questionType\":1,\"score\":1,\"subjectId\":1},{\"analysis\":\"测试\",\"correct\":\"A\",\"id\":54,\"itemOrder\":3,\"items\":[{\"content\":\"2\",\"prefix\":\"A\"},{\"content\":\"1\",\"prefix\":\"B\"},{\"content\":\"3\",\"prefix\":\"C\"},{\"content\":\"4\",\"prefix\":\"D\"}],\"questionTitle\":\"1+1=?\",\"questionType\":1,\"score\":54,\"subjectId\":1},{\"analysis\":\"1\",\"correct\":\"A\",\"id\":52,\"itemOrder\":4,\"items\":[{\"content\":\"1\",\"prefix\":\"A\"},{\"content\":\"1\",\"prefix\":\"B\"},{\"content\":\"1\",\"prefix\":\"C\"},{\"content\":\"1\",\"prefix\":\"D\"}],\"questionTitle\":\"111\",\"questionType\":1,\"score\":54,\"subjectId\":1},{\"analysis\":\"无\",\"correct\":\"A\",\"id\":57,\"itemOrder\":5,\"items\":[{\"content\":\"2\",\"prefix\":\"A\"},{\"content\":\"1\",\"prefix\":\"B\"},{\"content\":\"4\",\"prefix\":\"C\"},{\"content\":\"3\",\"prefix\":\"D\"},{\"content\":\"5\",\"prefix\":\"E\"}],\"questionTitle\":\"1+1=？\",\"questionType\":1,\"score\":1,\"subjectId\":1},{\"analysis\":\"23423\",\"correct\":\"C\",\"id\":56,\"itemOrder\":6,\"items\":[{\"content\":\"2\",\"prefix\":\"A\"},{\"content\":\"2\",\"prefix\":\"B\"},{\"content\":\"2\",\"prefix\":\"C\"},{\"content\":\"32\",\"prefix\":\"D\"},{\"content\":\"45345\",\"prefix\":\"F\"}],\"questionTitle\":\"234234\",\"questionType\":1,\"sc', 0, NULL, '2024-10-18 23:32:35', 2957);
INSERT INTO `sys_oper_log` VALUES (455, '刷题用户', 5, 'com.ruoyi.web.controller.quiz.admin.DamingUserController.export()', 'POST', 1, 'admin', '研发部门', '/quiz/user/export', '127.0.0.1', '内网IP', '{\"pageSize\":\"10\",\"pageNum\":\"1\"}', NULL, 0, NULL, '2024-10-25 15:08:53', 732);
INSERT INTO `sys_oper_log` VALUES (456, '试卷', 1, 'com.ruoyi.web.controller.quiz.admin.DamingPaperController.add()', 'POST', 1, 'admin', '研发部门', '/quiz/paper', '127.0.0.1', '内网IP', '{\"paperName\":\"123\",\"paperQuestionTypeDto\":[],\"paperType\":2,\"subjectId\":1,\"suggestTime\":123}', NULL, 1, '\r\n### Error querying database.  Cause: java.sql.SQLSyntaxErrorException: You have an error in your SQL syntax; check the manual that corresponds to your MySQL server version for the right syntax to use near \'\' at line 3\r\n### The error may exist in file [E:\\区块链比赛\\区块链赛前B站笔记++++\\Spring系列\\个人项目实战\\刷题项目\\后台\\daming-admin\\dm_questionBank\\target\\classes\\mapper\\quiz\\DamingQuestionMapper.xml]\r\n### The error may involve defaultParameterMap\r\n### The error occurred while setting parameters\r\n### SQL: select id, question_type, question_info_id, correct, score, del_flag, subject_id, create_time, update_time from daming_question               WHERE id IN\r\n### Cause: java.sql.SQLSyntaxErrorException: You have an error in your SQL syntax; check the manual that corresponds to your MySQL server version for the right syntax to use near \'\' at line 3\n; bad SQL grammar []; nested exception is java.sql.SQLSyntaxErrorException: You have an error in your SQL syntax; check the manual that corresponds to your MySQL server version for the right syntax to use near \'\' at line 3', '2024-10-25 15:14:41', 88);
INSERT INTO `sys_oper_log` VALUES (457, '试卷', 1, 'com.ruoyi.web.controller.quiz.admin.DamingPaperController.add()', 'POST', 1, 'admin', '研发部门', '/quiz/paper', '127.0.0.1', '内网IP', '{\"paperName\":\"32 \",\"paperQuestionTypeDto\":[{\"name\":\"\",\"questionDtos\":[]}],\"paperType\":1,\"subjectId\":1,\"suggestTime\":3243}', NULL, 1, '\r\n### Error querying database.  Cause: java.sql.SQLSyntaxErrorException: You have an error in your SQL syntax; check the manual that corresponds to your MySQL server version for the right syntax to use near \'\' at line 3\r\n### The error may exist in file [E:\\区块链比赛\\区块链赛前B站笔记++++\\Spring系列\\个人项目实战\\刷题项目\\后台\\daming-admin\\dm_questionBank\\target\\classes\\mapper\\quiz\\DamingQuestionMapper.xml]\r\n### The error may involve defaultParameterMap\r\n### The error occurred while setting parameters\r\n### SQL: select id, question_type, question_info_id, correct, score, del_flag, subject_id, create_time, update_time from daming_question               WHERE id IN\r\n### Cause: java.sql.SQLSyntaxErrorException: You have an error in your SQL syntax; check the manual that corresponds to your MySQL server version for the right syntax to use near \'\' at line 3\n; bad SQL grammar []; nested exception is java.sql.SQLSyntaxErrorException: You have an error in your SQL syntax; check the manual that corresponds to your MySQL server version for the right syntax to use near \'\' at line 3', '2024-10-25 15:35:40', 16);
INSERT INTO `sys_oper_log` VALUES (458, '试卷', 1, 'com.ruoyi.web.controller.quiz.admin.DamingPaperController.add()', 'POST', 1, 'admin', '研发部门', '/quiz/paper', '127.0.0.1', '内网IP', '{\"paperName\":\"32 \",\"paperQuestionTypeDto\":[{\"name\":\"324\",\"questionDtos\":[{\"analysis\":\"1\",\"correct\":\"A\",\"id\":52,\"items\":[{\"content\":\"1\",\"prefix\":\"A\"},{\"content\":\"1\",\"prefix\":\"B\"},{\"content\":\"1\",\"prefix\":\"C\"},{\"content\":\"1\",\"prefix\":\"D\"}],\"questionTitle\":\"111\",\"questionType\":1,\"score\":54,\"subjectId\":1}]}],\"paperType\":1,\"subjectId\":1,\"suggestTime\":3243}', '{\"msg\":\"操作成功\",\"code\":200,\"data\":{\"paperId\":79,\"paperName\":\"32 \",\"paperQuestionTypeDto\":[{\"name\":\"324\",\"questionDtos\":[{\"analysis\":\"1\",\"correct\":\"A\",\"id\":52,\"itemOrder\":0,\"items\":[{\"content\":\"1\",\"prefix\":\"A\"},{\"content\":\"1\",\"prefix\":\"B\"},{\"content\":\"1\",\"prefix\":\"C\"},{\"content\":\"1\",\"prefix\":\"D\"}],\"questionTitle\":\"111\",\"questionType\":1,\"score\":54,\"subjectId\":1}]}],\"paperType\":1,\"score\":54,\"subjectId\":1,\"suggestTime\":3243}}', 0, NULL, '2024-10-25 15:36:15', 20);
INSERT INTO `sys_oper_log` VALUES (459, '试卷', 1, 'com.ruoyi.web.controller.quiz.admin.DamingPaperController.add()', 'POST', 1, 'admin', '研发部门', '/quiz/paper', '127.0.0.1', '内网IP', '{\"paperName\":\"23\",\"paperQuestionTypeDto\":[{\"name\":\"\",\"questionDtos\":[]}],\"paperType\":1,\"subjectId\":1,\"suggestTime\":233}', NULL, 1, '\r\n### Error querying database.  Cause: java.sql.SQLSyntaxErrorException: You have an error in your SQL syntax; check the manual that corresponds to your MySQL server version for the right syntax to use near \'\' at line 3\r\n### The error may exist in file [E:\\区块链比赛\\区块链赛前B站笔记++++\\Spring系列\\个人项目实战\\刷题项目\\后台\\daming-admin\\dm_questionBank\\target\\classes\\mapper\\quiz\\DamingQuestionMapper.xml]\r\n### The error may involve defaultParameterMap\r\n### The error occurred while setting parameters\r\n### SQL: select id, question_type, question_info_id, correct, score, del_flag, subject_id, create_time, update_time from daming_question               WHERE id IN\r\n### Cause: java.sql.SQLSyntaxErrorException: You have an error in your SQL syntax; check the manual that corresponds to your MySQL server version for the right syntax to use near \'\' at line 3\n; bad SQL grammar []; nested exception is java.sql.SQLSyntaxErrorException: You have an error in your SQL syntax; check the manual that corresponds to your MySQL server version for the right syntax to use near \'\' at line 3', '2024-10-25 15:52:17', 11);
INSERT INTO `sys_oper_log` VALUES (460, '试卷', 1, 'com.ruoyi.web.controller.quiz.admin.DamingPaperController.add()', 'POST', 1, 'admin', '研发部门', '/quiz/paper', '127.0.0.1', '内网IP', '{\"paperName\":\"23423\",\"paperQuestionTypeDto\":[{\"name\":\"\",\"questionDtos\":[]}],\"paperType\":1,\"subjectId\":1,\"suggestTime\":234}', NULL, 1, '\r\n### Error querying database.  Cause: java.sql.SQLSyntaxErrorException: You have an error in your SQL syntax; check the manual that corresponds to your MySQL server version for the right syntax to use near \'\' at line 3\r\n### The error may exist in file [E:\\区块链比赛\\区块链赛前B站笔记++++\\Spring系列\\个人项目实战\\刷题项目\\后台\\daming-admin\\dm_questionBank\\target\\classes\\mapper\\quiz\\DamingQuestionMapper.xml]\r\n### The error may involve defaultParameterMap\r\n### The error occurred while setting parameters\r\n### SQL: select id, question_type, question_info_id, correct, score, del_flag, subject_id, create_time, update_time from daming_question               WHERE id IN\r\n### Cause: java.sql.SQLSyntaxErrorException: You have an error in your SQL syntax; check the manual that corresponds to your MySQL server version for the right syntax to use near \'\' at line 3\n; bad SQL grammar []; nested exception is java.sql.SQLSyntaxErrorException: You have an error in your SQL syntax; check the manual that corresponds to your MySQL server version for the right syntax to use near \'\' at line 3', '2024-10-25 15:53:56', 17);
INSERT INTO `sys_oper_log` VALUES (461, '试卷', 1, 'com.ruoyi.web.controller.quiz.admin.DamingPaperController.add()', 'POST', 1, 'admin', '研发部门', '/quiz/paper', '127.0.0.1', '内网IP', '{\"paperName\":\"234\",\"paperQuestionTypeDto\":[{\"name\":\"234\",\"questionDtos\":[]}],\"paperType\":1,\"subjectId\":1,\"suggestTime\":23}', NULL, 1, '\r\n### Error querying database.  Cause: java.sql.SQLSyntaxErrorException: You have an error in your SQL syntax; check the manual that corresponds to your MySQL server version for the right syntax to use near \'\' at line 3\r\n### The error may exist in file [E:\\区块链比赛\\区块链赛前B站笔记++++\\Spring系列\\个人项目实战\\刷题项目\\后台\\daming-admin\\dm_questionBank\\target\\classes\\mapper\\quiz\\DamingQuestionMapper.xml]\r\n### The error may involve defaultParameterMap\r\n### The error occurred while setting parameters\r\n### SQL: select id, question_type, question_info_id, correct, score, del_flag, subject_id, create_time, update_time from daming_question               WHERE id IN\r\n### Cause: java.sql.SQLSyntaxErrorException: You have an error in your SQL syntax; check the manual that corresponds to your MySQL server version for the right syntax to use near \'\' at line 3\n; bad SQL grammar []; nested exception is java.sql.SQLSyntaxErrorException: You have an error in your SQL syntax; check the manual that corresponds to your MySQL server version for the right syntax to use near \'\' at line 3', '2024-10-25 15:54:36', 17);
INSERT INTO `sys_oper_log` VALUES (462, '试卷', 1, 'com.ruoyi.web.controller.quiz.admin.DamingPaperController.add()', 'POST', 1, 'admin', '研发部门', '/quiz/paper', '127.0.0.1', '内网IP', '{\"paperName\":\"23\",\"paperQuestionTypeDto\":[{\"name\":\"32\",\"questionDtos\":[]}],\"paperType\":1,\"subjectId\":1,\"suggestTime\":23}', NULL, 1, '\r\n### Error querying database.  Cause: java.sql.SQLSyntaxErrorException: You have an error in your SQL syntax; check the manual that corresponds to your MySQL server version for the right syntax to use near \'\' at line 3\r\n### The error may exist in file [E:\\区块链比赛\\区块链赛前B站笔记++++\\Spring系列\\个人项目实战\\刷题项目\\后台\\daming-admin\\dm_questionBank\\target\\classes\\mapper\\quiz\\DamingQuestionMapper.xml]\r\n### The error may involve defaultParameterMap\r\n### The error occurred while setting parameters\r\n### SQL: select id, question_type, question_info_id, correct, score, del_flag, subject_id, create_time, update_time from daming_question               WHERE id IN\r\n### Cause: java.sql.SQLSyntaxErrorException: You have an error in your SQL syntax; check the manual that corresponds to your MySQL server version for the right syntax to use near \'\' at line 3\n; bad SQL grammar []; nested exception is java.sql.SQLSyntaxErrorException: You have an error in your SQL syntax; check the manual that corresponds to your MySQL server version for the right syntax to use near \'\' at line 3', '2024-10-25 15:55:01', 16);
INSERT INTO `sys_oper_log` VALUES (463, '试卷', 1, 'com.ruoyi.web.controller.quiz.admin.DamingPaperController.add()', 'POST', 1, 'admin', '研发部门', '/quiz/paper', '127.0.0.1', '内网IP', '{\"paperName\":\"23\",\"paperQuestionTypeDto\":[{\"name\":\"234\",\"questionDtos\":[]}],\"paperType\":1,\"subjectId\":1,\"suggestTime\":234}', NULL, 1, '\r\n### Error querying database.  Cause: java.sql.SQLSyntaxErrorException: You have an error in your SQL syntax; check the manual that corresponds to your MySQL server version for the right syntax to use near \'\' at line 3\r\n### The error may exist in file [E:\\区块链比赛\\区块链赛前B站笔记++++\\Spring系列\\个人项目实战\\刷题项目\\后台\\daming-admin\\dm_questionBank\\target\\classes\\mapper\\quiz\\DamingQuestionMapper.xml]\r\n### The error may involve defaultParameterMap\r\n### The error occurred while setting parameters\r\n### SQL: select id, question_type, question_info_id, correct, score, del_flag, subject_id, create_time, update_time from daming_question               WHERE id IN\r\n### Cause: java.sql.SQLSyntaxErrorException: You have an error in your SQL syntax; check the manual that corresponds to your MySQL server version for the right syntax to use near \'\' at line 3\n; bad SQL grammar []; nested exception is java.sql.SQLSyntaxErrorException: You have an error in your SQL syntax; check the manual that corresponds to your MySQL server version for the right syntax to use near \'\' at line 3', '2024-10-25 15:56:39', 12);
INSERT INTO `sys_oper_log` VALUES (464, '试卷', 1, 'com.ruoyi.web.controller.quiz.admin.DamingPaperController.add()', 'POST', 1, 'admin', '研发部门', '/quiz/paper', '127.0.0.1', '内网IP', '{\"paperName\":\"234234\",\"paperQuestionTypeDto\":[{\"name\":\"23\",\"questionDtos\":[{\"analysis\":\"1\",\"correct\":\"A\",\"id\":52,\"items\":[{\"content\":\"1\",\"prefix\":\"A\"},{\"content\":\"1\",\"prefix\":\"B\"},{\"content\":\"1\",\"prefix\":\"C\"},{\"content\":\"1\",\"prefix\":\"D\"}],\"questionTitle\":\"111\",\"questionType\":1,\"score\":54,\"subjectId\":1}]}],\"paperType\":1,\"subjectId\":1,\"suggestTime\":234}', '{\"msg\":\"操作成功\",\"code\":200,\"data\":{\"paperId\":85,\"paperName\":\"234234\",\"paperQuestionTypeDto\":[{\"name\":\"23\",\"questionDtos\":[{\"analysis\":\"1\",\"correct\":\"A\",\"id\":52,\"itemOrder\":0,\"items\":[{\"content\":\"1\",\"prefix\":\"A\"},{\"content\":\"1\",\"prefix\":\"B\"},{\"content\":\"1\",\"prefix\":\"C\"},{\"content\":\"1\",\"prefix\":\"D\"}],\"questionTitle\":\"111\",\"questionType\":1,\"score\":54,\"subjectId\":1}]}],\"paperType\":1,\"score\":54,\"subjectId\":1,\"suggestTime\":234}}', 0, NULL, '2024-10-25 15:57:15', 15);
INSERT INTO `sys_oper_log` VALUES (465, '题目表', 1, 'com.ruoyi.web.controller.quiz.admin.DamingQuestionController.add()', 'POST', 1, 'admin', '研发部门', '/quiz/question', '127.0.0.1', '内网IP', '{\"analysis\":\"23423\",\"correct\":\"B\",\"correctArray\":[],\"items\":[{\"content\":\"\",\"prefix\":\"A\"},{\"content\":\"\",\"prefix\":\"B\"},{\"content\":\"\",\"prefix\":\"C\"},{\"content\":\"\",\"prefix\":\"D\"}],\"questionTitle\":\"324234\",\"questionType\":1,\"score\":54,\"subjectId\":1}', '{\"msg\":\"操作成功\",\"code\":200}', 0, NULL, '2024-10-25 15:58:48', 13);
INSERT INTO `sys_oper_log` VALUES (466, '试卷', 5, 'com.ruoyi.web.controller.quiz.admin.DamingPaperController.export()', 'POST', 1, 'admin', '研发部门', '/quiz/paper/export', '127.0.0.1', '内网IP', '{\"pageSize\":\"10\",\"pageNum\":\"1\"}', NULL, 0, NULL, '2024-10-25 16:00:46', 38);
INSERT INTO `sys_oper_log` VALUES (467, '试卷', 3, 'com.ruoyi.web.controller.quiz.admin.DamingPaperController.remove()', 'DELETE', 1, 'admin', '研发部门', '/quiz/paper/69', '127.0.0.1', '内网IP', '{}', NULL, 1, '\r\n### Error updating database.  Cause: java.sql.SQLIntegrityConstraintViolationException: Cannot delete or update a parent row: a foreign key constraint fails (`ry-vue`.`daming_paper_answer`, CONSTRAINT `daming_paper_answer_ibfk_1` FOREIGN KEY (`paper_id`) REFERENCES `daming_paper` (`paper_id`))\r\n### The error may exist in file [E:\\区块链比赛\\区块链赛前B站笔记++++\\Spring系列\\个人项目实战\\刷题项目\\后台\\daming-admin\\dm_questionBank\\target\\classes\\mapper\\quiz\\DamingPaperMapper.xml]\r\n### The error may involve com.dm.quiz.mapper.DamingPaperMapper.deleteDamingPaperByPaperIds-Inline\r\n### The error occurred while setting parameters\r\n### SQL: delete from daming_paper where paper_id in          (               ?          )\r\n### Cause: java.sql.SQLIntegrityConstraintViolationException: Cannot delete or update a parent row: a foreign key constraint fails (`ry-vue`.`daming_paper_answer`, CONSTRAINT `daming_paper_answer_ibfk_1` FOREIGN KEY (`paper_id`) REFERENCES `daming_paper` (`paper_id`))\n; Cannot delete or update a parent row: a foreign key constraint fails (`ry-vue`.`daming_paper_answer`, CONSTRAINT `daming_paper_answer_ibfk_1` FOREIGN KEY (`paper_id`) REFERENCES `daming_paper` (`paper_id`)); nested exception is java.sql.SQLIntegrityConstraintViolationException: Cannot delete or update a parent row: a foreign key constraint fails (`ry-vue`.`daming_paper_answer`, CONSTRAINT `daming_paper_answer_ibfk_1` FOREIGN KEY (`paper_id`) REFERENCES `daming_paper` (`paper_id`))', '2024-10-25 16:01:13', 17);
INSERT INTO `sys_oper_log` VALUES (468, '试卷', 3, 'com.ruoyi.web.controller.quiz.admin.DamingPaperController.remove()', 'DELETE', 1, 'admin', '研发部门', '/quiz/paper/69', '127.0.0.1', '内网IP', '{}', NULL, 1, '\r\n### Error updating database.  Cause: java.sql.SQLIntegrityConstraintViolationException: Cannot delete or update a parent row: a foreign key constraint fails (`ry-vue`.`daming_paper_answer`, CONSTRAINT `daming_paper_answer_ibfk_1` FOREIGN KEY (`paper_id`) REFERENCES `daming_paper` (`paper_id`))\r\n### The error may exist in file [E:\\区块链比赛\\区块链赛前B站笔记++++\\Spring系列\\个人项目实战\\刷题项目\\后台\\daming-admin\\dm_questionBank\\target\\classes\\mapper\\quiz\\DamingPaperMapper.xml]\r\n### The error may involve com.dm.quiz.mapper.DamingPaperMapper.deleteDamingPaperByPaperIds-Inline\r\n### The error occurred while setting parameters\r\n### SQL: delete from daming_paper where paper_id in          (               ?          )\r\n### Cause: java.sql.SQLIntegrityConstraintViolationException: Cannot delete or update a parent row: a foreign key constraint fails (`ry-vue`.`daming_paper_answer`, CONSTRAINT `daming_paper_answer_ibfk_1` FOREIGN KEY (`paper_id`) REFERENCES `daming_paper` (`paper_id`))\n; Cannot delete or update a parent row: a foreign key constraint fails (`ry-vue`.`daming_paper_answer`, CONSTRAINT `daming_paper_answer_ibfk_1` FOREIGN KEY (`paper_id`) REFERENCES `daming_paper` (`paper_id`)); nested exception is java.sql.SQLIntegrityConstraintViolationException: Cannot delete or update a parent row: a foreign key constraint fails (`ry-vue`.`daming_paper_answer`, CONSTRAINT `daming_paper_answer_ibfk_1` FOREIGN KEY (`paper_id`) REFERENCES `daming_paper` (`paper_id`))', '2024-10-25 16:01:30', 8);
INSERT INTO `sys_oper_log` VALUES (469, '试卷作答情况', 3, 'com.ruoyi.web.controller.quiz.admin.DamingPaperAnswerController.remove()', 'DELETE', 1, 'admin', '研发部门', '/quiz/paperAnswer/88', '127.0.0.1', '内网IP', '{}', '{\"msg\":\"操作成功\",\"code\":200}', 0, NULL, '2024-10-25 16:02:50', 8);
INSERT INTO `sys_oper_log` VALUES (470, '试卷作答情况', 3, 'com.ruoyi.web.controller.quiz.admin.DamingPaperAnswerController.remove()', 'DELETE', 1, 'admin', '研发部门', '/quiz/paperAnswer/87', '127.0.0.1', '内网IP', '{}', '{\"msg\":\"操作成功\",\"code\":200}', 0, NULL, '2024-10-25 16:03:10', 7);
INSERT INTO `sys_oper_log` VALUES (471, '试卷', 3, 'com.ruoyi.web.controller.quiz.admin.DamingPaperController.remove()', 'DELETE', 1, 'admin', '研发部门', '/quiz/paper/76', '127.0.0.1', '内网IP', '{}', NULL, 1, '\r\n### Error updating database.  Cause: java.sql.SQLIntegrityConstraintViolationException: Cannot delete or update a parent row: a foreign key constraint fails (`ry-vue`.`daming_paper_answer`, CONSTRAINT `daming_paper_answer_ibfk_1` FOREIGN KEY (`paper_id`) REFERENCES `daming_paper` (`paper_id`))\r\n### The error may exist in file [E:\\区块链比赛\\区块链赛前B站笔记++++\\Spring系列\\个人项目实战\\刷题项目\\后台\\daming-admin\\dm_questionBank\\target\\classes\\mapper\\quiz\\DamingPaperMapper.xml]\r\n### The error may involve com.dm.quiz.mapper.DamingPaperMapper.deleteDamingPaperByPaperIds-Inline\r\n### The error occurred while setting parameters\r\n### SQL: delete from daming_paper where paper_id in          (               ?          )\r\n### Cause: java.sql.SQLIntegrityConstraintViolationException: Cannot delete or update a parent row: a foreign key constraint fails (`ry-vue`.`daming_paper_answer`, CONSTRAINT `daming_paper_answer_ibfk_1` FOREIGN KEY (`paper_id`) REFERENCES `daming_paper` (`paper_id`))\n; Cannot delete or update a parent row: a foreign key constraint fails (`ry-vue`.`daming_paper_answer`, CONSTRAINT `daming_paper_answer_ibfk_1` FOREIGN KEY (`paper_id`) REFERENCES `daming_paper` (`paper_id`)); nested exception is java.sql.SQLIntegrityConstraintViolationException: Cannot delete or update a parent row: a foreign key constraint fails (`ry-vue`.`daming_paper_answer`, CONSTRAINT `daming_paper_answer_ibfk_1` FOREIGN KEY (`paper_id`) REFERENCES `daming_paper` (`paper_id`))', '2024-10-25 16:03:51', 8);
INSERT INTO `sys_oper_log` VALUES (472, '试卷', 3, 'com.ruoyi.web.controller.quiz.admin.DamingPaperController.remove()', 'DELETE', 1, 'admin', '研发部门', '/quiz/paper/76', '127.0.0.1', '内网IP', '{}', '{\"msg\":\"该试卷下有答卷记录，请先删除\",\"code\":500}', 0, NULL, '2024-10-25 16:15:05', 16);
INSERT INTO `sys_oper_log` VALUES (473, '试卷', 3, 'com.ruoyi.web.controller.quiz.admin.DamingPaperController.remove()', 'DELETE', 1, 'admin', '研发部门', '/quiz/paper/69', '127.0.0.1', '内网IP', '{}', '{\"msg\":\"该试卷下有答卷记录，请先删除\",\"code\":500}', 0, NULL, '2024-10-25 16:15:11', 5);
INSERT INTO `sys_oper_log` VALUES (474, '试卷', 3, 'com.ruoyi.web.controller.quiz.admin.DamingPaperController.remove()', 'DELETE', 1, 'admin', '研发部门', '/quiz/paper/75,74,73,71,70,69', '127.0.0.1', '内网IP', '{}', '{\"msg\":\"该试卷下有答卷记录，请先删除\",\"code\":500}', 0, NULL, '2024-10-25 16:15:14', 3);
INSERT INTO `sys_oper_log` VALUES (475, '题目表', 3, 'com.ruoyi.web.controller.quiz.admin.DamingQuestionController.remove()', 'DELETE', 1, 'admin', '研发部门', '/quiz/question/61', '127.0.0.1', '内网IP', '{}', '{\"msg\":\"该试卷下有答卷记录，请先删除\",\"code\":500}', 0, NULL, '2024-10-25 16:22:09', 21);
INSERT INTO `sys_oper_log` VALUES (476, '题目表', 3, 'com.ruoyi.web.controller.quiz.admin.DamingQuestionController.remove()', 'DELETE', 1, 'admin', '研发部门', '/quiz/question/61', '127.0.0.1', '内网IP', '{}', '{\"msg\":\"该试卷下有答题记录，请先删除\",\"code\":500}', 0, NULL, '2024-10-25 16:23:34', 11);
INSERT INTO `sys_oper_log` VALUES (477, '题目表', 3, 'com.ruoyi.web.controller.quiz.admin.DamingQuestionController.remove()', 'DELETE', 1, 'admin', '研发部门', '/quiz/question/61', '127.0.0.1', '内网IP', '{}', '{\"msg\":\"该试卷下有答题记录，请先删除\",\"code\":500}', 0, NULL, '2024-10-25 16:23:39', 3);
INSERT INTO `sys_oper_log` VALUES (478, '试卷作答情况', 3, 'com.ruoyi.web.controller.quiz.admin.DamingPaperAnswerController.remove()', 'DELETE', 1, 'admin', '研发部门', '/quiz/paperAnswer/97,96,95,94,93,92,91,90,89,86', '127.0.0.1', '内网IP', '{}', '{\"msg\":\"操作成功\",\"code\":200}', 0, NULL, '2024-10-25 18:37:21', 33);
INSERT INTO `sys_oper_log` VALUES (479, '试卷作答情况', 3, 'com.ruoyi.web.controller.quiz.admin.DamingPaperAnswerController.remove()', 'DELETE', 1, 'admin', '研发部门', '/quiz/paperAnswer/85,84,83,82,81,80,79,78,77,76,75,74,73,72,71,70,69,68,67,66,65,64,63,62,61', '127.0.0.1', '内网IP', '{}', '{\"msg\":\"操作成功\",\"code\":200}', 0, NULL, '2024-10-25 18:37:26', 10);
INSERT INTO `sys_oper_log` VALUES (480, '试卷', 3, 'com.ruoyi.web.controller.quiz.admin.DamingPaperController.remove()', 'DELETE', 1, 'admin', '研发部门', '/quiz/paper/85,84,83,82,81,80,79,78,77,76,75,74,73,71,70,69', '127.0.0.1', '内网IP', '{}', NULL, 1, '\r\n### Error updating database.  Cause: java.sql.SQLIntegrityConstraintViolationException: Cannot delete or update a parent row: a foreign key constraint fails (`ry-vue`.`daming_question_answer`, CONSTRAINT `daming_question_answer_ibfk_1` FOREIGN KEY (`paper_id`) REFERENCES `daming_paper` (`paper_id`))\r\n### The error may exist in file [E:\\区块链比赛\\区块链赛前B站笔记++++\\Spring系列\\个人项目实战\\刷题项目\\后台\\daming-admin\\dm_questionBank\\target\\classes\\mapper\\quiz\\DamingPaperMapper.xml]\r\n### The error may involve com.dm.quiz.mapper.DamingPaperMapper.deleteDamingPaperByPaperIds-Inline\r\n### The error occurred while setting parameters\r\n### SQL: delete from daming_paper where paper_id in          (               ?          ,              ?          ,              ?          ,              ?          ,              ?          ,              ?          ,              ?          ,              ?          ,              ?          ,              ?          ,              ?          ,              ?          ,              ?          ,              ?          ,              ?          ,              ?          )\r\n### Cause: java.sql.SQLIntegrityConstraintViolationException: Cannot delete or update a parent row: a foreign key constraint fails (`ry-vue`.`daming_question_answer`, CONSTRAINT `daming_question_answer_ibfk_1` FOREIGN KEY (`paper_id`) REFERENCES `daming_paper` (`paper_id`))\n; Cannot delete or update a parent row: a foreign key constraint fails (`ry-vue`.`daming_question_answer`, CONSTRAINT `daming_question_answer_ibfk_1` FOREIGN KEY (`paper_id`) REFERENCES `daming_paper` (`paper_id`)); nested exception is java.sql.SQLIntegrityConstraintViolationException: Cannot delete or update a parent row: a foreign key constraint fails (`ry-vue`.`daming_question_answer`, CONSTRAINT `daming_question_answer_ibfk_1` FOREIGN KEY (`paper_id`) REFERENCES `daming_paper` (`paper_id`))', '2024-10-25 18:37:38', 71);
INSERT INTO `sys_oper_log` VALUES (481, '试卷', 3, 'com.ruoyi.web.controller.quiz.admin.DamingPaperController.remove()', 'DELETE', 1, 'admin', '研发部门', '/quiz/paper/85,84,83,82,81,80,79,78,77,76', '127.0.0.1', '内网IP', '{}', NULL, 1, '\r\n### Error updating database.  Cause: java.sql.SQLIntegrityConstraintViolationException: Cannot delete or update a parent row: a foreign key constraint fails (`ry-vue`.`daming_question_answer`, CONSTRAINT `daming_question_answer_ibfk_1` FOREIGN KEY (`paper_id`) REFERENCES `daming_paper` (`paper_id`))\r\n### The error may exist in file [E:\\区块链比赛\\区块链赛前B站笔记++++\\Spring系列\\个人项目实战\\刷题项目\\后台\\daming-admin\\dm_questionBank\\target\\classes\\mapper\\quiz\\DamingPaperMapper.xml]\r\n### The error may involve com.dm.quiz.mapper.DamingPaperMapper.deleteDamingPaperByPaperIds-Inline\r\n### The error occurred while setting parameters\r\n### SQL: delete from daming_paper where paper_id in          (               ?          ,              ?          ,              ?          ,              ?          ,              ?          ,              ?          ,              ?          ,              ?          ,              ?          ,              ?          )\r\n### Cause: java.sql.SQLIntegrityConstraintViolationException: Cannot delete or update a parent row: a foreign key constraint fails (`ry-vue`.`daming_question_answer`, CONSTRAINT `daming_question_answer_ibfk_1` FOREIGN KEY (`paper_id`) REFERENCES `daming_paper` (`paper_id`))\n; Cannot delete or update a parent row: a foreign key constraint fails (`ry-vue`.`daming_question_answer`, CONSTRAINT `daming_question_answer_ibfk_1` FOREIGN KEY (`paper_id`) REFERENCES `daming_paper` (`paper_id`)); nested exception is java.sql.SQLIntegrityConstraintViolationException: Cannot delete or update a parent row: a foreign key constraint fails (`ry-vue`.`daming_question_answer`, CONSTRAINT `daming_question_answer_ibfk_1` FOREIGN KEY (`paper_id`) REFERENCES `daming_paper` (`paper_id`))', '2024-10-25 18:38:06', 14);
INSERT INTO `sys_oper_log` VALUES (482, '试卷', 3, 'com.ruoyi.web.controller.quiz.admin.DamingPaperController.remove()', 'DELETE', 1, 'admin', '研发部门', '/quiz/paper/85,84,83,82,81,80,79,78,77,76', '127.0.0.1', '内网IP', '{}', NULL, 1, '', '2024-10-25 18:42:21', 7);
INSERT INTO `sys_oper_log` VALUES (483, '试卷', 3, 'com.ruoyi.web.controller.quiz.admin.DamingPaperController.remove()', 'DELETE', 1, 'admin', '研发部门', '/quiz/paper/85,84,83,82,81,80,79,78,77,76', '127.0.0.1', '内网IP', '{}', NULL, 1, '', '2024-10-25 18:42:28', 2);
INSERT INTO `sys_oper_log` VALUES (484, '试卷', 3, 'com.ruoyi.web.controller.quiz.admin.DamingPaperController.remove()', 'DELETE', 1, 'admin', '研发部门', '/quiz/paper/85,84,83,82,81,80,79,78,77,76', '127.0.0.1', '内网IP', '{}', NULL, 1, '', '2024-10-25 18:43:11', 23);
INSERT INTO `sys_oper_log` VALUES (485, '试卷', 3, 'com.ruoyi.web.controller.quiz.admin.DamingPaperController.remove()', 'DELETE', 1, 'admin', '研发部门', '/quiz/paper/85,84,83,82,81,80,79,78,77,76', '127.0.0.1', '内网IP', '{}', NULL, 1, '', '2024-10-25 18:46:06', 167406);
INSERT INTO `sys_oper_log` VALUES (486, '试卷', 3, 'com.ruoyi.web.controller.quiz.admin.DamingPaperController.remove()', 'DELETE', 1, 'admin', '研发部门', '/quiz/paper/85,84,83,82,81,80,79,78,77,76', '127.0.0.1', '内网IP', '{}', NULL, 1, '', '2024-10-25 18:49:05', 174256);
INSERT INTO `sys_oper_log` VALUES (487, '试卷', 3, 'com.ruoyi.web.controller.quiz.admin.DamingPaperController.remove()', 'DELETE', 1, 'admin', '研发部门', '/quiz/paper/85,84,83,82,81,80,79,78,77,76', '127.0.0.1', '内网IP', '{}', NULL, 1, '', '2024-10-25 18:49:41', 14583);
INSERT INTO `sys_oper_log` VALUES (488, '试卷', 3, 'com.ruoyi.web.controller.quiz.admin.DamingPaperController.remove()', 'DELETE', 1, 'admin', '研发部门', '/quiz/paper/85,84,83,82,81,80,79,78,77,76', '127.0.0.1', '内网IP', '{}', '{\"msg\":\"该试卷下有答卷或答题记录，请先删除\",\"code\":500}', 0, NULL, '2024-10-25 18:51:21', 11939);
INSERT INTO `sys_oper_log` VALUES (489, '题目回答情况表', 3, 'com.ruoyi.web.controller.quiz.admin.DamingQuestionAnswerController.remove()', 'DELETE', 1, 'admin', '研发部门', '/quiz/questionAnswer/78,79,80,81,82,83,84,85,86,87,88,89,90,91,92,93,94,95,96,97,98,99,100,101,102,103,104,105,106,107,108,109,110,111,112,113,114,115,116,117,118,119,120,121,122,123,124,125,126,127', '127.0.0.1', '内网IP', '{}', '{\"msg\":\"操作成功\",\"code\":200}', 0, NULL, '2024-10-25 18:51:37', 8);
INSERT INTO `sys_oper_log` VALUES (490, '题目回答情况表', 3, 'com.ruoyi.web.controller.quiz.admin.DamingQuestionAnswerController.remove()', 'DELETE', 1, 'admin', '研发部门', '/quiz/questionAnswer/128,129,130,131,132,133,134,135,136,137,138,139,140,141,142,143,144,145,146,147,148,149,150,151,152,153,154,155,156,157,158,159,160,161,162,163,164,165,166,167,168,169,170,171,172,173,174,175,176,177', '127.0.0.1', '内网IP', '{}', '{\"msg\":\"操作成功\",\"code\":200}', 0, NULL, '2024-10-25 18:51:40', 12);
INSERT INTO `sys_oper_log` VALUES (491, '题目回答情况表', 3, 'com.ruoyi.web.controller.quiz.admin.DamingQuestionAnswerController.remove()', 'DELETE', 1, 'admin', '研发部门', '/quiz/questionAnswer/178,179,180,181,182,183,184,185,186,187,188,189,190,191,192,193,194,195,196,197,198,199,200,201,202,203,204,205,206,207,208,209,210,211,212,213,214,215,216,217,218,219,220,221,222,223,224,225,226,227', '127.0.0.1', '内网IP', '{}', '{\"msg\":\"操作成功\",\"code\":200}', 0, NULL, '2024-10-25 18:51:43', 6);
INSERT INTO `sys_oper_log` VALUES (492, '题目回答情况表', 3, 'com.ruoyi.web.controller.quiz.admin.DamingQuestionAnswerController.remove()', 'DELETE', 1, 'admin', '研发部门', '/quiz/questionAnswer/228,229,230,231,232,233,234,235,236,237,238', '127.0.0.1', '内网IP', '{}', '{\"msg\":\"操作成功\",\"code\":200}', 0, NULL, '2024-10-25 18:51:45', 2);
INSERT INTO `sys_oper_log` VALUES (493, '题目表', 1, 'com.ruoyi.web.controller.quiz.admin.DamingQuestionController.add()', 'POST', 1, 'admin', '研发部门', '/quiz/question', '127.0.0.1', '内网IP', '{\"analysis\":\"23443\",\"correct\":\"C\",\"correctArray\":[],\"items\":[{\"content\":\"23\",\"prefix\":\"A\"},{\"content\":\"4123\",\"prefix\":\"B\"},{\"content\":\"41234\",\"prefix\":\"C\"},{\"content\":\"2134\",\"prefix\":\"D\"}],\"questionTitle\":\"234234\",\"questionType\":1,\"score\":54,\"subjectId\":1}', '{\"msg\":\"操作成功\",\"code\":200}', 0, NULL, '2024-10-25 18:52:59', 23);
INSERT INTO `sys_oper_log` VALUES (494, '题目回答情况表', 3, 'com.ruoyi.web.controller.quiz.admin.DamingQuestionAnswerController.remove()', 'DELETE', 1, 'admin', '研发部门', '/quiz/questionAnswer/240,241,242,243,244,245,246,247,248', '127.0.0.1', '内网IP', '{}', '{\"msg\":\"操作成功\",\"code\":200}', 0, NULL, '2024-10-25 18:55:43', 3);
INSERT INTO `sys_oper_log` VALUES (495, '题目回答情况表', 3, 'com.ruoyi.web.controller.quiz.admin.DamingQuestionAnswerController.remove()', 'DELETE', 1, 'admin', '研发部门', '/quiz/questionAnswer/249,250,251,252,253', '127.0.0.1', '内网IP', '{}', '{\"msg\":\"操作成功\",\"code\":200}', 0, NULL, '2024-10-25 18:55:48', 7);
INSERT INTO `sys_oper_log` VALUES (496, '题目回答情况表', 3, 'com.ruoyi.web.controller.quiz.admin.DamingQuestionAnswerController.remove()', 'DELETE', 1, 'admin', '研发部门', '/quiz/questionAnswer/239', '127.0.0.1', '内网IP', '{}', '{\"msg\":\"操作成功\",\"code\":200}', 0, NULL, '2024-10-25 19:03:32', 7);
INSERT INTO `sys_oper_log` VALUES (497, '试卷作答情况', 3, 'com.ruoyi.web.controller.quiz.admin.DamingPaperAnswerController.remove()', 'DELETE', 1, 'admin', '研发部门', '/quiz/paperAnswer/98', '127.0.0.1', '内网IP', '{}', '{\"msg\":\"操作成功\",\"code\":200}', 0, NULL, '2024-10-25 19:03:38', 7);
INSERT INTO `sys_oper_log` VALUES (498, '试卷', 3, 'com.ruoyi.web.controller.quiz.admin.DamingPaperController.remove()', 'DELETE', 1, 'admin', '研发部门', '/quiz/paper/85,84,83,82,81,80,79,78,77,76,75,74,73,71,70,69', '127.0.0.1', '内网IP', '{}', '{\"msg\":\"删除成功\",\"code\":200}', 0, NULL, '2024-10-25 19:03:46', 25);
INSERT INTO `sys_oper_log` VALUES (499, '刷题用户', 2, 'com.ruoyi.web.controller.quiz.admin.DamingUserController.updateInfo()', 'PUT', 1, 'admin', '研发部门', '/quiz/user', '127.0.0.1', '内网IP', '{\"userForm\":\"{\\\"createBy\\\":null,\\\"createTime\\\":\\\"2024-10-25 20:55:26\\\",\\\"updateBy\\\":null,\\\"updateTime\\\":\\\"2024-10-25 20:55:26\\\",\\\"remark\\\":null,\\\"userId\\\":1,\\\"userName\\\":\\\"123\\\",\\\"password\\\":\\\"$2a$10$UCXpvNiwgzXqy8BzPGlxI.ObjqWBDrN9oOL6kqORIRhr0s89XT1ti\\\",\\\"nickName\\\":\\\"Jafferen\\\",\\\"avatar\\\":\\\"/profile/avatar/2024/10/25/aurora_20241025145728A001.jpg\\\",\\\"delFlag\\\":null}\"}', '{\"msg\":\"操作成功\",\"imgUrl\":\"/profile/avatar/2024/10/25/northern_20241025211920A001.jpg\",\"code\":200}', 0, NULL, '2024-10-25 21:19:20', 69);
INSERT INTO `sys_oper_log` VALUES (500, '刷题用户', 1, 'com.ruoyi.web.controller.quiz.admin.DamingUserController.addUser()', 'POST', 1, 'admin', '研发部门', '/quiz/user', '127.0.0.1', '内网IP', '{\"userForm\":\"{\\\"userId\\\":null,\\\"userName\\\":\\\"1234\\\",\\\"password\\\":null,\\\"nickName\\\":\\\"1234\\\"}\"}', '{\"msg\":\"操作成功\",\"code\":200}', 0, NULL, '2024-10-25 21:23:45', 103);
INSERT INTO `sys_oper_log` VALUES (501, '刷题用户', 3, 'com.ruoyi.web.controller.quiz.admin.DamingUserController.remove()', 'DELETE', 1, 'admin', '研发部门', '/quiz/user/2', '127.0.0.1', '内网IP', '{}', '{\"msg\":\"操作成功\",\"code\":200}', 0, NULL, '2024-10-25 21:23:55', 16);
INSERT INTO `sys_oper_log` VALUES (502, '刷题用户', 1, 'com.ruoyi.web.controller.quiz.admin.DamingUserController.addUser()', 'POST', 1, 'admin', '研发部门', '/quiz/user', '127.0.0.1', '内网IP', '{\"userForm\":\"{\\\"userId\\\":null,\\\"userName\\\":\\\"1234\\\",\\\"password\\\":null,\\\"nickName\\\":\\\"1234\\\"}\"}', '{\"msg\":\"操作成功\",\"code\":200}', 0, NULL, '2024-10-25 21:24:09', 14);
INSERT INTO `sys_oper_log` VALUES (503, '刷题用户', 1, 'com.ruoyi.web.controller.quiz.admin.DamingUserController.addUser()', 'POST', 1, 'admin', '研发部门', '/quiz/user', '127.0.0.1', '内网IP', '{\"userForm\":\"{\\\"userId\\\":null,\\\"userName\\\":\\\"412342134\\\",\\\"password\\\":null,\\\"nickName\\\":\\\"123\\\"}\"}', '{\"msg\":\"操作成功\",\"code\":200}', 0, NULL, '2024-10-25 21:26:12', 61);
INSERT INTO `sys_oper_log` VALUES (504, '刷题用户', 1, 'com.ruoyi.web.controller.quiz.admin.DamingUserController.addUser()', 'POST', 1, 'admin', '研发部门', '/quiz/user', '127.0.0.1', '内网IP', '{\"userForm\":\"{\\\"userId\\\":null,\\\"userName\\\":\\\"23142\\\",\\\"password\\\":null,\\\"nickName\\\":\\\"3142341234\\\"}\"}', NULL, 1, '', '2024-10-25 21:30:27', 87);
INSERT INTO `sys_oper_log` VALUES (505, '刷题用户', 1, 'com.ruoyi.web.controller.quiz.admin.DamingUserController.addUser()', 'POST', 1, 'admin', '研发部门', '/quiz/user', '127.0.0.1', '内网IP', '{\"userForm\":\"{\\\"userId\\\":null,\\\"userName\\\":\\\"1234\\\",\\\"password\\\":null,\\\"nickName\\\":\\\"21341234\\\"}\"}', NULL, 1, '', '2024-10-25 21:32:00', 42428);
INSERT INTO `sys_oper_log` VALUES (506, '刷题用户', 1, 'com.ruoyi.web.controller.quiz.admin.DamingUserController.addUser()', 'POST', 1, 'admin', '研发部门', '/quiz/user', '127.0.0.1', '内网IP', '{\"userForm\":\"{\\\"userId\\\":null,\\\"userName\\\":\\\"1234\\\",\\\"password\\\":null,\\\"nickName\\\":\\\"21341234\\\"}\"}', '{\"msg\":\"操作成功\",\"code\":200}', 0, NULL, '2024-10-25 21:32:18', 3001);
INSERT INTO `sys_oper_log` VALUES (507, '刷题用户', 3, 'com.ruoyi.web.controller.quiz.admin.DamingUserController.remove()', 'DELETE', 1, 'admin', '研发部门', '/quiz/user/5', '127.0.0.1', '内网IP', '{}', '{\"msg\":\"操作成功\",\"code\":200}', 0, NULL, '2024-10-25 21:35:46', 22);
INSERT INTO `sys_oper_log` VALUES (508, '刷题用户', 3, 'com.ruoyi.web.controller.quiz.admin.DamingUserController.remove()', 'DELETE', 1, 'admin', '研发部门', '/quiz/user/4', '127.0.0.1', '内网IP', '{}', '{\"msg\":\"操作成功\",\"code\":200}', 0, NULL, '2024-10-25 21:42:32', 23);
INSERT INTO `sys_oper_log` VALUES (509, '试卷', 1, 'com.ruoyi.web.controller.quiz.admin.DamingPaperController.add()', 'POST', 1, 'admin', '研发部门', '/quiz/paper', '127.0.0.1', '内网IP', '{\"paperName\":\"145若35\",\"paperQuestionTypeDto\":[{\"name\":\"3245\",\"questionDtos\":[{\"analysis\":\"23443\",\"correct\":\"C\",\"id\":65,\"items\":[{\"content\":\"23\",\"prefix\":\"A\"},{\"content\":\"4123\",\"prefix\":\"B\"},{\"content\":\"41234\",\"prefix\":\"C\"},{\"content\":\"2134\",\"prefix\":\"D\"}],\"questionTitle\":\"234234\",\"questionType\":1,\"score\":54,\"subjectId\":1},{\"analysis\":\"测试\",\"correctArray\":[\"A\",\"B\"],\"id\":61,\"items\":[{\"content\":\"1\",\"prefix\":\"A\"},{\"content\":\"1\",\"prefix\":\"B\"},{\"content\":\"1\",\"prefix\":\"C\"},{\"content\":\"1\",\"prefix\":\"D\"},{\"content\":\"2341234\",\"prefix\":\"E\"}],\"questionTitle\":\"选ab\",\"questionType\":2,\"score\":54,\"subjectId\":1},{\"analysis\":\"12342134\",\"correctArray\":[\"A\",\"C\",\"B\",\"F\",\"H\"],\"id\":63,\"items\":[{\"content\":\"12\",\"prefix\":\"A\"},{\"content\":\"2\",\"prefix\":\"B\"},{\"content\":\"341\",\"prefix\":\"C\"},{\"content\":\"234\",\"prefix\":\"D\"},{\"content\":\"1\",\"prefix\":\"E\"},{\"content\":\"234\",\"prefix\":\"F\"},{\"content\":\"2314\",\"prefix\":\"G\"},{\"content\":\"1234\",\"prefix\":\"H\"}],\"questionTitle\":\"选ABC\",\"questionType\":2,\"score\":54,\"subjectId\":1},{\"analysis\":\"23423\",\"correct\":\"B\",\"id\":64,\"items\":[{\"content\":\"\",\"prefix\":\"A\"},{\"content\":\"\",\"prefix\":\"B\"},{\"content\":\"\",\"prefix\":\"C\"},{\"content\":\"\",\"prefix\":\"D\"}],\"questionTitle\":\"324234\",\"questionType\":1,\"score\":54,\"subjectId\":1},{\"analysis\":\"测试解析\",\"correct\":\"A\",\"id\":62,\"items\":[{\"content\":\"2\",\"prefix\":\"A\"},{\"content\":\"3\",\"prefix\":\"B\"},{\"content\":\"4\",\"prefix\":\"C\"},{\"content\":\"5\",\"prefix\":\"D\"}],\"questionTitle\":\"1+1=？\",\"questionType\":1,\"score\":1,\"subjectId\":1}]}],\"paperType\":1,\"subjectId\":1,\"suggestTime\":1234213}', '{\"msg\":\"操作成功\",\"code\":200,\"data\":{\"paperId\":86,\"paperName\":\"145若35\",\"paperQuestionTypeDto\":[{\"name\":\"3245\",\"questionDtos\":[{\"analysis\":\"23443\",\"correct\":\"C\",\"id\":65,\"itemOrder\":0,\"items\":[{\"content\":\"23\",\"prefix\":\"A\"},{\"content\":\"4123\",\"prefix\":\"B\"},{\"content\":\"41234\",\"prefix\":\"C\"},{\"content\":\"2134\",\"prefix\":\"D\"}],\"questionTitle\":\"234234\",\"questionType\":1,\"score\":54,\"subjectId\":1},{\"analysis\":\"测试\",\"correctArray\":[\"A\",\"B\"],\"id\":61,\"itemOrder\":1,\"items\":[{\"content\":\"1\",\"prefix\":\"A\"},{\"content\":\"1\",\"prefix\":\"B\"},{\"content\":\"1\",\"prefix\":\"C\"},{\"content\":\"1\",\"prefix\":\"D\"},{\"content\":\"2341234\",\"prefix\":\"E\"}],\"questionTitle\":\"选ab\",\"questionType\":2,\"score\":54,\"subjectId\":1},{\"analysis\":\"12342134\",\"correctArray\":[\"A\",\"C\",\"B\",\"F\",\"H\"],\"id\":63,\"itemOrder\":2,\"items\":[{\"content\":\"12\",\"prefix\":\"A\"},{\"content\":\"2\",\"prefix\":\"B\"},{\"content\":\"341\",\"prefix\":\"C\"},{\"content\":\"234\",\"prefix\":\"D\"},{\"content\":\"1\",\"prefix\":\"E\"},{\"content\":\"234\",\"prefix\":\"F\"},{\"content\":\"2314\",\"prefix\":\"G\"},{\"content\":\"1234\",\"prefix\":\"H\"}],\"questionTitle\":\"选ABC\",\"questionType\":2,\"score\":54,\"subjectId\":1},{\"analysis\":\"23423\",\"correct\":\"B\",\"id\":64,\"itemOrder\":3,\"items\":[{\"content\":\"\",\"prefix\":\"A\"},{\"content\":\"\",\"prefix\":\"B\"},{\"content\":\"\",\"prefix\":\"C\"},{\"content\":\"\",\"prefix\":\"D\"}],\"questionTitle\":\"324234\",\"questionType\":1,\"score\":54,\"subjectId\":1},{\"analysis\":\"测试解析\",\"correct\":\"A\",\"id\":62,\"itemOrder\":4,\"items\":[{\"content\":\"2\",\"prefix\":\"A\"},{\"content\":\"3\",\"prefix\":\"B\"},{\"content\":\"4\",\"prefix\":\"C\"},{\"content\":\"5\",\"prefix\":\"D\"}],\"questionTitle\":\"1+1=？\",\"questionType\":1,\"score\":1,\"subjectId\":1}]}],\"paperType\":1,\"score\":217,\"subjectId\":1,\"suggestTime\":1234213}}', 0, NULL, '2024-10-25 21:44:40', 208);
INSERT INTO `sys_oper_log` VALUES (510, '试卷', 3, 'com.ruoyi.web.controller.quiz.admin.DamingPaperController.remove()', 'DELETE', 1, 'admin', '研发部门', '/quiz/paper/86', '127.0.0.1', '内网IP', '{}', NULL, 1, '\r\n### Error updating database.  Cause: java.sql.SQLSyntaxErrorException: Unknown column \'del_flg\' in \'field list\'\r\n### The error may exist in file [E:\\区块链比赛\\区块链赛前B站笔记++++\\Spring系列\\个人项目实战\\刷题项目\\后台\\daming-admin\\dm_questionBank\\target\\classes\\mapper\\quiz\\DamingPaperMapper.xml]\r\n### The error may involve com.dm.quiz.mapper.DamingPaperMapper.deleteDamingPaperByPaperIds-Inline\r\n### The error occurred while setting parameters\r\n### SQL: update daming_paper         set del_flg = 2         where paper_id in          (               ?          )\r\n### Cause: java.sql.SQLSyntaxErrorException: Unknown column \'del_flg\' in \'field list\'\n; bad SQL grammar []; nested exception is java.sql.SQLSyntaxErrorException: Unknown column \'del_flg\' in \'field list\'', '2024-10-25 21:44:46', 103);
INSERT INTO `sys_oper_log` VALUES (511, '试卷', 3, 'com.ruoyi.web.controller.quiz.admin.DamingPaperController.remove()', 'DELETE', 1, 'admin', '研发部门', '/quiz/paper/86', '127.0.0.1', '内网IP', '{}', '{\"msg\":\"删除成功\",\"code\":200}', 0, NULL, '2024-10-25 21:45:16', 35);
INSERT INTO `sys_oper_log` VALUES (512, '题目表', 3, 'com.ruoyi.web.controller.quiz.admin.DamingQuestionController.remove()', 'DELETE', 1, 'admin', '研发部门', '/quiz/question/62', '127.0.0.1', '内网IP', '{}', '{\"msg\":\"删除成功\",\"code\":200}', 0, NULL, '2024-10-25 21:45:36', 17);
INSERT INTO `sys_oper_log` VALUES (513, '用户管理', 1, 'com.ruoyi.web.controller.system.SysUserController.add()', 'POST', 1, 'admin', '研发部门', '/system/user', '127.0.0.1', '内网IP', '{\"admin\":false,\"createBy\":\"admin\",\"email\":\"1626016153@qq.com\",\"nickName\":\"老师\",\"params\":{},\"phonenumber\":\"15266666666\",\"postIds\":[1],\"roleIds\":[2],\"sex\":\"2\",\"status\":\"0\",\"userId\":3,\"userName\":\"Zww\"}', '{\"msg\":\"操作成功\",\"code\":200}', 0, NULL, '2024-10-25 21:48:10', 215);
INSERT INTO `sys_oper_log` VALUES (514, '角色管理', 1, 'com.ruoyi.web.controller.system.SysRoleController.add()', 'POST', 1, 'admin', '研发部门', '/system/role', '127.0.0.1', '内网IP', '{\"admin\":false,\"createBy\":\"admin\",\"deptCheckStrictly\":true,\"deptIds\":[],\"flag\":false,\"menuCheckStrictly\":true,\"menuIds\":[2000,2011,2012,2013,2014,2015,2016,2039,2040,2041,2042,2043,2044,2019,2018,2020,2021,2022,2023,2024,2025,2032,2033,2034,2035,2036,2037,2038,2045,2046,2047,2048,2049,2050,2051],\"params\":{},\"roleId\":3,\"roleKey\":\"teacher\",\"roleName\":\"教师\",\"roleSort\":3,\"status\":\"0\"}', '{\"msg\":\"操作成功\",\"code\":200}', 0, NULL, '2024-10-25 21:49:38', 51);
INSERT INTO `sys_oper_log` VALUES (515, '用户管理', 2, 'com.ruoyi.web.controller.system.SysUserController.edit()', 'PUT', 1, 'admin', '研发部门', '/system/user', '127.0.0.1', '内网IP', '{\"admin\":false,\"avatar\":\"\",\"createBy\":\"admin\",\"createTime\":\"2024-10-25 21:48:10\",\"delFlag\":\"0\",\"deptId\":100,\"email\":\"1626016153@qq.com\",\"loginIp\":\"\",\"nickName\":\"老师\",\"params\":{},\"phonenumber\":\"15266666666\",\"postIds\":[1],\"remark\":\"可以增加学生账号，编写试卷，编写题目\",\"roleIds\":[3],\"roles\":[{\"admin\":false,\"dataScope\":\"2\",\"deptCheckStrictly\":false,\"flag\":false,\"menuCheckStrictly\":false,\"params\":{},\"roleId\":2,\"roleKey\":\"common\",\"roleName\":\"普通角色\",\"roleSort\":2,\"status\":\"0\"}],\"sex\":\"2\",\"status\":\"0\",\"updateBy\":\"admin\",\"userId\":3,\"userName\":\"Zww\"}', '{\"msg\":\"操作成功\",\"code\":200}', 0, NULL, '2024-10-25 21:50:11', 64);
INSERT INTO `sys_oper_log` VALUES (516, '刷题用户', 2, 'com.ruoyi.web.controller.quiz.admin.DamingUserController.updateInfo()', 'PUT', 1, 'admin', '研发部门', '/quiz/user', '127.0.0.1', '内网IP', '{\"userForm\":\"{\\\"createBy\\\":null,\\\"createTime\\\":\\\"2024-10-25 21:42:08\\\",\\\"updateBy\\\":null,\\\"updateTime\\\":\\\"2024-10-25 21:42:08\\\",\\\"remark\\\":null,\\\"userId\\\":3,\\\"userName\\\":\\\"123443\\\",\\\"password\\\":null,\\\"nickName\\\":\\\"1234\\\",\\\"avatar\\\":\\\"/profile/avatar/2024/10/25/barn_20241025212409A002.jpg\\\",\\\"delFlag\\\":\\\"0\\\"}\"}', NULL, 1, '', '2024-10-25 22:55:22', 5);
INSERT INTO `sys_oper_log` VALUES (517, '刷题用户', 2, 'com.ruoyi.web.controller.quiz.admin.DamingUserController.updateInfo()', 'PUT', 1, 'admin', '研发部门', '/quiz/user', '127.0.0.1', '内网IP', '{\"userForm\":\"{\\\"createBy\\\":null,\\\"createTime\\\":\\\"2024-10-25 21:42:08\\\",\\\"updateBy\\\":null,\\\"updateTime\\\":\\\"2024-10-25 21:42:08\\\",\\\"remark\\\":null,\\\"userId\\\":3,\\\"userName\\\":\\\"123443\\\",\\\"password\\\":null,\\\"nickName\\\":\\\"1234\\\",\\\"avatar\\\":\\\"/profile/avatar/2024/10/25/barn_20241025212409A002.jpg\\\",\\\"delFlag\\\":\\\"0\\\"}\"}', NULL, 1, '', '2024-10-25 22:55:29', 1);
INSERT INTO `sys_oper_log` VALUES (518, '刷题用户', 2, 'com.ruoyi.web.controller.quiz.admin.DamingUserController.updateInfo()', 'PUT', 1, 'admin', '研发部门', '/quiz/user', '127.0.0.1', '内网IP', '{\"userForm\":\"{\\\"createBy\\\":null,\\\"createTime\\\":\\\"2024-10-25 21:42:08\\\",\\\"updateBy\\\":null,\\\"updateTime\\\":\\\"2024-10-25 21:42:08\\\",\\\"remark\\\":null,\\\"userId\\\":3,\\\"userName\\\":\\\"123443\\\",\\\"password\\\":null,\\\"nickName\\\":\\\"1234\\\",\\\"avatar\\\":\\\"/profile/avatar/2024/10/25/barn_20241025212409A002.jpg\\\",\\\"delFlag\\\":\\\"0\\\"}\"}', NULL, 1, '', '2024-10-25 22:55:33', 1);
INSERT INTO `sys_oper_log` VALUES (519, '刷题用户', 2, 'com.ruoyi.web.controller.quiz.admin.DamingUserController.updateInfo()', 'PUT', 1, 'admin', '研发部门', '/quiz/user', '127.0.0.1', '内网IP', '{\"userForm\":\"{\\\"createBy\\\":null,\\\"createTime\\\":\\\"2024-10-25 21:42:08\\\",\\\"updateBy\\\":null,\\\"updateTime\\\":\\\"2024-10-25 21:42:08\\\",\\\"remark\\\":null,\\\"userId\\\":3,\\\"userName\\\":\\\"123443\\\",\\\"password\\\":null,\\\"nickName\\\":\\\"1234\\\",\\\"avatar\\\":\\\"/profile/avatar/2024/10/25/barn_20241025212409A002.jpg\\\",\\\"delFlag\\\":\\\"0\\\"}\"}', NULL, 1, '', '2024-10-25 22:55:54', 3914);
INSERT INTO `sys_oper_log` VALUES (520, '刷题用户', 2, 'com.ruoyi.web.controller.quiz.admin.DamingUserController.updateInfo()', 'PUT', 1, 'admin', '研发部门', '/quiz/user', '127.0.0.1', '内网IP', '{\"userForm\":\"{\\\"createBy\\\":null,\\\"createTime\\\":\\\"2024-10-25 21:42:08\\\",\\\"updateBy\\\":null,\\\"updateTime\\\":\\\"2024-10-25 21:42:08\\\",\\\"remark\\\":null,\\\"userId\\\":3,\\\"userName\\\":\\\"123443\\\",\\\"password\\\":null,\\\"nickName\\\":\\\"1234\\\",\\\"avatar\\\":\\\"/profile/avatar/2024/10/25/barn_20241025212409A002.jpg\\\",\\\"delFlag\\\":\\\"0\\\"}\"}', '{\"msg\":\"操作成功\",\"imgUrl\":\"/profile/avatar/2024/10/25/barn_20241025212409A002.jpg\",\"code\":200}', 0, NULL, '2024-10-25 22:59:01', 29);
INSERT INTO `sys_oper_log` VALUES (521, '刷题用户', 2, 'com.ruoyi.web.controller.quiz.admin.DamingUserController.updateInfo()', 'PUT', 1, 'admin', '研发部门', '/quiz/user', '127.0.0.1', '内网IP', '{\"userForm\":\"{\\\"createBy\\\":null,\\\"createTime\\\":\\\"2024-10-25 21:42:08\\\",\\\"updateBy\\\":null,\\\"updateTime\\\":\\\"2024-10-25 21:42:08\\\",\\\"remark\\\":null,\\\"userId\\\":3,\\\"userName\\\":\\\"12344323142341\\\",\\\"password\\\":null,\\\"nickName\\\":\\\"1234\\\",\\\"avatar\\\":\\\"/profile/avatar/2024/10/25/barn_20241025212409A002.jpg\\\",\\\"delFlag\\\":\\\"0\\\"}\"}', '{\"msg\":\"操作成功\",\"imgUrl\":\"/profile/avatar/2024/10/25/barn_20241025212409A002.jpg\",\"code\":200}', 0, NULL, '2024-10-25 23:10:32', 12);
INSERT INTO `sys_oper_log` VALUES (522, '刷题用户', 2, 'com.ruoyi.web.controller.quiz.admin.DamingUserController.updateInfo()', 'PUT', 1, 'admin', '研发部门', '/quiz/user', '127.0.0.1', '内网IP', '{\"userForm\":\"{\\\"createBy\\\":null,\\\"createTime\\\":\\\"2024-10-25 21:42:08\\\",\\\"updateBy\\\":null,\\\"updateTime\\\":\\\"2024-10-25 21:42:08\\\",\\\"remark\\\":null,\\\"userId\\\":3,\\\"userName\\\":\\\"12344323142341\\\",\\\"password\\\":null,\\\"nickName\\\":\\\"1234\\\",\\\"avatar\\\":\\\"data:image/jpeg;base64,/9j/4AAQSkZJRgABAQAAAQABAAD/4gHYSUNDX1BST0ZJTEUAAQEAAAHIAAAAAAQwAABtbnRyUkdCIFhZWiAH4AABAAEAAAAAAABhY3NwAAAAAAAAAAAAAAAAAAAAAAAAAAAAAAAAAAAAAQAA9tYAAQAAAADTLQAAAAAAAAAAAAAAAAAAAAAAAAAAAAAAAAAAAAAAAAAAAAAAAAAAAAAAAAAAAAAAAAAAAAlkZXNjAAAA8AAAACRyWFlaAAABFAAAABRnWFlaAAABKAAAABRiWFlaAAABPAAAABR3dHB0AAABUAAAABRyVFJDAAABZAAAAChnVFJDAAABZAAAAChiVFJDAAABZAAAAChjcHJ0AAABjAAAADxtbHVjAAAAAAAAAAEAAAAMZW5VUwAAAAgAAAAcAHMAUgBHAEJYWVogAAAAAAAAb6IAADj1AAADkFhZWiAAAAAAAABimQAAt4UAABjaWFlaIAAAAAAAACSgAAAPhAAAts9YWVogAAAAAAAA9tYAAQAAAADTLXBhcmEAAAAAAAQAAAACZmYAAPKnAAANWQAAE9AAAApbAAAAAAAAAABtbHVjAAAAAAAAAAEAAAAMZW5VUwAAACAAAAAcAEcAbwBvAGcAbABlACAASQBuAGMALgAgADIAMAAxADb/2wBDABoSExcTEBoXFRcdGxofJ0AqJyMjJ084PC9AXVJiYVxSWllndJR+Z22Mb1laga+CjJmepqemZHy2w7ShwZSjpp//2wBDARsdHSciJ0wqKkyfalpqn5+fn5+fn5+fn5+fn5+fn5+fn5+fn5+fn5+fn5+fn5+fn5+fn5+fn5+fn5+fn5+fn5//wAARCAQ4B4ADASIAAhEBAxEB/8QAGQABAQEBAQEAAAAAAAAAAAAAAAECAwQF/8QANxAAAgIBBAEDAwMCBQUBAAMBAAECESEDEjFBUSJhcQQTgTKRoUKxFCNSwdFicuHw8TNDgpIF/8QAGQEBAQEBAQEAAAAAAAAAAAAAAAECAwQF/8QAIREBAQEAAwEBAQEBAQEBAAAAAAERAiExEkFRYXEiEwP/2gAMAwEAAhEDEQA/APNblcnbfLYEW1TTprtFurVRd9nsfKQpAQWmuU0Ak5Ze5pctK6BUAAAKk2rrCIAKBYAFIXFd2EAABQQAUpAEUE7wVpJLKYADFe/yAKCCwilIAKCAgoDxhgIFIUBeAAQAAABQEAC2BCgBApC8gAABbBAEUEKBQQAUhQEQdUClVKAKBCGgBkoKBCgBApCgCkARSmSkFstmS2EastmLNBMaKZRbDKlIAilIUAAAgAAoAAAACBCgKgAAgKQAECoqqg0WKtlkDOtYKAEQFIBAUgVHyCkIIyFZCqEKCKhCkCgAAEKCiGWaIwsQhQFQABTrsAAAUAZIaIwJQAKrLJRpjgqsEZt5M0GpWGGvBqhGk/Um14ToqsSVOrT+HZDT5JQaZIboyFQX7FJRVZoPnFlFBWaIapvhWQLqAtACAtBgQhqg1XkLrLQKAIAAICkKqB/FFYAhCgKFJ2VZeAgasyikRpMqZhGkRK3YRkthlopktkRQSwAIAFGiAAQFZOwoggVu+QAACAFgAAAqucvtrTt7E91e5zZojAywGQrbdPapP9LdWQyXoIoILADHnAZAK66d/gliyBVMsrIFide4BAqgAoFIUCmWUMIyQrLCKnOnNQXO5hpgAEVAV1brggUIVtvl8ACFTSTuKbaw30ABAAQ', '{\"msg\":\"操作成功\",\"imgUrl\":\"/profile/avatar/2024/10/25/northern_20241025231040A001.jpg\",\"code\":200}', 0, NULL, '2024-10-25 23:10:40', 4294);
INSERT INTO `sys_oper_log` VALUES (523, '用户管理', 2, 'com.ruoyi.web.controller.system.SysUserController.resetPwd()', 'PUT', 1, 'admin', '研发部门', '/system/user/resetPwd', '127.0.0.1', '内网IP', '{\"admin\":false,\"params\":{},\"updateBy\":\"admin\",\"userId\":3}', '{\"msg\":\"操作成功\",\"code\":200}', 0, NULL, '2024-10-25 23:12:55', 86);
INSERT INTO `sys_oper_log` VALUES (524, '代码生成', 2, 'com.ruoyi.generator.controller.GenController.editSave()', 'PUT', 1, 'admin', '研发部门', '/tool/gen', '127.0.0.1', '内网IP', '{\"businessName\":\"paper\",\"className\":\"DamingPaper\",\"columns\":[{\"capJavaField\":\"PaperId\",\"columnComment\":\"\",\"columnId\":5,\"columnName\":\"paper_id\",\"columnType\":\"int(11)\",\"createBy\":\"admin\",\"createTime\":\"2024-10-08 18:22:36\",\"dictType\":\"\",\"edit\":false,\"htmlType\":\"input\",\"increment\":true,\"insert\":true,\"isIncrement\":\"1\",\"isInsert\":\"1\",\"isPk\":\"1\",\"isRequired\":\"0\",\"javaField\":\"paperId\",\"javaType\":\"Long\",\"list\":false,\"params\":{},\"pk\":true,\"query\":false,\"queryType\":\"EQ\",\"required\":false,\"sort\":1,\"superColumn\":false,\"tableId\":2,\"updateBy\":\"\",\"updateTime\":\"2024-10-18 17:04:43\",\"usableColumn\":false},{\"capJavaField\":\"PaperName\",\"columnComment\":\"\",\"columnId\":6,\"columnName\":\"paper_name\",\"columnType\":\"varchar(255)\",\"createBy\":\"admin\",\"createTime\":\"2024-10-08 18:22:36\",\"dictType\":\"\",\"edit\":true,\"htmlType\":\"input\",\"increment\":false,\"insert\":true,\"isEdit\":\"1\",\"isIncrement\":\"0\",\"isInsert\":\"1\",\"isList\":\"1\",\"isPk\":\"0\",\"isQuery\":\"1\",\"isRequired\":\"1\",\"javaField\":\"paperName\",\"javaType\":\"String\",\"list\":true,\"params\":{},\"pk\":false,\"query\":true,\"queryType\":\"LIKE\",\"required\":true,\"sort\":2,\"superColumn\":false,\"tableId\":2,\"updateBy\":\"\",\"updateTime\":\"2024-10-18 17:04:43\",\"usableColumn\":false},{\"capJavaField\":\"SubjectId\",\"columnComment\":\"\",\"columnId\":7,\"columnName\":\"subject_id\",\"columnType\":\"int(11)\",\"createBy\":\"admin\",\"createTime\":\"2024-10-08 18:22:36\",\"dictType\":\"subject_id\",\"edit\":true,\"htmlType\":\"select\",\"increment\":false,\"insert\":true,\"isEdit\":\"1\",\"isIncrement\":\"0\",\"isInsert\":\"1\",\"isList\":\"1\",\"isPk\":\"0\",\"isQuery\":\"1\",\"isRequired\":\"1\",\"javaField\":\"subjectId\",\"javaType\":\"Long\",\"list\":true,\"params\":{},\"pk\":false,\"query\":true,\"queryType\":\"EQ\",\"required\":true,\"sort\":3,\"superColumn\":false,\"tableId\":2,\"updateBy\":\"\",\"updateTime\":\"2024-10-18 17:04:43\",\"usableColumn\":false},{\"capJavaField\":\"Score\",\"columnComment\":\"\",\"columnId\":8,\"columnName\":\"score\",\"columnType\":\"int(11)\",\"createBy\":\"admin\",\"createTime\":\"2024-10-08 18:22:36\",\"dictType\":\"\",\"edit\":true,\"htmlType\":\"input\",\"increment\":false,\"insert\":true,\"isE', '{\"msg\":\"操作成功\",\"code\":200}', 0, NULL, '2024-10-26 00:21:25', 86);
INSERT INTO `sys_oper_log` VALUES (525, '试卷', 1, 'com.ruoyi.web.controller.quiz.admin.DamingPaperController.add()', 'POST', 1, 'admin', '研发部门', '/quiz/paper', '127.0.0.1', '内网IP', '{\"paperName\":\"1234\",\"paperQuestionTypeDto\":[{\"name\":\"234\",\"questionDtos\":[{\"analysis\":\"23443\",\"correct\":\"C\",\"id\":65,\"items\":[{\"content\":\"23\",\"prefix\":\"A\"},{\"content\":\"4123\",\"prefix\":\"B\"},{\"content\":\"41234\",\"prefix\":\"C\"},{\"content\":\"2134\",\"prefix\":\"D\"}],\"questionTitle\":\"234234\",\"questionType\":1,\"score\":54,\"subjectId\":1},{\"analysis\":\"23423\",\"correct\":\"B\",\"id\":64,\"items\":[{\"content\":\"\",\"prefix\":\"A\"},{\"content\":\"\",\"prefix\":\"B\"},{\"content\":\"\",\"prefix\":\"C\"},{\"content\":\"\",\"prefix\":\"D\"}],\"questionTitle\":\"324234\",\"questionType\":1,\"score\":54,\"subjectId\":1},{\"analysis\":\"测试\",\"correct\":\"A\",\"id\":60,\"items\":[{\"content\":\"2\",\"prefix\":\"A\"},{\"content\":\"1\",\"prefix\":\"B\"},{\"content\":\"1\",\"prefix\":\"C\"},{\"content\":\"1\",\"prefix\":\"D\"},{\"content\":\"1\",\"prefix\":\"E\"}],\"questionTitle\":\"1+1=？\",\"questionType\":1,\"score\":54,\"subjectId\":1},{\"analysis\":\"测试\",\"correctArray\":[\"A\",\"B\"],\"id\":61,\"items\":[{\"content\":\"1\",\"prefix\":\"A\"},{\"content\":\"1\",\"prefix\":\"B\"},{\"content\":\"1\",\"prefix\":\"C\"},{\"content\":\"1\",\"prefix\":\"D\"},{\"content\":\"2341234\",\"prefix\":\"E\"}],\"questionTitle\":\"选ab\",\"questionType\":2,\"score\":54,\"subjectId\":1},{\"analysis\":\"12342134\",\"correctArray\":[\"A\",\"C\",\"B\",\"F\",\"H\"],\"id\":63,\"items\":[{\"content\":\"12\",\"prefix\":\"A\"},{\"content\":\"2\",\"prefix\":\"B\"},{\"content\":\"341\",\"prefix\":\"C\"},{\"content\":\"234\",\"prefix\":\"D\"},{\"content\":\"1\",\"prefix\":\"E\"},{\"content\":\"234\",\"prefix\":\"F\"},{\"content\":\"2314\",\"prefix\":\"G\"},{\"content\":\"1234\",\"prefix\":\"H\"}],\"questionTitle\":\"选ABC\",\"questionType\":2,\"score\":54,\"subjectId\":1}]}],\"paperType\":1,\"subjectId\":1,\"suggestTime\":2134}', '{\"msg\":\"操作成功\",\"code\":200,\"data\":{\"paperId\":87,\"paperName\":\"1234\",\"paperQuestionTypeDto\":[{\"name\":\"234\",\"questionDtos\":[{\"analysis\":\"23443\",\"correct\":\"C\",\"id\":65,\"itemOrder\":0,\"items\":[{\"content\":\"23\",\"prefix\":\"A\"},{\"content\":\"4123\",\"prefix\":\"B\"},{\"content\":\"41234\",\"prefix\":\"C\"},{\"content\":\"2134\",\"prefix\":\"D\"}],\"questionTitle\":\"234234\",\"questionType\":1,\"score\":54,\"subjectId\":1},{\"analysis\":\"23423\",\"correct\":\"B\",\"id\":64,\"itemOrder\":1,\"items\":[{\"content\":\"\",\"prefix\":\"A\"},{\"content\":\"\",\"prefix\":\"B\"},{\"content\":\"\",\"prefix\":\"C\"},{\"content\":\"\",\"prefix\":\"D\"}],\"questionTitle\":\"324234\",\"questionType\":1,\"score\":54,\"subjectId\":1},{\"analysis\":\"测试\",\"correct\":\"A\",\"id\":60,\"itemOrder\":2,\"items\":[{\"content\":\"2\",\"prefix\":\"A\"},{\"content\":\"1\",\"prefix\":\"B\"},{\"content\":\"1\",\"prefix\":\"C\"},{\"content\":\"1\",\"prefix\":\"D\"},{\"content\":\"1\",\"prefix\":\"E\"}],\"questionTitle\":\"1+1=？\",\"questionType\":1,\"score\":54,\"subjectId\":1},{\"analysis\":\"测试\",\"correctArray\":[\"A\",\"B\"],\"id\":61,\"itemOrder\":3,\"items\":[{\"content\":\"1\",\"prefix\":\"A\"},{\"content\":\"1\",\"prefix\":\"B\"},{\"content\":\"1\",\"prefix\":\"C\"},{\"content\":\"1\",\"prefix\":\"D\"},{\"content\":\"2341234\",\"prefix\":\"E\"}],\"questionTitle\":\"选ab\",\"questionType\":2,\"score\":54,\"subjectId\":1},{\"analysis\":\"12342134\",\"correctArray\":[\"A\",\"C\",\"B\",\"F\",\"H\"],\"id\":63,\"itemOrder\":4,\"items\":[{\"content\":\"12\",\"prefix\":\"A\"},{\"content\":\"2\",\"prefix\":\"B\"},{\"content\":\"341\",\"prefix\":\"C\"},{\"content\":\"234\",\"prefix\":\"D\"},{\"content\":\"1\",\"prefix\":\"E\"},{\"content\":\"234\",\"prefix\":\"F\"},{\"content\":\"2314\",\"prefix\":\"G\"},{\"content\":\"1234\",\"prefix\":\"H\"}],\"questionTitle\":\"选ABC\",\"questionType\":2,\"score\":54,\"subjectId\":1}]}],\"paperType\":1,\"score\":270,\"subjectId\":1,\"suggestTime\":2134}}', 0, NULL, '2024-10-26 00:46:01', 78);
INSERT INTO `sys_oper_log` VALUES (526, '题目表', 1, 'com.ruoyi.web.controller.quiz.admin.DamingQuestionController.add()', 'POST', 1, 'admin', '研发部门', '/quiz/question', '127.0.0.1', '内网IP', '{\"analysis\":\"无\",\"correct\":\"C\",\"correctArray\":[],\"items\":[{\"content\":\"1001\",\"prefix\":\"A\"},{\"content\":\"1100\",\"prefix\":\"B\"},{\"content\":\"1000\",\"prefix\":\"C\"},{\"content\":\"1011\",\"prefix\":\"D\"}],\"questionTitle\":\"十进制数8转换为二进制数为\",\"questionType\":1,\"score\":1,\"subjectId\":3}', '{\"msg\":\"操作成功\",\"code\":200}', 0, NULL, '2024-10-26 13:35:59', 214);
INSERT INTO `sys_oper_log` VALUES (527, '题目表', 3, 'com.ruoyi.web.controller.quiz.admin.DamingQuestionController.remove()', 'DELETE', 1, 'admin', '研发部门', '/quiz/question/65,64,63,61,60,59,58,57,56,55,54,53,52', '127.0.0.1', '内网IP', '{}', '{\"msg\":\"该试卷下有答题记录，请先删除\",\"code\":500}', 0, NULL, '2024-10-26 13:49:29', 10);
INSERT INTO `sys_oper_log` VALUES (528, '试卷作答情况', 3, 'com.ruoyi.web.controller.quiz.admin.DamingPaperAnswerController.remove()', 'DELETE', 1, 'admin', '研发部门', '/quiz/paperAnswer/99', '127.0.0.1', '内网IP', '{}', '{\"msg\":\"操作成功\",\"code\":200}', 0, NULL, '2024-10-26 13:49:40', 22);
INSERT INTO `sys_oper_log` VALUES (529, '题目回答情况表', 3, 'com.ruoyi.web.controller.quiz.admin.DamingQuestionAnswerController.remove()', 'DELETE', 1, 'admin', '研发部门', '/quiz/questionAnswer/254,255,256,257,258', '127.0.0.1', '内网IP', '{}', '{\"msg\":\"操作成功\",\"code\":200}', 0, NULL, '2024-10-26 13:49:52', 8);
INSERT INTO `sys_oper_log` VALUES (530, '题目表', 3, 'com.ruoyi.web.controller.quiz.admin.DamingQuestionController.remove()', 'DELETE', 1, 'admin', '研发部门', '/quiz/question/65,64,63,61,60,59,58,57,56,55,54,53,52', '127.0.0.1', '内网IP', '{}', '{\"msg\":\"删除成功\",\"code\":200}', 0, NULL, '2024-10-26 13:50:01', 33);
INSERT INTO `sys_oper_log` VALUES (531, '题目表', 1, 'com.ruoyi.web.controller.quiz.admin.DamingQuestionController.add()', 'POST', 1, 'admin', '研发部门', '/quiz/question', '127.0.0.1', '内网IP', '{\"analysis\":\"1\",\"correct\":\"D\",\"correctArray\":[],\"items\":[{\"content\":\"+\",\"prefix\":\"A\"},{\"content\":\"/\",\"prefix\":\"B\"},{\"content\":\"*\",\"prefix\":\"C\"},{\"content\":\"%\",\"prefix\":\"D\"}],\"questionTitle\":\"在C语言中，运算对象必须是整形的运算符是\",\"questionType\":1,\"score\":54,\"subjectId\":3}', '{\"msg\":\"操作成功\",\"code\":200}', 0, NULL, '2024-10-26 13:51:43', 15);
INSERT INTO `sys_oper_log` VALUES (532, '题目表', 2, 'com.ruoyi.web.controller.quiz.admin.DamingQuestionController.edit()', 'PUT', 1, 'admin', '研发部门', '/quiz/question', '127.0.0.1', '内网IP', '{\"analysis\":\"1\",\"correct\":\"D\",\"correctArray\":[],\"id\":67,\"items\":[{\"content\":\"+\",\"prefix\":\"A\"},{\"content\":\"/\",\"prefix\":\"B\"},{\"content\":\"*\",\"prefix\":\"C\"},{\"content\":\"%\",\"prefix\":\"D\"}],\"questionTitle\":\"在C语言中，运算对象必须是整形的运算符是\",\"questionType\":1,\"score\":1,\"subjectId\":3}', '{\"msg\":\"操作成功\",\"code\":200}', 0, NULL, '2024-10-26 13:52:34', 9);
INSERT INTO `sys_oper_log` VALUES (533, '题目表', 1, 'com.ruoyi.web.controller.quiz.admin.DamingQuestionController.add()', 'POST', 1, 'admin', '研发部门', '/quiz/question', '127.0.0.1', '内网IP', '{\"analysis\":\"无\",\"correct\":\"A\",\"correctArray\":[],\"items\":[{\"content\":\"x=y==1\",\"prefix\":\"A\"},{\"content\":\"x=5=y\",\"prefix\":\"B\"},{\"content\":\"x+y=5\",\"prefix\":\"C\"},{\"content\":\"x==y=1\",\"prefix\":\"D\"}],\"questionTitle\":\"若变量已定义且已赋值，以下合法的C语言赋值表达式是\",\"questionType\":1,\"score\":1,\"subjectId\":3}', '{\"msg\":\"操作成功\",\"code\":200}', 0, NULL, '2024-10-26 13:56:19', 14);
INSERT INTO `sys_oper_log` VALUES (534, '题目表', 1, 'com.ruoyi.web.controller.quiz.admin.DamingQuestionController.add()', 'POST', 1, 'admin', '研发部门', '/quiz/question', '127.0.0.1', '内网IP', '{\"analysis\":\"无\",\"correct\":\"B\",\"correctArray\":[],\"items\":[{\"content\":\"11 \",\"prefix\":\"A\"},{\"content\":\"12 \",\"prefix\":\"B\"},{\"content\":\"不确定\",\"prefix\":\"C\"},{\"content\":\"需要分配的内存容量取决于编译器实现 答案：B\",\"prefix\":\"D\"}],\"questionTitle\":\"C语言中，字符串\\\"Hello World!\\\"所占的内存字节数为\",\"questionType\":1,\"score\":54,\"subjectId\":3}', '{\"msg\":\"操作成功\",\"code\":200}', 0, NULL, '2024-10-26 14:00:12', 10);
INSERT INTO `sys_oper_log` VALUES (535, '题目表', 2, 'com.ruoyi.web.controller.quiz.admin.DamingQuestionController.edit()', 'PUT', 1, 'admin', '研发部门', '/quiz/question', '127.0.0.1', '内网IP', '{\"analysis\":\"无\",\"correct\":\"B\",\"correctArray\":[],\"id\":69,\"items\":[{\"content\":\"11 \",\"prefix\":\"A\"},{\"content\":\"12 \",\"prefix\":\"B\"},{\"content\":\"不确定\",\"prefix\":\"C\"},{\"content\":\"需要分配的内存容量取决于编译器实现 答案：B\",\"prefix\":\"D\"}],\"questionTitle\":\"C语言中，字符串\\\"Hello World!\\\"所占的内存字节数为\",\"questionType\":1,\"score\":1,\"subjectId\":3}', '{\"msg\":\"操作成功\",\"code\":200}', 0, NULL, '2024-10-26 14:06:18', 5);
INSERT INTO `sys_oper_log` VALUES (536, '题目表', 1, 'com.ruoyi.web.controller.quiz.admin.DamingQuestionController.add()', 'POST', 1, 'admin', '研发部门', '/quiz/question', '127.0.0.1', '内网IP', '{\"analysis\":\"无\",\"correct\":\"B\",\"correctArray\":[],\"items\":[{\"content\":\"print$\",\"prefix\":\"A\"},{\"content\":\"print_var\",\"prefix\":\"B\"},{\"content\":\"3print\",\"prefix\":\"C\"},{\"content\":\"print-\",\"prefix\":\"D\"}],\"questionTitle\":\"以下哪个是合法的C语言标识符?\",\"questionType\":1,\"score\":1,\"subjectId\":3}', '{\"msg\":\"操作成功\",\"code\":200}', 0, NULL, '2024-10-26 14:30:57', 9);
INSERT INTO `sys_oper_log` VALUES (537, '题目表', 1, 'com.ruoyi.web.controller.quiz.admin.DamingQuestionController.add()', 'POST', 1, 'admin', '研发部门', '/quiz/question', '127.0.0.1', '内网IP', '{\"analysis\":\"无\",\"correct\":\"C\",\"correctArray\":[],\"items\":[{\"content\":\"1st_variable\",\"prefix\":\"A\"},{\"content\":\"first-variable\",\"prefix\":\"B\"},{\"content\":\"first_variable\",\"prefix\":\"C\"},{\"content\":\"first variable\",\"prefix\":\"D\"}],\"questionTitle\":\"C语言中，以下哪个选项是合法的变量名？\",\"questionType\":1,\"score\":1,\"subjectId\":3}', '{\"msg\":\"操作成功\",\"code\":200}', 0, NULL, '2024-10-26 14:40:22', 17);
INSERT INTO `sys_oper_log` VALUES (538, '题目表', 1, 'com.ruoyi.web.controller.quiz.admin.DamingQuestionController.add()', 'POST', 1, 'admin', '研发部门', '/quiz/question', '127.0.0.1', '内网IP', '{\"analysis\":\"无\",\"correct\":\"B\",\"correctArray\":[],\"items\":[{\"content\":\"计算变量的值\",\"prefix\":\"A\"},{\"content\":\"获取变量所占的字节数\",\"prefix\":\"B\"},{\"content\":\"计算数组的长度\",\"prefix\":\"C\"},{\"content\":\"返回数据类型的最大值\",\"prefix\":\"D\"}],\"questionTitle\":\"C语言中的sizeof运算符用于：\",\"questionType\":1,\"score\":1,\"subjectId\":3}', '{\"msg\":\"操作成功\",\"code\":200}', 0, NULL, '2024-10-26 14:41:39', 7);
INSERT INTO `sys_oper_log` VALUES (539, '题目表', 1, 'com.ruoyi.web.controller.quiz.admin.DamingQuestionController.add()', 'POST', 1, 'admin', '研发部门', '/quiz/question', '127.0.0.1', '内网IP', '{\"analysis\":\"无\",\"correct\":\"A\",\"correctArray\":[],\"items\":[{\"content\":\"const\",\"prefix\":\"A\"},{\"content\":\"static\",\"prefix\":\"B\"},{\"content\":\"define\",\"prefix\":\"C\"},{\"content\":\"final\",\"prefix\":\"D\"}],\"questionTitle\":\"在C语言中，哪个关键字用于定义常量？\",\"questionType\":1,\"score\":1,\"subjectId\":3}', '{\"msg\":\"操作成功\",\"code\":200}', 0, NULL, '2024-10-26 14:42:07', 7);
INSERT INTO `sys_oper_log` VALUES (540, '题目表', 1, 'com.ruoyi.web.controller.quiz.admin.DamingQuestionController.add()', 'POST', 1, 'admin', '研发部门', '/quiz/question', '127.0.0.1', '内网IP', '{\"analysis\":\"无\",\"correct\":\"A\",\"correctArray\":[],\"items\":[{\"content\":\"打印的字符数\",\"prefix\":\"A\"},{\"content\":\"返回0表示成功\",\"prefix\":\"B\"},{\"content\":\"返回1表示失败\",\"prefix\":\"C\"},{\"content\":\"没有返回值\",\"prefix\":\"D\"}],\"questionTitle\":\"在C语言中，printf函数的返回值是：\",\"questionType\":1,\"score\":1,\"subjectId\":3}', '{\"msg\":\"操作成功\",\"code\":200}', 0, NULL, '2024-10-26 14:44:06', 7);
INSERT INTO `sys_oper_log` VALUES (541, '题目表', 1, 'com.ruoyi.web.controller.quiz.admin.DamingQuestionController.add()', 'POST', 1, 'admin', '研发部门', '/quiz/question', '127.0.0.1', '内网IP', '{\"analysis\":\"无\",\"correct\":\"A\",\"correctArray\":[],\"items\":[{\"content\":\"int arr[5];\",\"prefix\":\"A\"},{\"content\":\"int arr(5);\",\"prefix\":\"B\"},{\"content\":\"int arr{5};\",\"prefix\":\"C\"},{\"content\":\"int arr = new int[5];\",\"prefix\":\"D\"}],\"questionTitle\":\"在 C 语言中，以下哪个选项是正确的数组声明？\",\"questionType\":1,\"score\":1,\"subjectId\":3}', '{\"msg\":\"操作成功\",\"code\":200}', 0, NULL, '2024-10-26 14:48:04', 9);
INSERT INTO `sys_oper_log` VALUES (542, '试卷', 3, 'com.ruoyi.web.controller.quiz.admin.DamingPaperController.remove()', 'DELETE', 1, 'admin', '研发部门', '/quiz/paper/87', '127.0.0.1', '内网IP', '{}', '{\"msg\":\"删除成功\",\"code\":200}', 0, NULL, '2024-10-26 14:48:13', 16);
INSERT INTO `sys_oper_log` VALUES (543, '试卷', 1, 'com.ruoyi.web.controller.quiz.admin.DamingPaperController.add()', 'POST', 1, 'admin', '研发部门', '/quiz/paper', '127.0.0.1', '内网IP', '{\"paperName\":\"测试试卷\",\"paperQuestionTypeDto\":[{\"name\":\"单选题\",\"questionDtos\":[{\"analysis\":\"无\",\"correct\":\"A\",\"id\":75,\"items\":[{\"content\":\"int arr[5];\",\"prefix\":\"A\"},{\"content\":\"int arr(5);\",\"prefix\":\"B\"},{\"content\":\"int arr{5};\",\"prefix\":\"C\"},{\"content\":\"int arr = new int[5];\",\"prefix\":\"D\"}],\"questionTitle\":\"在 C 语言中，以下哪个选项是正确的数组声明？\",\"questionType\":1,\"score\":1,\"subjectId\":3},{\"analysis\":\"无\",\"correct\":\"B\",\"id\":72,\"items\":[{\"content\":\"计算变量的值\",\"prefix\":\"A\"},{\"content\":\"获取变量所占的字节数\",\"prefix\":\"B\"},{\"content\":\"计算数组的长度\",\"prefix\":\"C\"},{\"content\":\"返回数据类型的最大值\",\"prefix\":\"D\"}],\"questionTitle\":\"C语言中的sizeof运算符用于：\",\"questionType\":1,\"score\":1,\"subjectId\":3},{\"analysis\":\"无\",\"correct\":\"A\",\"id\":73,\"items\":[{\"content\":\"const\",\"prefix\":\"A\"},{\"content\":\"static\",\"prefix\":\"B\"},{\"content\":\"define\",\"prefix\":\"C\"},{\"content\":\"final\",\"prefix\":\"D\"}],\"questionTitle\":\"在C语言中，哪个关键字用于定义常量？\",\"questionType\":1,\"score\":1,\"subjectId\":3},{\"analysis\":\"无\",\"correct\":\"A\",\"id\":74,\"items\":[{\"content\":\"打印的字符数\",\"prefix\":\"A\"},{\"content\":\"返回0表示成功\",\"prefix\":\"B\"},{\"content\":\"返回1表示失败\",\"prefix\":\"C\"},{\"content\":\"没有返回值\",\"prefix\":\"D\"}],\"questionTitle\":\"在C语言中，printf函数的返回值是：\",\"questionType\":1,\"score\":1,\"subjectId\":3},{\"analysis\":\"无\",\"correct\":\"C\",\"id\":71,\"items\":[{\"content\":\"1st_variable\",\"prefix\":\"A\"},{\"content\":\"first-variable\",\"prefix\":\"B\"},{\"content\":\"first_variable\",\"prefix\":\"C\"},{\"content\":\"first variable\",\"prefix\":\"D\"}],\"questionTitle\":\"C语言中，以下哪个选项是合法的变量名？\",\"questionType\":1,\"score\":1,\"subjectId\":3}]}],\"paperType\":1,\"subjectId\":3,\"suggestTime\":1}', '{\"msg\":\"操作成功\",\"code\":200,\"data\":{\"paperId\":88,\"paperName\":\"测试试卷\",\"paperQuestionTypeDto\":[{\"name\":\"单选题\",\"questionDtos\":[{\"analysis\":\"无\",\"correct\":\"A\",\"id\":75,\"itemOrder\":0,\"items\":[{\"content\":\"int arr[5];\",\"prefix\":\"A\"},{\"content\":\"int arr(5);\",\"prefix\":\"B\"},{\"content\":\"int arr{5};\",\"prefix\":\"C\"},{\"content\":\"int arr = new int[5];\",\"prefix\":\"D\"}],\"questionTitle\":\"在 C 语言中，以下哪个选项是正确的数组声明？\",\"questionType\":1,\"score\":1,\"subjectId\":3},{\"analysis\":\"无\",\"correct\":\"B\",\"id\":72,\"itemOrder\":1,\"items\":[{\"content\":\"计算变量的值\",\"prefix\":\"A\"},{\"content\":\"获取变量所占的字节数\",\"prefix\":\"B\"},{\"content\":\"计算数组的长度\",\"prefix\":\"C\"},{\"content\":\"返回数据类型的最大值\",\"prefix\":\"D\"}],\"questionTitle\":\"C语言中的sizeof运算符用于：\",\"questionType\":1,\"score\":1,\"subjectId\":3},{\"analysis\":\"无\",\"correct\":\"A\",\"id\":73,\"itemOrder\":2,\"items\":[{\"content\":\"const\",\"prefix\":\"A\"},{\"content\":\"static\",\"prefix\":\"B\"},{\"content\":\"define\",\"prefix\":\"C\"},{\"content\":\"final\",\"prefix\":\"D\"}],\"questionTitle\":\"在C语言中，哪个关键字用于定义常量？\",\"questionType\":1,\"score\":1,\"subjectId\":3},{\"analysis\":\"无\",\"correct\":\"A\",\"id\":74,\"itemOrder\":3,\"items\":[{\"content\":\"打印的字符数\",\"prefix\":\"A\"},{\"content\":\"返回0表示成功\",\"prefix\":\"B\"},{\"content\":\"返回1表示失败\",\"prefix\":\"C\"},{\"content\":\"没有返回值\",\"prefix\":\"D\"}],\"questionTitle\":\"在C语言中，printf函数的返回值是：\",\"questionType\":1,\"score\":1,\"subjectId\":3},{\"analysis\":\"无\",\"correct\":\"C\",\"id\":71,\"itemOrder\":4,\"items\":[{\"content\":\"1st_variable\",\"prefix\":\"A\"},{\"content\":\"first-variable\",\"prefix\":\"B\"},{\"content\":\"first_variable\",\"prefix\":\"C\"},{\"content\":\"first variable\",\"prefix\":\"D\"}],\"questionTitle\":\"C语言中，以下哪个选项是合法的变量名？\",\"questionType\":1,\"score\":1,\"subjectId\":3}]}],\"paperType\":1,\"score\":5,\"subjectId\":3,\"suggestTime\":1}}', 0, NULL, '2024-10-26 14:48:46', 57);
INSERT INTO `sys_oper_log` VALUES (544, '角色管理', 2, 'com.ruoyi.web.controller.system.SysRoleController.edit()', 'PUT', 1, 'admin', '研发部门', '/system/role', '127.0.0.1', '内网IP', '{\"admin\":false,\"createTime\":\"2024-10-25 21:49:38\",\"dataScope\":\"1\",\"delFlag\":\"0\",\"deptCheckStrictly\":true,\"flag\":false,\"menuCheckStrictly\":true,\"menuIds\":[2000,2011,2039,2018,2020,2033,2045,2046,2012,2013,2014,2016,2040,2044,2019,2021,2022,2023,2025,2032,2034,2038,2047,2049],\"params\":{},\"roleId\":3,\"roleKey\":\"teacher\",\"roleName\":\"教师\",\"roleSort\":3,\"status\":\"0\",\"updateBy\":\"admin\"}', '{\"msg\":\"操作成功\",\"code\":200}', 0, NULL, '2024-10-26 16:33:52', 14);
INSERT INTO `sys_oper_log` VALUES (545, '刷题用户', 2, 'com.ruoyi.web.controller.quiz.admin.DamingUserController.updateInfo()', 'PUT', 1, 'admin', '研发部门', '/quiz/user', '127.0.0.1', '内网IP', '{\"userForm\":\"{\\\"createBy\\\":null,\\\"createTime\\\":\\\"2024-10-25 21:42:08\\\",\\\"updateBy\\\":null,\\\"updateTime\\\":\\\"2024-10-25 21:42:08\\\",\\\"remark\\\":null,\\\"userId\\\":3,\\\"userName\\\":\\\"zww\\\",\\\"password\\\":null,\\\"nickName\\\":\\\"1234\\\",\\\"avatar\\\":\\\"/profile/avatar/2024/10/25/northern_20241025231040A001.jpg\\\",\\\"delFlag\\\":\\\"0\\\"}\"}', '{\"msg\":\"操作成功\",\"imgUrl\":\"/profile/avatar/2024/10/25/northern_20241025231040A001.jpg\",\"code\":200}', 0, NULL, '2024-10-26 16:34:08', 3);
INSERT INTO `sys_oper_log` VALUES (546, '用户管理', 2, 'com.ruoyi.web.controller.system.SysUserController.edit()', 'PUT', 1, 'admin', '研发部门', '/system/user', '127.0.0.1', '内网IP', '{\"admin\":false,\"avatar\":\"\",\"createBy\":\"admin\",\"createTime\":\"2024-10-25 21:48:10\",\"delFlag\":\"0\",\"dept\":{\"ancestors\":\"0\",\"children\":[],\"deptId\":100,\"deptName\":\"若依科技\",\"leader\":\"若依\",\"orderNum\":0,\"params\":{},\"parentId\":0,\"status\":\"0\"},\"deptId\":100,\"email\":\"1626016153@qq.com\",\"loginDate\":\"2024-10-26 00:18:17\",\"loginIp\":\"127.0.0.1\",\"nickName\":\"zww\",\"params\":{},\"phonenumber\":\"15266666666\",\"postIds\":[1],\"remark\":\"可以增加学生账号，编写试卷，编写题目\",\"roleIds\":[3],\"roles\":[{\"admin\":false,\"dataScope\":\"1\",\"deptCheckStrictly\":false,\"flag\":false,\"menuCheckStrictly\":false,\"params\":{},\"roleId\":3,\"roleKey\":\"teacher\",\"roleName\":\"教师\",\"roleSort\":3,\"status\":\"0\"}],\"sex\":\"2\",\"status\":\"0\",\"updateBy\":\"admin\",\"userId\":3,\"userName\":\"zww\"}', '{\"msg\":\"操作成功\",\"code\":200}', 0, NULL, '2024-10-26 16:34:23', 10);
INSERT INTO `sys_oper_log` VALUES (547, '用户管理', 2, 'com.ruoyi.web.controller.system.SysUserController.edit()', 'PUT', 1, 'admin', '研发部门', '/system/user', '127.0.0.1', '内网IP', '{\"admin\":false,\"avatar\":\"\",\"createBy\":\"admin\",\"createTime\":\"2024-10-25 21:48:10\",\"delFlag\":\"0\",\"dept\":{\"ancestors\":\"0\",\"children\":[],\"deptId\":100,\"deptName\":\"若依科技\",\"leader\":\"若依\",\"orderNum\":0,\"params\":{},\"parentId\":0,\"status\":\"0\"},\"deptId\":100,\"email\":\"1626016153@qq.com\",\"loginDate\":\"2024-10-26 00:18:17\",\"loginIp\":\"127.0.0.1\",\"nickName\":\"zww\",\"params\":{},\"phonenumber\":\"15266666666\",\"postIds\":[],\"remark\":\"可以增加学生账号，编写试卷，编写题目\",\"roleIds\":[3],\"roles\":[{\"admin\":false,\"dataScope\":\"1\",\"deptCheckStrictly\":false,\"flag\":false,\"menuCheckStrictly\":false,\"params\":{},\"roleId\":3,\"roleKey\":\"teacher\",\"roleName\":\"教师\",\"roleSort\":3,\"status\":\"0\"}],\"sex\":\"2\",\"status\":\"0\",\"updateBy\":\"admin\",\"userId\":3,\"userName\":\"zww\"}', '{\"msg\":\"操作成功\",\"code\":200}', 0, NULL, '2024-10-26 16:34:33', 12);
INSERT INTO `sys_oper_log` VALUES (548, '试卷作答情况', 5, 'com.ruoyi.web.controller.quiz.admin.DamingPaperAnswerController.export()', 'POST', 1, 'zww', '若依科技', '/quiz/paperAnswer/export', '127.0.0.1', '内网IP', '{\"pageSize\":\"10\",\"pageNum\":\"1\"}', NULL, 0, NULL, '2024-10-27 13:49:07', 1180);
INSERT INTO `sys_oper_log` VALUES (549, '试卷作答情况', 5, 'com.ruoyi.web.controller.quiz.admin.DamingPaperAnswerController.export()', 'POST', 1, 'zww', '若依科技', '/quiz/paperAnswer/export', '127.0.0.1', '内网IP', '{\"pageSize\":\"10\",\"pageNum\":\"1\"}', NULL, 0, NULL, '2024-10-27 13:50:49', 97579);
INSERT INTO `sys_oper_log` VALUES (550, '试卷作答情况', 5, 'com.ruoyi.web.controller.quiz.admin.DamingPaperAnswerController.export()', 'POST', 1, 'zww', '若依科技', '/quiz/paperAnswer/export', '127.0.0.1', '内网IP', '{\"pageSize\":\"10\",\"pageNum\":\"1\"}', NULL, 0, NULL, '2024-10-27 13:51:45', 43114);
INSERT INTO `sys_oper_log` VALUES (551, '试卷作答情况', 5, 'com.ruoyi.web.controller.quiz.admin.DamingPaperAnswerController.export()', 'POST', 1, 'zww', '若依科技', '/quiz/paperAnswer/export', '127.0.0.1', '内网IP', '{\"pageSize\":\"10\",\"pageNum\":\"1\"}', NULL, 0, NULL, '2024-10-27 13:52:25', 18164);
INSERT INTO `sys_oper_log` VALUES (552, '试卷作答情况', 5, 'com.ruoyi.web.controller.quiz.admin.DamingPaperAnswerController.export()', 'POST', 1, 'zww', '若依科技', '/quiz/paperAnswer/export', '127.0.0.1', '内网IP', '{\"pageSize\":\"10\",\"pageNum\":\"1\"}', NULL, 0, NULL, '2024-10-27 13:54:52', 55039);
INSERT INTO `sys_oper_log` VALUES (553, '试卷作答情况', 5, 'com.ruoyi.web.controller.quiz.admin.DamingPaperAnswerController.export()', 'POST', 1, 'zww', '若依科技', '/quiz/paperAnswer/export', '127.0.0.1', '内网IP', '{\"pageSize\":\"10\",\"pageNum\":\"1\"}', NULL, 0, NULL, '2024-10-27 13:57:35', 136891);
INSERT INTO `sys_oper_log` VALUES (554, '用户管理', 2, 'com.ruoyi.web.controller.system.SysUserController.edit()', 'PUT', 1, 'admin', '研发部门', '/system/user', '127.0.0.1', '内网IP', '{\"admin\":false,\"avatar\":\"\",\"createBy\":\"\",\"delFlag\":\"0\",\"dept\":{\"children\":[],\"deptId\":1132,\"params\":{}},\"deptId\":1132,\"email\":\"\",\"loginDate\":\"2024-10-27 14:00:23\",\"loginIp\":\"127.0.0.1\",\"nickName\":\"123\",\"params\":{},\"phonenumber\":\"\",\"postIds\":[],\"roleIds\":[3],\"roles\":[],\"sex\":\"0\",\"status\":\"0\",\"updateBy\":\"admin\",\"userId\":4,\"userName\":\"123\"}', '{\"msg\":\"操作成功\",\"code\":200}', 0, NULL, '2024-10-27 14:01:21', 28);
INSERT INTO `sys_oper_log` VALUES (555, '试卷作答情况', 5, 'com.ruoyi.web.controller.quiz.admin.DamingPaperAnswerController.export()', 'POST', 1, '123', NULL, '/quiz/paperAnswer/export', '127.0.0.1', '内网IP', '{\"pageSize\":\"10\",\"pageNum\":\"1\"}', NULL, 0, NULL, '2024-10-27 14:01:42', 472);
INSERT INTO `sys_oper_log` VALUES (556, '角色管理', 2, 'com.ruoyi.web.controller.system.SysRoleController.edit()', 'PUT', 1, 'admin', '研发部门', '/system/role', '127.0.0.1', '内网IP', '{\"admin\":false,\"createTime\":\"2024-10-25 21:49:38\",\"dataScope\":\"1\",\"delFlag\":\"0\",\"deptCheckStrictly\":true,\"flag\":false,\"menuCheckStrictly\":true,\"menuIds\":[2000,2011,2039,2018,2020,2033,2012,2013,2014,2016,2040,2044,2019,2021,2022,2023,2025,2032,2034,2038],\"params\":{},\"roleId\":3,\"roleKey\":\"teacher\",\"roleName\":\"教师\",\"roleSort\":3,\"status\":\"0\",\"updateBy\":\"admin\"}', '{\"msg\":\"操作成功\",\"code\":200}', 0, NULL, '2024-10-27 14:05:14', 32);
INSERT INTO `sys_oper_log` VALUES (557, '试卷作答情况', 5, 'com.ruoyi.web.controller.quiz.admin.DamingPaperAnswerController.export()', 'POST', 1, 'admin', '研发部门', '/quiz/paperAnswer/export', '127.0.0.1', '内网IP', '{\"pageSize\":\"10\",\"pageNum\":\"1\"}', NULL, 0, NULL, '2024-10-27 14:15:14', 390);
INSERT INTO `sys_oper_log` VALUES (558, '试卷', 5, 'com.ruoyi.web.controller.quiz.admin.DamingPaperController.export()', 'POST', 1, 'admin', '研发部门', '/quiz/paper/export', '127.0.0.1', '内网IP', '{\"pageSize\":\"10\",\"pageNum\":\"1\"}', NULL, 0, NULL, '2024-10-27 14:15:24', 35);
INSERT INTO `sys_oper_log` VALUES (559, '题目表', 5, 'com.ruoyi.web.controller.quiz.admin.DamingQuestionController.export()', 'POST', 1, 'admin', '研发部门', '/quiz/question/export', '127.0.0.1', '内网IP', '{\"pageSize\":\"10\",\"pageNum\":\"1\"}', NULL, 0, NULL, '2024-10-27 14:15:31', 24);
INSERT INTO `sys_oper_log` VALUES (560, '题目回答情况表', 5, 'com.ruoyi.web.controller.quiz.admin.DamingQuestionAnswerController.export()', 'POST', 1, 'admin', '研发部门', '/quiz/questionAnswer/export', '127.0.0.1', '内网IP', '{\"pageSize\":\"10\",\"pageNum\":\"1\"}', NULL, 0, NULL, '2024-10-27 14:15:37', 23);
INSERT INTO `sys_oper_log` VALUES (561, '刷题用户', 5, 'com.ruoyi.web.controller.quiz.admin.DamingUserController.export()', 'POST', 1, 'admin', '研发部门', '/quiz/user/export', '127.0.0.1', '内网IP', '{\"pageSize\":\"10\",\"pageNum\":\"1\"}', NULL, 0, NULL, '2024-10-27 14:15:49', 19);
INSERT INTO `sys_oper_log` VALUES (562, '用户管理', 5, 'com.ruoyi.web.controller.system.SysUserController.export()', 'POST', 1, 'admin', '研发部门', '/system/user/export', '127.0.0.1', '内网IP', '{\"pageSize\":\"10\",\"pageNum\":\"1\"}', NULL, 0, NULL, '2024-10-27 14:16:17', 81);
INSERT INTO `sys_oper_log` VALUES (563, '试卷', 0, 'com.ruoyi.web.controller.quiz.admin.DamingPaperController.autoCompose()', 'POST', 1, 'zww', '若依科技', '/quiz/paper/auto-compose', '127.0.0.1', '内网IP', '{\"enableAntiCheat\":false,\"rules\":[{\"questionCount\":5,\"questionType\":1,\"sectionName\":\"\"}],\"subjectId\":3}', '{\"msg\":\"操作成功\",\"code\":200,\"data\":{\"enableAntiCheat\":false,\"paperQuestionTypeDto\":[{\"name\":\"单选题\",\"questionDtos\":[{\"analysis\":\"无\",\"correct\":\"B\",\"id\":72,\"itemOrder\":0,\"items\":[{\"content\":\"计算变量的值\",\"prefix\":\"A\"},{\"content\":\"获取变量所占的字节数\",\"prefix\":\"B\"},{\"content\":\"计算数组的长度\",\"prefix\":\"C\"},{\"content\":\"返回数据类型的最大值\",\"prefix\":\"D\"}],\"questionTitle\":\"C语言中的sizeof运算符用于：\",\"questionType\":1,\"score\":1,\"subjectId\":3},{\"analysis\":\"无\",\"correct\":\"A\",\"id\":68,\"itemOrder\":1,\"items\":[{\"content\":\"x=y==1\",\"prefix\":\"A\"},{\"content\":\"x=5=y\",\"prefix\":\"B\"},{\"content\":\"x+y=5\",\"prefix\":\"C\"},{\"content\":\"x==y=1\",\"prefix\":\"D\"}],\"questionTitle\":\"若变量已定义且已赋值，以下合法的C语言赋值表达式是\",\"questionType\":1,\"score\":1,\"subjectId\":3},{\"analysis\":\"无\",\"correct\":\"B\",\"id\":70,\"itemOrder\":2,\"items\":[{\"content\":\"print$\",\"prefix\":\"A\"},{\"content\":\"print_var\",\"prefix\":\"B\"},{\"content\":\"3print\",\"prefix\":\"C\"},{\"content\":\"print-\",\"prefix\":\"D\"}],\"questionTitle\":\"以下哪个是合法的C语言标识符?\",\"questionType\":1,\"score\":1,\"subjectId\":3},{\"analysis\":\"无\",\"correct\":\"C\",\"id\":71,\"itemOrder\":3,\"items\":[{\"content\":\"1st_variable\",\"prefix\":\"A\"},{\"content\":\"first-variable\",\"prefix\":\"B\"},{\"content\":\"first_variable\",\"prefix\":\"C\"},{\"content\":\"first variable\",\"prefix\":\"D\"}],\"questionTitle\":\"C语言中，以下哪个选项是合法的变量名？\",\"questionType\":1,\"score\":1,\"subjectId\":3},{\"analysis\":\"无\",\"correct\":\"A\",\"id\":75,\"itemOrder\":4,\"items\":[{\"content\":\"int arr[5];\",\"prefix\":\"A\"},{\"content\":\"int arr(5);\",\"prefix\":\"B\"},{\"content\":\"int arr{5};\",\"prefix\":\"C\"},{\"content\":\"int arr = new int[5];\",\"prefix\":\"D\"}],\"questionTitle\":\"在 C 语言中，以下哪个选项是正确的数组声明？\",\"questionType\":1,\"score\":1,\"subjectId\":3}]}],\"questionCount\":5,\"score\":5,\"subjectId\":3}}', 0, NULL, '2025-11-11 20:21:39', 99);
INSERT INTO `sys_oper_log` VALUES (564, '题目表', 5, 'com.ruoyi.web.controller.quiz.admin.DamingQuestionController.export()', 'POST', 1, 'zww', '若依科技', '/quiz/question/export', '127.0.0.1', '内网IP', '{\"pageSize\":\"10\",\"pageNum\":\"1\"}', NULL, 0, NULL, '2025-11-11 20:28:21', 719);
INSERT INTO `sys_oper_log` VALUES (565, '试卷', 0, 'com.ruoyi.web.controller.quiz.admin.DamingPaperController.autoCompose()', 'POST', 1, 'zww', '若依科技', '/quiz/paper/auto-compose', '127.0.0.1', '内网IP', '{\"enableAntiCheat\":false,\"rules\":[{\"questionCount\":5,\"questionType\":1,\"sectionName\":\"\"}],\"subjectId\":3}', '{\"msg\":\"操作成功\",\"code\":200,\"data\":{\"enableAntiCheat\":false,\"paperQuestionTypeDto\":[{\"name\":\"单选题\",\"questionDtos\":[{\"analysis\":\"无\",\"correct\":\"B\",\"id\":69,\"itemOrder\":0,\"items\":[{\"content\":\"11 \",\"prefix\":\"A\"},{\"content\":\"12 \",\"prefix\":\"B\"},{\"content\":\"不确定\",\"prefix\":\"C\"},{\"content\":\"需要分配的内存容量取决于编译器实现 答案：B\",\"prefix\":\"D\"}],\"questionTitle\":\"C语言中，字符串\\\"Hello World!\\\"所占的内存字节数为\",\"questionType\":1,\"score\":1,\"subjectId\":3},{\"analysis\":\"无\",\"correct\":\"C\",\"id\":66,\"itemOrder\":1,\"items\":[{\"content\":\"1001\",\"prefix\":\"A\"},{\"content\":\"1100\",\"prefix\":\"B\"},{\"content\":\"1000\",\"prefix\":\"C\"},{\"content\":\"1011\",\"prefix\":\"D\"}],\"questionTitle\":\"十进制数8转换为二进制数为\",\"questionType\":1,\"score\":1,\"subjectId\":3},{\"analysis\":\"无\",\"correct\":\"A\",\"id\":75,\"itemOrder\":2,\"items\":[{\"content\":\"int arr[5];\",\"prefix\":\"A\"},{\"content\":\"int arr(5);\",\"prefix\":\"B\"},{\"content\":\"int arr{5};\",\"prefix\":\"C\"},{\"content\":\"int arr = new int[5];\",\"prefix\":\"D\"}],\"questionTitle\":\"在 C 语言中，以下哪个选项是正确的数组声明？\",\"questionType\":1,\"score\":1,\"subjectId\":3},{\"analysis\":\"1\",\"correct\":\"D\",\"id\":67,\"itemOrder\":3,\"items\":[{\"content\":\"+\",\"prefix\":\"A\"},{\"content\":\"/\",\"prefix\":\"B\"},{\"content\":\"*\",\"prefix\":\"C\"},{\"content\":\"%\",\"prefix\":\"D\"}],\"questionTitle\":\"在C语言中，运算对象必须是整形的运算符是\",\"questionType\":1,\"score\":1,\"subjectId\":3},{\"analysis\":\"无\",\"correct\":\"A\",\"id\":74,\"itemOrder\":4,\"items\":[{\"content\":\"打印的字符数\",\"prefix\":\"A\"},{\"content\":\"返回0表示成功\",\"prefix\":\"B\"},{\"content\":\"返回1表示失败\",\"prefix\":\"C\"},{\"content\":\"没有返回值\",\"prefix\":\"D\"}],\"questionTitle\":\"在C语言中，printf函数的返回值是：\",\"questionType\":1,\"score\":1,\"subjectId\":3}]}],\"questionCount\":5,\"score\":5,\"subjectId\":3}}', 0, NULL, '2025-11-11 21:18:00', 25);
INSERT INTO `sys_oper_log` VALUES (566, '试卷', 0, 'com.ruoyi.web.controller.quiz.admin.DamingPaperController.autoCompose()', 'POST', 1, 'zww', '若依科技', '/quiz/paper/auto-compose', '127.0.0.1', '内网IP', '{\"enableAntiCheat\":false,\"rules\":[{\"questionCount\":15,\"questionType\":1,\"sectionName\":\"\"}],\"subjectId\":3}', NULL, 1, '题型【单选题】剩余可用题目数量不足', '2025-11-11 21:18:16', 50);
INSERT INTO `sys_oper_log` VALUES (567, '试卷', 0, 'com.ruoyi.web.controller.quiz.admin.DamingPaperController.autoCompose()', 'POST', 1, 'zww', '若依科技', '/quiz/paper/auto-compose', '127.0.0.1', '内网IP', '{\"enableAntiCheat\":false,\"rules\":[{\"questionCount\":10,\"questionType\":1,\"sectionName\":\"\"}],\"subjectId\":3}', '{\"msg\":\"操作成功\",\"code\":200,\"data\":{\"enableAntiCheat\":false,\"paperQuestionTypeDto\":[{\"name\":\"单选题\",\"questionDtos\":[{\"analysis\":\"无\",\"correct\":\"A\",\"id\":68,\"itemOrder\":0,\"items\":[{\"content\":\"x=y==1\",\"prefix\":\"A\"},{\"content\":\"x=5=y\",\"prefix\":\"B\"},{\"content\":\"x+y=5\",\"prefix\":\"C\"},{\"content\":\"x==y=1\",\"prefix\":\"D\"}],\"questionTitle\":\"若变量已定义且已赋值，以下合法的C语言赋值表达式是\",\"questionType\":1,\"score\":1,\"subjectId\":3},{\"analysis\":\"无\",\"correct\":\"A\",\"id\":74,\"itemOrder\":1,\"items\":[{\"content\":\"打印的字符数\",\"prefix\":\"A\"},{\"content\":\"返回0表示成功\",\"prefix\":\"B\"},{\"content\":\"返回1表示失败\",\"prefix\":\"C\"},{\"content\":\"没有返回值\",\"prefix\":\"D\"}],\"questionTitle\":\"在C语言中，printf函数的返回值是：\",\"questionType\":1,\"score\":1,\"subjectId\":3},{\"analysis\":\"无\",\"correct\":\"C\",\"id\":66,\"itemOrder\":2,\"items\":[{\"content\":\"1001\",\"prefix\":\"A\"},{\"content\":\"1100\",\"prefix\":\"B\"},{\"content\":\"1000\",\"prefix\":\"C\"},{\"content\":\"1011\",\"prefix\":\"D\"}],\"questionTitle\":\"十进制数8转换为二进制数为\",\"questionType\":1,\"score\":1,\"subjectId\":3},{\"analysis\":\"无\",\"correct\":\"B\",\"id\":69,\"itemOrder\":3,\"items\":[{\"content\":\"11 \",\"prefix\":\"A\"},{\"content\":\"12 \",\"prefix\":\"B\"},{\"content\":\"不确定\",\"prefix\":\"C\"},{\"content\":\"需要分配的内存容量取决于编译器实现 答案：B\",\"prefix\":\"D\"}],\"questionTitle\":\"C语言中，字符串\\\"Hello World!\\\"所占的内存字节数为\",\"questionType\":1,\"score\":1,\"subjectId\":3},{\"analysis\":\"无\",\"correct\":\"B\",\"id\":70,\"itemOrder\":4,\"items\":[{\"content\":\"print$\",\"prefix\":\"A\"},{\"content\":\"print_var\",\"prefix\":\"B\"},{\"content\":\"3print\",\"prefix\":\"C\"},{\"content\":\"print-\",\"prefix\":\"D\"}],\"questionTitle\":\"以下哪个是合法的C语言标识符?\",\"questionType\":1,\"score\":1,\"subjectId\":3},{\"analysis\":\"无\",\"correct\":\"A\",\"id\":75,\"itemOrder\":5,\"items\":[{\"content\":\"int arr[5];\",\"prefix\":\"A\"},{\"content\":\"int arr(5);\",\"prefix\":\"B\"},{\"content\":\"int arr{5};\",\"prefix\":\"C\"},{\"content\":\"int arr = new int[5];\",\"prefix\":\"D\"}],\"questionTitle\":\"在 C 语言中，以下哪个选项是正确的数组声明？\",\"questionType\":1,\"score\":1,\"subjectId\":3},{\"analysis\":\"无\",\"correct\":\"B\",\"id\":72,\"itemOrder\":6,\"items\":[{\"content\":\"计算变量的值\",\"prefix\":\"A\"},{\"content\":\"获取变量所占的字节数\",\"prefix\":\"B\"},{\"content\":\"计算数组的长度\",\"prefix\":\"C\"},{\"conte', 0, NULL, '2025-11-11 21:18:20', 49);
INSERT INTO `sys_oper_log` VALUES (568, '试卷', 0, 'com.ruoyi.web.controller.quiz.admin.DamingPaperController.autoCompose()', 'POST', 1, 'zww', '若依科技', '/quiz/paper/auto-compose', '127.0.0.1', '内网IP', '{\"enableAntiCheat\":true,\"paperName\":\"lll\",\"paperType\":1,\"rules\":[{\"questionCount\":10,\"questionType\":1,\"sectionName\":\"\"}],\"subjectId\":3,\"suggestTime\":1}', '{\"msg\":\"操作成功\",\"code\":200,\"data\":{\"enableAntiCheat\":true,\"paperName\":\"lll\",\"paperQuestionTypeDto\":[{\"name\":\"单选题\",\"questionDtos\":[{\"analysis\":\"无\",\"correct\":\"A\",\"id\":74,\"itemOrder\":0,\"items\":[{\"content\":\"打印的字符数\",\"prefix\":\"A\"},{\"content\":\"返回0表示成功\",\"prefix\":\"B\"},{\"content\":\"返回1表示失败\",\"prefix\":\"C\"},{\"content\":\"没有返回值\",\"prefix\":\"D\"}],\"questionTitle\":\"在C语言中，printf函数的返回值是：\",\"questionType\":1,\"score\":1,\"subjectId\":3},{\"analysis\":\"无\",\"correct\":\"C\",\"id\":71,\"itemOrder\":1,\"items\":[{\"content\":\"1st_variable\",\"prefix\":\"A\"},{\"content\":\"first-variable\",\"prefix\":\"B\"},{\"content\":\"first_variable\",\"prefix\":\"C\"},{\"content\":\"first variable\",\"prefix\":\"D\"}],\"questionTitle\":\"C语言中，以下哪个选项是合法的变量名？\",\"questionType\":1,\"score\":1,\"subjectId\":3},{\"analysis\":\"无\",\"correct\":\"B\",\"id\":70,\"itemOrder\":2,\"items\":[{\"content\":\"print$\",\"prefix\":\"A\"},{\"content\":\"print_var\",\"prefix\":\"B\"},{\"content\":\"3print\",\"prefix\":\"C\"},{\"content\":\"print-\",\"prefix\":\"D\"}],\"questionTitle\":\"以下哪个是合法的C语言标识符?\",\"questionType\":1,\"score\":1,\"subjectId\":3},{\"analysis\":\"1\",\"correct\":\"D\",\"id\":67,\"itemOrder\":3,\"items\":[{\"content\":\"+\",\"prefix\":\"A\"},{\"content\":\"/\",\"prefix\":\"B\"},{\"content\":\"*\",\"prefix\":\"C\"},{\"content\":\"%\",\"prefix\":\"D\"}],\"questionTitle\":\"在C语言中，运算对象必须是整形的运算符是\",\"questionType\":1,\"score\":1,\"subjectId\":3},{\"analysis\":\"无\",\"correct\":\"B\",\"id\":69,\"itemOrder\":4,\"items\":[{\"content\":\"11 \",\"prefix\":\"A\"},{\"content\":\"12 \",\"prefix\":\"B\"},{\"content\":\"不确定\",\"prefix\":\"C\"},{\"content\":\"需要分配的内存容量取决于编译器实现 答案：B\",\"prefix\":\"D\"}],\"questionTitle\":\"C语言中，字符串\\\"Hello World!\\\"所占的内存字节数为\",\"questionType\":1,\"score\":1,\"subjectId\":3},{\"analysis\":\"无\",\"correct\":\"A\",\"id\":68,\"itemOrder\":5,\"items\":[{\"content\":\"x=y==1\",\"prefix\":\"A\"},{\"content\":\"x=5=y\",\"prefix\":\"B\"},{\"content\":\"x+y=5\",\"prefix\":\"C\"},{\"content\":\"x==y=1\",\"prefix\":\"D\"}],\"questionTitle\":\"若变量已定义且已赋值，以下合法的C语言赋值表达式是\",\"questionType\":1,\"score\":1,\"subjectId\":3},{\"analysis\":\"无\",\"correct\":\"B\",\"id\":72,\"itemOrder\":6,\"items\":[{\"content\":\"计算变量的值\",\"prefix\":\"A\"},{\"content\":\"获取变量所占的字节数\",\"prefix\":\"B\"},{\"content\":\"计算数组的长度\",\"prefix\":\"C\"}', 0, NULL, '2025-11-11 21:20:40', 34);
INSERT INTO `sys_oper_log` VALUES (569, '试卷', 1, 'com.ruoyi.web.controller.quiz.admin.DamingPaperController.add()', 'POST', 1, 'zww', '若依科技', '/quiz/paper', '127.0.0.1', '内网IP', '{\"enableAntiCheat\":true,\"paperName\":\"lll\",\"paperQuestionTypeDto\":[{\"name\":\"单选题\",\"questionDtos\":[{\"analysis\":\"无\",\"correct\":\"A\",\"id\":74,\"itemOrder\":0,\"items\":[{\"content\":\"打印的字符数\",\"prefix\":\"A\"},{\"content\":\"返回0表示成功\",\"prefix\":\"B\"},{\"content\":\"返回1表示失败\",\"prefix\":\"C\"},{\"content\":\"没有返回值\",\"prefix\":\"D\"}],\"questionTitle\":\"在C语言中，printf函数的返回值是：\",\"questionType\":1,\"score\":1,\"subjectId\":3},{\"analysis\":\"无\",\"correct\":\"C\",\"id\":71,\"itemOrder\":1,\"items\":[{\"content\":\"1st_variable\",\"prefix\":\"A\"},{\"content\":\"first-variable\",\"prefix\":\"B\"},{\"content\":\"first_variable\",\"prefix\":\"C\"},{\"content\":\"first variable\",\"prefix\":\"D\"}],\"questionTitle\":\"C语言中，以下哪个选项是合法的变量名？\",\"questionType\":1,\"score\":1,\"subjectId\":3},{\"analysis\":\"无\",\"correct\":\"B\",\"id\":70,\"itemOrder\":2,\"items\":[{\"content\":\"print$\",\"prefix\":\"A\"},{\"content\":\"print_var\",\"prefix\":\"B\"},{\"content\":\"3print\",\"prefix\":\"C\"},{\"content\":\"print-\",\"prefix\":\"D\"}],\"questionTitle\":\"以下哪个是合法的C语言标识符?\",\"questionType\":1,\"score\":1,\"subjectId\":3},{\"analysis\":\"1\",\"correct\":\"D\",\"id\":67,\"itemOrder\":3,\"items\":[{\"content\":\"+\",\"prefix\":\"A\"},{\"content\":\"/\",\"prefix\":\"B\"},{\"content\":\"*\",\"prefix\":\"C\"},{\"content\":\"%\",\"prefix\":\"D\"}],\"questionTitle\":\"在C语言中，运算对象必须是整形的运算符是\",\"questionType\":1,\"score\":1,\"subjectId\":3},{\"analysis\":\"无\",\"correct\":\"B\",\"id\":69,\"itemOrder\":4,\"items\":[{\"content\":\"11 \",\"prefix\":\"A\"},{\"content\":\"12 \",\"prefix\":\"B\"},{\"content\":\"不确定\",\"prefix\":\"C\"},{\"content\":\"需要分配的内存容量取决于编译器实现 答案：B\",\"prefix\":\"D\"}],\"questionTitle\":\"C语言中，字符串\\\"Hello World!\\\"所占的内存字节数为\",\"questionType\":1,\"score\":1,\"subjectId\":3},{\"analysis\":\"无\",\"correct\":\"A\",\"id\":68,\"itemOrder\":5,\"items\":[{\"content\":\"x=y==1\",\"prefix\":\"A\"},{\"content\":\"x=5=y\",\"prefix\":\"B\"},{\"content\":\"x+y=5\",\"prefix\":\"C\"},{\"content\":\"x==y=1\",\"prefix\":\"D\"}],\"questionTitle\":\"若变量已定义且已赋值，以下合法的C语言赋值表达式是\",\"questionType\":1,\"score\":1,\"subjectId\":3},{\"analysis\":\"无\",\"correct\":\"B\",\"id\":72,\"itemOrder\":6,\"items\":[{\"content\":\"计算变量的值\",\"prefix\":\"A\"},{\"content\":\"获取变量所占的字节数\",\"prefix\":\"B\"},{\"content\":\"计算数组的长度\",\"prefix\":\"C\"},{\"content\":\"返回数据类型的最大值\",\"prefix', '{\"msg\":\"操作成功\",\"code\":200,\"data\":{\"enableAntiCheat\":true,\"paperId\":89,\"paperName\":\"lll\",\"paperQuestionTypeDto\":[{\"name\":\"单选题\",\"questionDtos\":[{\"analysis\":\"无\",\"correct\":\"A\",\"id\":74,\"itemOrder\":0,\"items\":[{\"content\":\"打印的字符数\",\"prefix\":\"A\"},{\"content\":\"返回0表示成功\",\"prefix\":\"B\"},{\"content\":\"返回1表示失败\",\"prefix\":\"C\"},{\"content\":\"没有返回值\",\"prefix\":\"D\"}],\"questionTitle\":\"在C语言中，printf函数的返回值是：\",\"questionType\":1,\"score\":1,\"subjectId\":3},{\"analysis\":\"无\",\"correct\":\"C\",\"id\":71,\"itemOrder\":1,\"items\":[{\"content\":\"1st_variable\",\"prefix\":\"A\"},{\"content\":\"first-variable\",\"prefix\":\"B\"},{\"content\":\"first_variable\",\"prefix\":\"C\"},{\"content\":\"first variable\",\"prefix\":\"D\"}],\"questionTitle\":\"C语言中，以下哪个选项是合法的变量名？\",\"questionType\":1,\"score\":1,\"subjectId\":3},{\"analysis\":\"无\",\"correct\":\"B\",\"id\":70,\"itemOrder\":2,\"items\":[{\"content\":\"print$\",\"prefix\":\"A\"},{\"content\":\"print_var\",\"prefix\":\"B\"},{\"content\":\"3print\",\"prefix\":\"C\"},{\"content\":\"print-\",\"prefix\":\"D\"}],\"questionTitle\":\"以下哪个是合法的C语言标识符?\",\"questionType\":1,\"score\":1,\"subjectId\":3},{\"analysis\":\"1\",\"correct\":\"D\",\"id\":67,\"itemOrder\":3,\"items\":[{\"content\":\"+\",\"prefix\":\"A\"},{\"content\":\"/\",\"prefix\":\"B\"},{\"content\":\"*\",\"prefix\":\"C\"},{\"content\":\"%\",\"prefix\":\"D\"}],\"questionTitle\":\"在C语言中，运算对象必须是整形的运算符是\",\"questionType\":1,\"score\":1,\"subjectId\":3},{\"analysis\":\"无\",\"correct\":\"B\",\"id\":69,\"itemOrder\":4,\"items\":[{\"content\":\"11 \",\"prefix\":\"A\"},{\"content\":\"12 \",\"prefix\":\"B\"},{\"content\":\"不确定\",\"prefix\":\"C\"},{\"content\":\"需要分配的内存容量取决于编译器实现 答案：B\",\"prefix\":\"D\"}],\"questionTitle\":\"C语言中，字符串\\\"Hello World!\\\"所占的内存字节数为\",\"questionType\":1,\"score\":1,\"subjectId\":3},{\"analysis\":\"无\",\"correct\":\"A\",\"id\":68,\"itemOrder\":5,\"items\":[{\"content\":\"x=y==1\",\"prefix\":\"A\"},{\"content\":\"x=5=y\",\"prefix\":\"B\"},{\"content\":\"x+y=5\",\"prefix\":\"C\"},{\"content\":\"x==y=1\",\"prefix\":\"D\"}],\"questionTitle\":\"若变量已定义且已赋值，以下合法的C语言赋值表达式是\",\"questionType\":1,\"score\":1,\"subjectId\":3},{\"analysis\":\"无\",\"correct\":\"B\",\"id\":72,\"itemOrder\":6,\"items\":[{\"content\":\"计算变量的值\",\"prefix\":\"A\"},{\"content\":\"获取变量所占的字节数\",\"prefix\":\"B\"},{\"content\":\"计算数组的长度\",', 0, NULL, '2025-11-11 21:20:42', 144);
INSERT INTO `sys_oper_log` VALUES (570, '试卷', 0, 'com.ruoyi.web.controller.quiz.admin.DamingPaperController.autoCompose()', 'POST', 1, 'zww', '若依科技', '/quiz/paper/auto-compose', '127.0.0.1', '内网IP', '{\"enableAntiCheat\":false,\"paperName\":\"123\",\"paperType\":1,\"rules\":[{\"questionCount\":5,\"questionType\":1,\"sectionName\":\"\"}],\"subjectId\":1,\"suggestTime\":12123}', NULL, 1, '题库中没有匹配的题目可供自动组卷', '2025-11-11 23:10:44', 17);
INSERT INTO `sys_oper_log` VALUES (571, '试卷', 0, 'com.ruoyi.web.controller.quiz.admin.DamingPaperController.autoCompose()', 'POST', 1, 'zww', '若依科技', '/quiz/paper/auto-compose', '127.0.0.1', '内网IP', '{\"enableAntiCheat\":false,\"paperName\":\"123\",\"paperType\":1,\"rules\":[{\"questionCount\":5,\"questionType\":1,\"sectionName\":\"\"}],\"subjectId\":1,\"suggestTime\":12123}', NULL, 1, '题库中没有匹配的题目可供自动组卷', '2025-11-11 23:10:48', 3);
INSERT INTO `sys_oper_log` VALUES (572, '试卷', 0, 'com.ruoyi.web.controller.quiz.admin.DamingPaperController.autoCompose()', 'POST', 1, 'zww', '若依科技', '/quiz/paper/auto-compose', '127.0.0.1', '内网IP', '{\"enableAntiCheat\":false,\"paperName\":\"123\",\"paperType\":1,\"rules\":[{\"questionCount\":5,\"questionType\":1,\"sectionName\":\"\"}],\"subjectId\":3,\"suggestTime\":12123}', '{\"msg\":\"操作成功\",\"code\":200,\"data\":{\"enableAntiCheat\":false,\"paperName\":\"123\",\"paperQuestionTypeDto\":[{\"name\":\"单选题\",\"questionDtos\":[{\"analysis\":\"无\",\"correct\":\"C\",\"id\":71,\"itemOrder\":0,\"items\":[{\"content\":\"1st_variable\",\"prefix\":\"A\"},{\"content\":\"first-variable\",\"prefix\":\"B\"},{\"content\":\"first_variable\",\"prefix\":\"C\"},{\"content\":\"first variable\",\"prefix\":\"D\"}],\"questionTitle\":\"C语言中，以下哪个选项是合法的变量名？\",\"questionType\":1,\"score\":1,\"subjectId\":3},{\"analysis\":\"无\",\"correct\":\"A\",\"id\":73,\"itemOrder\":1,\"items\":[{\"content\":\"const\",\"prefix\":\"A\"},{\"content\":\"static\",\"prefix\":\"B\"},{\"content\":\"define\",\"prefix\":\"C\"},{\"content\":\"final\",\"prefix\":\"D\"}],\"questionTitle\":\"在C语言中，哪个关键字用于定义常量？\",\"questionType\":1,\"score\":1,\"subjectId\":3},{\"analysis\":\"无\",\"correct\":\"C\",\"id\":66,\"itemOrder\":2,\"items\":[{\"content\":\"1001\",\"prefix\":\"A\"},{\"content\":\"1100\",\"prefix\":\"B\"},{\"content\":\"1000\",\"prefix\":\"C\"},{\"content\":\"1011\",\"prefix\":\"D\"}],\"questionTitle\":\"十进制数8转换为二进制数为\",\"questionType\":1,\"score\":1,\"subjectId\":3},{\"analysis\":\"1\",\"correct\":\"D\",\"id\":67,\"itemOrder\":3,\"items\":[{\"content\":\"+\",\"prefix\":\"A\"},{\"content\":\"/\",\"prefix\":\"B\"},{\"content\":\"*\",\"prefix\":\"C\"},{\"content\":\"%\",\"prefix\":\"D\"}],\"questionTitle\":\"在C语言中，运算对象必须是整形的运算符是\",\"questionType\":1,\"score\":1,\"subjectId\":3},{\"analysis\":\"无\",\"correct\":\"B\",\"id\":70,\"itemOrder\":4,\"items\":[{\"content\":\"print$\",\"prefix\":\"A\"},{\"content\":\"print_var\",\"prefix\":\"B\"},{\"content\":\"3print\",\"prefix\":\"C\"},{\"content\":\"print-\",\"prefix\":\"D\"}],\"questionTitle\":\"以下哪个是合法的C语言标识符?\",\"questionType\":1,\"score\":1,\"subjectId\":3}]}],\"paperType\":1,\"questionCount\":5,\"score\":5,\"subjectId\":3,\"suggestTime\":12123}}', 0, NULL, '2025-11-11 23:10:54', 27);

-- ----------------------------
-- Table structure for sys_post
-- ----------------------------
DROP TABLE IF EXISTS `sys_post`;
CREATE TABLE `sys_post`  (
  `post_id` bigint(20) NOT NULL AUTO_INCREMENT COMMENT '岗位ID',
  `post_code` varchar(64) CHARACTER SET utf8mb4 COLLATE utf8mb4_general_ci NOT NULL COMMENT '岗位编码',
  `post_name` varchar(50) CHARACTER SET utf8mb4 COLLATE utf8mb4_general_ci NOT NULL COMMENT '岗位名称',
  `post_sort` int(4) NOT NULL COMMENT '显示顺序',
  `status` char(1) CHARACTER SET utf8mb4 COLLATE utf8mb4_general_ci NOT NULL COMMENT '状态（0正常 1停用）',
  `create_by` varchar(64) CHARACTER SET utf8mb4 COLLATE utf8mb4_general_ci NULL DEFAULT '' COMMENT '创建者',
  `create_time` datetime NULL DEFAULT NULL COMMENT '创建时间',
  `update_by` varchar(64) CHARACTER SET utf8mb4 COLLATE utf8mb4_general_ci NULL DEFAULT '' COMMENT '更新者',
  `update_time` datetime NULL DEFAULT NULL COMMENT '更新时间',
  `remark` varchar(500) CHARACTER SET utf8mb4 COLLATE utf8mb4_general_ci NULL DEFAULT NULL COMMENT '备注',
  PRIMARY KEY (`post_id`) USING BTREE
) ENGINE = InnoDB AUTO_INCREMENT = 5 CHARACTER SET = utf8mb4 COLLATE = utf8mb4_general_ci COMMENT = '岗位信息表' ROW_FORMAT = Dynamic;

-- ----------------------------
-- Records of sys_post
-- ----------------------------
INSERT INTO `sys_post` VALUES (1, 'ceo', '董事长', 1, '0', 'admin', '2024-10-06 10:58:19', '', NULL, '');
INSERT INTO `sys_post` VALUES (2, 'se', '项目经理', 2, '0', 'admin', '2024-10-06 10:58:19', '', NULL, '');
INSERT INTO `sys_post` VALUES (3, 'hr', '人力资源', 3, '0', 'admin', '2024-10-06 10:58:19', '', NULL, '');
INSERT INTO `sys_post` VALUES (4, 'user', '普通员工', 4, '0', 'admin', '2024-10-06 10:58:19', '', NULL, '');

-- ----------------------------
-- Table structure for sys_role
-- ----------------------------
DROP TABLE IF EXISTS `sys_role`;
CREATE TABLE `sys_role`  (
  `role_id` bigint(20) NOT NULL AUTO_INCREMENT COMMENT '角色ID',
  `role_name` varchar(30) CHARACTER SET utf8mb4 COLLATE utf8mb4_general_ci NOT NULL COMMENT '角色名称',
  `role_key` varchar(100) CHARACTER SET utf8mb4 COLLATE utf8mb4_general_ci NOT NULL COMMENT '角色权限字符串',
  `role_sort` int(4) NOT NULL COMMENT '显示顺序',
  `data_scope` char(1) CHARACTER SET utf8mb4 COLLATE utf8mb4_general_ci NULL DEFAULT '1' COMMENT '数据范围（1：全部数据权限 2：自定数据权限 3：本部门数据权限 4：本部门及以下数据权限）',
  `menu_check_strictly` tinyint(1) NULL DEFAULT 1 COMMENT '菜单树选择项是否关联显示',
  `dept_check_strictly` tinyint(1) NULL DEFAULT 1 COMMENT '部门树选择项是否关联显示',
  `status` char(1) CHARACTER SET utf8mb4 COLLATE utf8mb4_general_ci NOT NULL COMMENT '角色状态（0正常 1停用）',
  `del_flag` char(1) CHARACTER SET utf8mb4 COLLATE utf8mb4_general_ci NULL DEFAULT '0' COMMENT '删除标志（0代表存在 2代表删除）',
  `create_by` varchar(64) CHARACTER SET utf8mb4 COLLATE utf8mb4_general_ci NULL DEFAULT '' COMMENT '创建者',
  `create_time` datetime NULL DEFAULT NULL COMMENT '创建时间',
  `update_by` varchar(64) CHARACTER SET utf8mb4 COLLATE utf8mb4_general_ci NULL DEFAULT '' COMMENT '更新者',
  `update_time` datetime NULL DEFAULT NULL COMMENT '更新时间',
  `remark` varchar(500) CHARACTER SET utf8mb4 COLLATE utf8mb4_general_ci NULL DEFAULT NULL COMMENT '备注',
  PRIMARY KEY (`role_id`) USING BTREE
) ENGINE = InnoDB AUTO_INCREMENT = 4 CHARACTER SET = utf8mb4 COLLATE = utf8mb4_general_ci COMMENT = '角色信息表' ROW_FORMAT = Dynamic;

-- ----------------------------
-- Records of sys_role
-- ----------------------------
INSERT INTO `sys_role` VALUES (1, '超级管理员', 'admin', 1, '1', 1, 1, '0', '0', 'admin', '2024-10-06 10:58:19', '', NULL, '超级管理员');
INSERT INTO `sys_role` VALUES (2, '普通角色', 'common', 2, '2', 1, 1, '0', '0', 'admin', '2024-10-06 10:58:19', '', NULL, '普通角色');
INSERT INTO `sys_role` VALUES (3, '教师', 'teacher', 3, '1', 1, 1, '0', '0', 'admin', '2024-10-25 21:49:38', 'admin', '2024-10-27 14:05:14', NULL);

-- ----------------------------
-- Table structure for sys_role_dept
-- ----------------------------
DROP TABLE IF EXISTS `sys_role_dept`;
CREATE TABLE `sys_role_dept`  (
  `role_id` bigint(20) NOT NULL COMMENT '角色ID',
  `dept_id` bigint(20) NOT NULL COMMENT '部门ID',
  PRIMARY KEY (`role_id`, `dept_id`) USING BTREE
) ENGINE = InnoDB CHARACTER SET = utf8mb4 COLLATE = utf8mb4_general_ci COMMENT = '角色和部门关联表' ROW_FORMAT = Dynamic;

-- ----------------------------
-- Records of sys_role_dept
-- ----------------------------
INSERT INTO `sys_role_dept` VALUES (2, 100);
INSERT INTO `sys_role_dept` VALUES (2, 101);
INSERT INTO `sys_role_dept` VALUES (2, 105);

-- ----------------------------
-- Table structure for sys_role_menu
-- ----------------------------
DROP TABLE IF EXISTS `sys_role_menu`;
CREATE TABLE `sys_role_menu`  (
  `role_id` bigint(20) NOT NULL COMMENT '角色ID',
  `menu_id` bigint(20) NOT NULL COMMENT '菜单ID',
  PRIMARY KEY (`role_id`, `menu_id`) USING BTREE
) ENGINE = InnoDB CHARACTER SET = utf8mb4 COLLATE = utf8mb4_general_ci COMMENT = '角色和菜单关联表' ROW_FORMAT = Dynamic;

-- ----------------------------
-- Records of sys_role_menu
-- ----------------------------
INSERT INTO `sys_role_menu` VALUES (2, 1);
INSERT INTO `sys_role_menu` VALUES (2, 2);
INSERT INTO `sys_role_menu` VALUES (2, 3);
INSERT INTO `sys_role_menu` VALUES (2, 4);
INSERT INTO `sys_role_menu` VALUES (2, 100);
INSERT INTO `sys_role_menu` VALUES (2, 101);
INSERT INTO `sys_role_menu` VALUES (2, 102);
INSERT INTO `sys_role_menu` VALUES (2, 103);
INSERT INTO `sys_role_menu` VALUES (2, 104);
INSERT INTO `sys_role_menu` VALUES (2, 105);
INSERT INTO `sys_role_menu` VALUES (2, 106);
INSERT INTO `sys_role_menu` VALUES (2, 107);
INSERT INTO `sys_role_menu` VALUES (2, 108);
INSERT INTO `sys_role_menu` VALUES (2, 109);
INSERT INTO `sys_role_menu` VALUES (2, 110);
INSERT INTO `sys_role_menu` VALUES (2, 111);
INSERT INTO `sys_role_menu` VALUES (2, 112);
INSERT INTO `sys_role_menu` VALUES (2, 113);
INSERT INTO `sys_role_menu` VALUES (2, 114);
INSERT INTO `sys_role_menu` VALUES (2, 115);
INSERT INTO `sys_role_menu` VALUES (2, 116);
INSERT INTO `sys_role_menu` VALUES (2, 117);
INSERT INTO `sys_role_menu` VALUES (2, 500);
INSERT INTO `sys_role_menu` VALUES (2, 501);
INSERT INTO `sys_role_menu` VALUES (2, 1000);
INSERT INTO `sys_role_menu` VALUES (2, 1001);
INSERT INTO `sys_role_menu` VALUES (2, 1002);
INSERT INTO `sys_role_menu` VALUES (2, 1003);
INSERT INTO `sys_role_menu` VALUES (2, 1004);
INSERT INTO `sys_role_menu` VALUES (2, 1005);
INSERT INTO `sys_role_menu` VALUES (2, 1006);
INSERT INTO `sys_role_menu` VALUES (2, 1007);
INSERT INTO `sys_role_menu` VALUES (2, 1008);
INSERT INTO `sys_role_menu` VALUES (2, 1009);
INSERT INTO `sys_role_menu` VALUES (2, 1010);
INSERT INTO `sys_role_menu` VALUES (2, 1011);
INSERT INTO `sys_role_menu` VALUES (2, 1012);
INSERT INTO `sys_role_menu` VALUES (2, 1013);
INSERT INTO `sys_role_menu` VALUES (2, 1014);
INSERT INTO `sys_role_menu` VALUES (2, 1015);
INSERT INTO `sys_role_menu` VALUES (2, 1016);
INSERT INTO `sys_role_menu` VALUES (2, 1017);
INSERT INTO `sys_role_menu` VALUES (2, 1018);
INSERT INTO `sys_role_menu` VALUES (2, 1019);
INSERT INTO `sys_role_menu` VALUES (2, 1020);
INSERT INTO `sys_role_menu` VALUES (2, 1021);
INSERT INTO `sys_role_menu` VALUES (2, 1022);
INSERT INTO `sys_role_menu` VALUES (2, 1023);
INSERT INTO `sys_role_menu` VALUES (2, 1024);
INSERT INTO `sys_role_menu` VALUES (2, 1025);
INSERT INTO `sys_role_menu` VALUES (2, 1026);
INSERT INTO `sys_role_menu` VALUES (2, 1027);
INSERT INTO `sys_role_menu` VALUES (2, 1028);
INSERT INTO `sys_role_menu` VALUES (2, 1029);
INSERT INTO `sys_role_menu` VALUES (2, 1030);
INSERT INTO `sys_role_menu` VALUES (2, 1031);
INSERT INTO `sys_role_menu` VALUES (2, 1032);
INSERT INTO `sys_role_menu` VALUES (2, 1033);
INSERT INTO `sys_role_menu` VALUES (2, 1034);
INSERT INTO `sys_role_menu` VALUES (2, 1035);
INSERT INTO `sys_role_menu` VALUES (2, 1036);
INSERT INTO `sys_role_menu` VALUES (2, 1037);
INSERT INTO `sys_role_menu` VALUES (2, 1038);
INSERT INTO `sys_role_menu` VALUES (2, 1039);
INSERT INTO `sys_role_menu` VALUES (2, 1040);
INSERT INTO `sys_role_menu` VALUES (2, 1041);
INSERT INTO `sys_role_menu` VALUES (2, 1042);
INSERT INTO `sys_role_menu` VALUES (2, 1043);
INSERT INTO `sys_role_menu` VALUES (2, 1044);
INSERT INTO `sys_role_menu` VALUES (2, 1045);
INSERT INTO `sys_role_menu` VALUES (2, 1046);
INSERT INTO `sys_role_menu` VALUES (2, 1047);
INSERT INTO `sys_role_menu` VALUES (2, 1048);
INSERT INTO `sys_role_menu` VALUES (2, 1049);
INSERT INTO `sys_role_menu` VALUES (2, 1050);
INSERT INTO `sys_role_menu` VALUES (2, 1051);
INSERT INTO `sys_role_menu` VALUES (2, 1052);
INSERT INTO `sys_role_menu` VALUES (2, 1053);
INSERT INTO `sys_role_menu` VALUES (2, 1054);
INSERT INTO `sys_role_menu` VALUES (2, 1055);
INSERT INTO `sys_role_menu` VALUES (2, 1056);
INSERT INTO `sys_role_menu` VALUES (2, 1057);
INSERT INTO `sys_role_menu` VALUES (2, 1058);
INSERT INTO `sys_role_menu` VALUES (2, 1059);
INSERT INTO `sys_role_menu` VALUES (2, 1060);
INSERT INTO `sys_role_menu` VALUES (3, 2000);
INSERT INTO `sys_role_menu` VALUES (3, 2011);
INSERT INTO `sys_role_menu` VALUES (3, 2012);
INSERT INTO `sys_role_menu` VALUES (3, 2013);
INSERT INTO `sys_role_menu` VALUES (3, 2014);
INSERT INTO `sys_role_menu` VALUES (3, 2016);
INSERT INTO `sys_role_menu` VALUES (3, 2018);
INSERT INTO `sys_role_menu` VALUES (3, 2019);
INSERT INTO `sys_role_menu` VALUES (3, 2020);
INSERT INTO `sys_role_menu` VALUES (3, 2021);
INSERT INTO `sys_role_menu` VALUES (3, 2022);
INSERT INTO `sys_role_menu` VALUES (3, 2023);
INSERT INTO `sys_role_menu` VALUES (3, 2025);
INSERT INTO `sys_role_menu` VALUES (3, 2032);
INSERT INTO `sys_role_menu` VALUES (3, 2033);
INSERT INTO `sys_role_menu` VALUES (3, 2034);
INSERT INTO `sys_role_menu` VALUES (3, 2038);
INSERT INTO `sys_role_menu` VALUES (3, 2039);
INSERT INTO `sys_role_menu` VALUES (3, 2040);
INSERT INTO `sys_role_menu` VALUES (3, 2044);

-- ----------------------------
-- Table structure for sys_user
-- ----------------------------
DROP TABLE IF EXISTS `sys_user`;
CREATE TABLE `sys_user`  (
  `user_id` bigint(20) NOT NULL AUTO_INCREMENT COMMENT '用户ID',
  `dept_id` bigint(20) NULL DEFAULT NULL COMMENT '部门ID',
  `user_name` varchar(30) CHARACTER SET utf8mb4 COLLATE utf8mb4_general_ci NOT NULL COMMENT '用户账号',
  `nick_name` varchar(30) CHARACTER SET utf8mb4 COLLATE utf8mb4_general_ci NOT NULL COMMENT '用户昵称',
  `user_type` varchar(2) CHARACTER SET utf8mb4 COLLATE utf8mb4_general_ci NULL DEFAULT '00' COMMENT '用户类型（00系统用户）',
  `email` varchar(50) CHARACTER SET utf8mb4 COLLATE utf8mb4_general_ci NULL DEFAULT '' COMMENT '用户邮箱',
  `phonenumber` varchar(11) CHARACTER SET utf8mb4 COLLATE utf8mb4_general_ci NULL DEFAULT '' COMMENT '手机号码',
  `sex` char(1) CHARACTER SET utf8mb4 COLLATE utf8mb4_general_ci NULL DEFAULT '0' COMMENT '用户性别（0男 1女 2未知）',
  `avatar` varchar(100) CHARACTER SET utf8mb4 COLLATE utf8mb4_general_ci NULL DEFAULT '' COMMENT '头像地址',
  `password` varchar(100) CHARACTER SET utf8mb4 COLLATE utf8mb4_general_ci NULL DEFAULT '' COMMENT '密码',
  `status` char(1) CHARACTER SET utf8mb4 COLLATE utf8mb4_general_ci NULL DEFAULT '0' COMMENT '帐号状态（0正常 1停用）',
  `del_flag` char(1) CHARACTER SET utf8mb4 COLLATE utf8mb4_general_ci NULL DEFAULT '0' COMMENT '删除标志（0代表存在 2代表删除）',
  `login_ip` varchar(128) CHARACTER SET utf8mb4 COLLATE utf8mb4_general_ci NULL DEFAULT '' COMMENT '最后登录IP',
  `login_date` datetime NULL DEFAULT NULL COMMENT '最后登录时间',
  `create_by` varchar(64) CHARACTER SET utf8mb4 COLLATE utf8mb4_general_ci NULL DEFAULT '' COMMENT '创建者',
  `create_time` datetime NULL DEFAULT NULL COMMENT '创建时间',
  `update_by` varchar(64) CHARACTER SET utf8mb4 COLLATE utf8mb4_general_ci NULL DEFAULT '' COMMENT '更新者',
  `update_time` datetime NULL DEFAULT NULL COMMENT '更新时间',
  `remark` varchar(500) CHARACTER SET utf8mb4 COLLATE utf8mb4_general_ci NULL DEFAULT NULL COMMENT '备注',
  PRIMARY KEY (`user_id`) USING BTREE
) ENGINE = InnoDB AUTO_INCREMENT = 5 CHARACTER SET = utf8mb4 COLLATE = utf8mb4_general_ci COMMENT = '用户信息表' ROW_FORMAT = Dynamic;

-- ----------------------------
-- Records of sys_user
-- ----------------------------
INSERT INTO `sys_user` VALUES (1, 103, 'admin', '若依', '00', 'ry@163.com', '15888888888', '1', '/profile/avatar/2024/10/18/barn_20241018221548A001.jpg', '$2a$10$MfStY83YAx61iz6DidjlQu52eHww54o6wfUDvhrBAKV7UZPge28Qq', '0', '0', '127.0.0.1', '2025-11-11 16:45:39', 'admin', '2024-10-06 10:58:18', '', '2025-11-11 16:45:39', '管理员');
INSERT INTO `sys_user` VALUES (2, 105, 'ry', '若依', '00', 'ry@qq.com', '15666666666', '1', '', '$2a$10$1ZKzt6I5aZH1OsvhPetJfeVtLgotlLsMfKy3v7E0UWJpmb.TGmJIK', '0', '0', '127.0.0.1', '2024-10-06 10:58:19', 'admin', '2024-10-06 10:58:19', '', NULL, '测试员');
INSERT INTO `sys_user` VALUES (3, 100, 'zww', 'zww', '00', '1626016153@qq.com', '15266666666', '2', '', '$2a$10$1ZKzt6I5aZH1OsvhPetJfeVtLgotlLsMfKy3v7E0UWJpmb.TGmJIK', '0', '0', '127.0.0.1', '2025-11-12 21:35:52', 'admin', '2024-10-25 21:48:10', 'admin', '2025-11-12 21:35:52', '可以增加学生账号，编写试卷，编写题目');
INSERT INTO `sys_user` VALUES (4, 1132, '123', '123', '00', '', '', '0', '', '$2a$10$1ZKzt6I5aZH1OsvhPetJfeVtLgotlLsMfKy3v7E0UWJpmb.TGmJIK', '0', '0', '127.0.0.1', '2024-10-27 14:04:53', '', NULL, 'admin', '2024-10-27 14:04:53', NULL);

-- ----------------------------
-- Table structure for sys_user_post
-- ----------------------------
DROP TABLE IF EXISTS `sys_user_post`;
CREATE TABLE `sys_user_post`  (
  `user_id` bigint(20) NOT NULL COMMENT '用户ID',
  `post_id` bigint(20) NOT NULL COMMENT '岗位ID',
  PRIMARY KEY (`user_id`, `post_id`) USING BTREE
) ENGINE = InnoDB CHARACTER SET = utf8mb4 COLLATE = utf8mb4_general_ci COMMENT = '用户与岗位关联表' ROW_FORMAT = Dynamic;

-- ----------------------------
-- Records of sys_user_post
-- ----------------------------
INSERT INTO `sys_user_post` VALUES (1, 1);
INSERT INTO `sys_user_post` VALUES (2, 2);

-- ----------------------------
-- Table structure for sys_user_role
-- ----------------------------
DROP TABLE IF EXISTS `sys_user_role`;
CREATE TABLE `sys_user_role`  (
  `user_id` bigint(20) NOT NULL COMMENT '用户ID',
  `role_id` bigint(20) NOT NULL COMMENT '角色ID',
  PRIMARY KEY (`user_id`, `role_id`) USING BTREE
) ENGINE = InnoDB CHARACTER SET = utf8mb4 COLLATE = utf8mb4_general_ci COMMENT = '用户和角色关联表' ROW_FORMAT = Dynamic;

-- ----------------------------
-- Records of sys_user_role
-- ----------------------------
INSERT INTO `sys_user_role` VALUES (1, 1);
INSERT INTO `sys_user_role` VALUES (2, 2);
INSERT INTO `sys_user_role` VALUES (3, 3);
INSERT INTO `sys_user_role` VALUES (4, 3);

SET FOREIGN_KEY_CHECKS = 1;
